Workbook

Sheet チェック対象管理
A1: チェック | B1: シート名 | C1: マッピング | D1: マスターURL | E1: 最終チェック日時 | F1: 結果
A2: FALSE | B2: 1話 | C2: マッピング設定シート_new | D2: https://docs.google.com/spreadsheets/d/1TS8YjnOCA1QWgrPJa5HzzKVS7WefPnRxDbr5XFhNQ5o/edit?gid=1350936069#gid=1350936069 | E2: 46027.68 | F2: ✅ OK
A3: FALSE | B3: 2話 | C3: マッピング設定シート_new | D3: https://docs.google.com/spreadsheets/d/1TS8YjnOCA1QWgrPJa5HzzKVS7WefPnRxDbr5XFhNQ5o/edit?gid=1350936069#gid=1350936069 | E3: 46027.68 | F3: ✅ OK
A4: FALSE | B4: 3話 | C4: マッピング設定シート_new | D4: https://docs.google.com/spreadsheets/d/1TS8YjnOCA1QWgrPJa5HzzKVS7WefPnRxDbr5XFhNQ5o/edit?gid=1350936069#gid=1350936069 | E4: 46027.68 | F4: ✅ OK
A5: FALSE | B5: 4話 | C5: マッピング設定シート_new | D5: https://docs.google.com/spreadsheets/d/1TS8YjnOCA1QWgrPJa5HzzKVS7WefPnRxDbr5XFhNQ5o/edit?gid=1350936069#gid=1350936069 | E5: 46027.68 | F5: ✅ OK
A6: FALSE | B6: 5話 | C6: マッピング設定シート_new | D6: https://docs.google.com/spreadsheets/d/1TS8YjnOCA1QWgrPJa5HzzKVS7WefPnRxDbr5XFhNQ5o/edit?gid=1350936069#gid=1350936069 | E6: 46027.68 | F6: ✅ OK
A7: TRUE | B7: 6話 | C7: マッピング設定シート_new | D7: https://docs.google.com/spreadsheets/d/1TS8YjnOCA1QWgrPJa5HzzKVS7WefPnRxDbr5XFhNQ5o/edit?gid=1350936069#gid=1350936069 | E7: 46027.68 | F7: ✅ OK
A8: FALSE
A9: FALSE
A10: FALSE
A11: FALSE
A12: FALSE
A13: FALSE
A14: FALSE
A15: FALSE
A16: FALSE
A17: FALSE
A18: FALSE
A19: FALSE

Sheet MstAutoPlayerSequence
A1: シート名 | B1: id | C1: sequence_set_id | D1: sequence_group_id | E1: sequence_element_id | F1: priority_sequence_element_id | G1: condition_type | H1: condition_value | I1: action_type | J1: action_value | K1: action_value2 | L1: summon_count | M1: summon_interval | N1: summon_animation_type | O1: summon_position | P1: move_start_condition_type | Q1: move_start_condition_value | R1: move_stop_condition_type | S1: move_stop_condition_value | T1: move_restart_condition_type | U1: move_restart_condition_value | V1: move_loop_count | W1: is_summon_unit_outpost_damage_invalidation | X1: last_boss_trigger | Y1: aura_type | Z1: death_type | AA1: enemy_hp_coef | AB1: enemy_attack_coef | AC1: enemy_speed_coef | AD1: override_drop_battle_point | AE1: defeated_score | AF1: action_delay | AG1: deactivation_condition_type | AH1: deactivation_condition_value | AI1: release_key
A2: 6話 | C2: event_jig1_charaget01_00006 | E2: 1 | G2: ElapsedTime | H2: 500 | I2: SummonEnemy | J2: e_jig_00601_jig1_charaget01_Boss_Colorless | L2: 1 | M2: 0 | N2: None | P2: None | R2: None | T2: None | W2: TRUE | Y2: Default | Z2: Normal | AA2: 15 | AB2: 4.5 | AC2: 1 | AD2: 200 | AE2: 0 | AG2: None | AI2: 202601010
A3: 6話 | C3: event_jig1_charaget01_00006 | E3: 2 | G3: ElapsedTime | H3: 3500 | I3: SummonEnemy | J3: e_jig_00301_jig1_charaget01_Normal_Green | L3: 2 | M3: 2000 | N3: None | P3: None | R3: None | T3: None | W3: FALSE | Y3: Default | Z3: Normal | AA3: 30 | AB3: 3 | AC3: 1 | AD3: 100 | AE3: 0 | AG3: None | AI3: 202601010
A4: 6話 | C4: event_jig1_charaget01_00006 | E4: 3 | G4: ElapsedTime | H4: 2000 | I4: SummonEnemy | J4: e_jig_00001_jig1_charaget01_Normal_Colorless | L4: 2 | M4: 2000 | N4: None | P4: None | R4: None | T4: None | W4: FALSE | Y4: Default | Z4: Normal | AA4: 80 | AB4: 1.5 | AC4: 1 | AD4: 50 | AE4: 0 | AG4: None | AI4: 202601010
A5: 6話 | C5: event_jig1_charaget01_00006 | E5: 4 | G5: ElapsedTime | H5: 800 | I5: SummonEnemy | J5: e_jig_00401_jig1_charaget01_Normal_Green | L5: 2 | M5: 50 | N5: None | P5: None | R5: None | T5: None | W5: FALSE | Y5: Default | Z5: Normal | AA5: 10 | AB5: 2 | AC5: 1 | AD5: 100 | AE5: 0 | AG5: None | AI5: 202601010
A6: 6話 | C6: event_jig1_charaget01_00006 | E6: 5 | G6: ElapsedTime | H6: 200 | I6: SummonEnemy | J6: e_jig_00402_jig1_charaget01_Normal_Colorless | L6: 1 | M6: 50 | N6: None | P6: None | R6: None | T6: None | W6: FALSE | Y6: Default | Z6: Normal | AA6: 40 | AB6: 1 | AC6: 1 | AD6: 100 | AE6: 0 | AG6: None | AI6: 202601010
A7: 6話 | C7: event_jig1_charaget01_00006 | E7: 6 | G7: ElapsedTime | H7: 2700 | I7: SummonEnemy | J7: e_jig_00401_jig1_charaget01_Normal_Green | L7: 3 | M7: 50 | N7: None | P7: None | R7: None | T7: None | W7: FALSE | Y7: Default | Z7: Normal | AA7: 10 | AB7: 2 | AC7: 1 | AD7: 50 | AE7: 0 | AG7: None | AI7: 202601010
A8: 6話 | C8: event_jig1_charaget01_00006 | E8: 7 | G8: ElapsedTime | H8: 3500 | I8: SummonEnemy | J8: e_jig_00402_jig1_charaget01_Normal_Colorless | L8: 3 | M8: 50 | N8: None | P8: None | R8: None | T8: None | W8: FALSE | Y8: Default | Z8: Normal | AA8: 40 | AB8: 1 | AC8: 1 | AD8: 50 | AE8: 0 | AG8: None | AI8: 202601010
A9: 6話 | C9: event_jig1_charaget01_00006 | E9: 8 | G9: ElapsedTime | H9: 4500 | I9: SummonEnemy | J9: e_jig_00401_jig1_charaget01_Normal_Green | L9: 10 | M9: 500 | N9: None | P9: None | R9: None | T9: None | W9: FALSE | Y9: Default | Z9: Normal | AA9: 10 | AB9: 2 | AC9: 1 | AD9: 50 | AE9: 0 | AG9: None | AI9: 202601010
A10: 5話 | C10: event_jig1_charaget01_00005 | E10: 1 | G10: InitialSummon | H10: 0 | I10: SummonEnemy | J10: e_jig_00601_jig1_charaget01_Boss_Colorless | L10: 1 | M10: 0 | N10: None | O10: 0.7 | P10: Damage | Q10: 1 | R10: None | T10: None | W10: TRUE | Y10: Default | Z10: Normal | AA10: 12 | AB10: 4.5 | AC10: 1 | AD10: 200 | AE10: 0 | AG10: None | AI10: 202601010
A11: 5話 | C11: event_jig1_charaget01_00005 | E11: 2 | G11: ElapsedTime | H11: 2500 | I11: SummonEnemy | J11: e_jig_00301_jig1_charaget01_Normal_Green | L11: 2 | M11: 2000 | N11: None | P11: None | R11: None | T11: None | W11: FALSE | Y11: Default | Z11: Normal | AA11: 23 | AB11: 3 | AC11: 1 | AD11: 100 | AE11: 0 | AG11: None | AI11: 202601010
A12: 5話 | C12: event_jig1_charaget01_00005 | E12: 3 | G12: FriendUnitDead | H12: 2 | I12: SummonEnemy | J12: e_jig_00301_jig1_charaget01_Normal_Green | L12: 1 | M12: 0 | N12: None | P12: None | R12: None | T12: None | W12: FALSE | Y12: Default | Z12: Normal | AA12: 23 | AB12: 3 | AC12: 1 | AD12: 100 | AE12: 0 | AF12: 1750 | AG12: None | AI12: 202601010
A13: 5話 | C13: event_jig1_charaget01_00005 | E13: 4 | G13: ElapsedTime | H13: 1200 | I13: SummonEnemy | J13: e_jig_00401_jig1_charaget01_Normal_Green | L13: 5 | M13: 1500 | N13: None | P13: None | R13: None | T13: None | W13: FALSE | Y13: Default | Z13: Normal | AA13: 10 | AB13: 2.5 | AC13: 1 | AD13: 100 | AE13: 0 | AG13: None | AI13: 202601010
A14: 5話 | C14: event_jig1_charaget01_00005 | E14: 5 | G14: ElapsedTime | H14: 800 | I14: SummonEnemy | J14: e_jig_00402_jig1_charaget01_Normal_Colorless | L14: 5 | M14: 800 | N14: None | P14: None | R14: None | T14: None | W14: FALSE | Y14: Default | Z14: Normal | AA14: 32 | AB14: 1.5 | AC14: 1 | AD14: 100 | AE14: 0 | AG14: None | AI14: 202601010
A15: 5話 | C15: event_jig1_charaget01_00005 | E15: 6 | G15: OutpostHpPercentage | H15: 99 | I15: SummonEnemy | J15: e_jig_00301_jig1_charaget01_Normal_Green | L15: 1 | M15: 0 | N15: None | P15: None | R15: None | T15: None | W15: FALSE | Y15: Default | Z15: Normal | AA15: 23 | AB15: 3 | AC15: 1 | AD15: 50 | AE15: 0 | AF15: 300 | AG15: None | AI15: 202601010
A16: 5話 | C16: event_jig1_charaget01_00005 | E16: 7 | G16: OutpostHpPercentage | H16: 99 | I16: SummonEnemy | J16: e_jig_00402_jig1_charaget01_Normal_Colorless | L16: 1 | M16: 0 | N16: None | P16: None | R16: None | T16: None | W16: FALSE | Y16: Default | Z16: Normal | AA16: 32 | AB16: 1.5 | AC16: 1 | AD16: 50 | AE16: 0 | AF16: 50 | AG16: None | AI16: 202601010
A17: 4話 | C17: event_jig1_charaget01_00004 | E17: 1 | G17: ElapsedTime | H17: 550 | I17: SummonEnemy | J17: c_jig_00201_jig1_charaget01_Boss_Green | L17: 1 | M17: 0 | N17: None | P17: None | R17: None | T17: None | W17: FALSE | Y17: Default | Z17: Normal | AA17: 6 | AB17: 4 | AC17: 1 | AD17: 200 | AE17: 0 | AG17: None | AI17: 202601010
A18: 4話 | C18: event_jig1_charaget01_00004 | E18: 2 | G18: ElapsedTime | H18: 200 | I18: SummonEnemy | J18: c_jig_00301_jig1_charaget01_Boss_Colorless | L18: 1 | M18: 0 | N18: None | P18: None | R18: None | T18: None | W18: FALSE | Y18: Default | Z18: Normal | AA18: 12 | AB18: 3 | AC18: 1 | AD18: 200 | AE18: 0 | AG18: None | AI18: 202601010
A19: 4話 | C19: event_jig1_charaget01_00004 | E19: 3 | G19: FriendUnitDead | H19: 1 | I19: SummonEnemy | J19: e_jig_00301_jig1_charaget01_Normal_Green | L19: 1 | M19: 0 | N19: None | P19: None | R19: None | T19: None | W19: FALSE | Y19: Default | Z19: Normal | AA19: 15 | AB19: 4 | AC19: 1 | AD19: 100 | AE19: 0 | AF19: 50 | AG19: None | AI19: 202601010
A20: 4話 | C20: event_jig1_charaget01_00004 | E20: 4 | G20: ElapsedTime | H20: 800 | I20: SummonEnemy | J20: e_jig_00401_jig1_charaget01_Normal_Green | L20: 4 | M20: 250 | N20: None | P20: None | R20: None | T20: None | W20: FALSE | Y20: Default | Z20: Normal | AA20: 1 | AB20: 2.5 | AC20: 1 | AD20: 50 | AE20: 0 | AG20: None | AI20: 202601010
A21: 4話 | C21: event_jig1_charaget01_00004 | E21: 5 | G21: FriendUnitDead | H21: 2 | I21: SummonEnemy | J21: e_jig_00402_jig1_charaget01_Normal_Colorless | L21: 2 | M21: 50 | N21: None | P21: None | R21: None | T21: None | W21: FALSE | Y21: Default | Z21: Normal | AA21: 30 | AB21: 1.5 | AC21: 1 | AD21: 50 | AE21: 0 | AF21: 50 | AG21: None | AI21: 202601010
A22: 3話 | C22: event_jig1_charaget01_00003 | E22: 1 | G22: EnterTargetKomaIndex | H22: 1 | I22: SummonEnemy | J22: c_jig_00001_jig1_charaget01_Boss_Yellow | L22: 1 | M22: 0 | N22: None | P22: None | R22: None | T22: None | W22: FALSE | Y22: Default | Z22: Normal | AA22: 4 | AB22: 2 | AC22: 1 | AD22: 200 | AE22: 0 | AF22: 50 | AG22: None | AI22: 202601010
A23: 3話 | C23: event_jig1_charaget01_00003 | E23: 2 | G23: EnterTargetKomaIndex | H23: 1 | I23: SummonEnemy | J23: c_jig_00101_jig1_charaget01_Boss_Yellow | L23: 1 | M23: 0 | N23: None | P23: None | R23: None | T23: None | W23: FALSE | Y23: Default | Z23: Normal | AA23: 3 | AB23: 3 | AC23: 1 | AD23: 200 | AE23: 0 | AF23: 300 | AG23: None | AI23: 202601010
A24: 3話 | C24: event_jig1_charaget01_00003 | E24: 3 | G24: InitialSummon | H24: 1 | I24: SummonEnemy | J24: e_jig_00402_jig1_charaget01_Normal_Colorless | L24: 1 | M24: 0 | N24: None | O24: 1.7 | P24: EnterTargetKoma | Q24: 1 | R24: None | T24: None | W24: FALSE | Y24: Default | Z24: Normal | AA24: 20 | AB24: 0.8 | AC24: 1 | AD24: 50 | AE24: 0 | AG24: None | AI24: 202601010
A25: 3話 | C25: event_jig1_charaget01_00003 | E25: 4 | G25: FriendUnitDead | H25: 3 | I25: SummonEnemy | J25: e_jig_00402_jig1_charaget01_Normal_Colorless | L25: 2 | M25: 50 | N25: None | P25: None | R25: None | T25: None | W25: FALSE | Y25: Default | Z25: Normal | AA25: 20 | AB25: 0.8 | AC25: 1 | AD25: 50 | AE25: 0 | AG25: None | AI25: 202601010
A26: 3話 | C26: event_jig1_charaget01_00003 | E26: 5 | G26: ElapsedTime | H26: 1500 | I26: SummonEnemy | J26: e_jig_00402_jig1_charaget01_Normal_Colorless | L26: 1 | M26: 0 | N26: None | P26: None | R26: None | T26: None | W26: FALSE | Y26: Default | Z26: Normal | AA26: 20 | AB26: 0.8 | AC26: 1 | AD26: 50 | AE26: 0 | AG26: None | AI26: 202601010
A27: 3話 | C27: event_jig1_charaget01_00003 | E27: 6 | G27: FriendUnitDead | H27: 2 | I27: SummonEnemy | J27: e_jig_00402_jig1_charaget01_Normal_Colorless | L27: 3 | M27: 1000 | N27: None | P27: None | R27: None | T27: None | W27: FALSE | Y27: Default | Z27: Normal | AA27: 20 | AB27: 0.8 | AC27: 1 | AD27: 50 | AE27: 0 | AF27: 50 | AG27: None | AI27: 202601010
A28: 2話 | C28: event_jig1_charaget01_00002 | E28: 1 | G28: FriendUnitDead | H28: 3 | I28: SummonEnemy | J28: c_jig_00101_jig1_charaget01_Boss_Yellow | L28: 1 | M28: 0 | N28: None | P28: None | R28: None | T28: None | W28: FALSE | Y28: Default | Z28: Normal | AA28: 2.5 | AB28: 3 | AC28: 1 | AD28: 200 | AE28: 0 | AF28: 50 | AG28: None | AI28: 202601010
A29: 2話 | C29: event_jig1_charaget01_00002 | E29: 2 | G29: InitialSummon | H29: 0 | I29: SummonEnemy | J29: e_jig_00501_jig1_charaget01_Boss_Colorless | L29: 1 | M29: 0 | N29: None | O29: 1.4 | P29: EnterTargetKoma | Q29: 1 | R29: None | T29: None | W29: FALSE | Y29: Default | Z29: Normal | AA29: 9 | AB29: 0.8 | AC29: 1 | AD29: 200 | AE29: 0 | AG29: None | AI29: 202601010
A30: 2話 | C30: event_jig1_charaget01_00002 | E30: 3 | G30: ElapsedTime | H30: 250 | I30: SummonEnemy | J30: e_jig_00401_jig1_charaget01_Normal_Green | L30: 2 | M30: 50 | N30: None | P30: None | R30: None | T30: None | W30: FALSE | Y30: Default | Z30: Normal | AA30: 5 | AB30: 0.5 | AC30: 1 | AD30: 75 | AE30: 0 | AG30: None | AI30: 202601010
A31: 2話 | C31: event_jig1_charaget01_00002 | E31: 4 | G31: ElapsedTime | H31: 1700 | I31: SummonEnemy | J31: e_jig_00401_jig1_charaget01_Normal_Green | L31: 2 | M31: 50 | N31: None | P31: None | R31: None | T31: None | W31: FALSE | Y31: Default | Z31: Normal | AA31: 5 | AB31: 0.5 | AC31: 1 | AD31: 75 | AE31: 0 | AG31: None | AI31: 202601010
A32: 2話 | C32: event_jig1_charaget01_00002 | E32: 5 | G32: ElapsedTime | H32: 2200 | I32: SummonEnemy | J32: e_jig_00301_jig1_charaget01_Normal_Green | L32: 1 | M32: 0 | N32: None | P32: None | R32: None | T32: None | W32: FALSE | Y32: Default | Z32: Normal | AA32: 8 | AB32: 1 | AC32: 1 | AD32: 75 | AE32: 0 | AG32: None | AI32: 202601010
A33: 1話 | C33: event_jig1_charaget01_00001 | E33: 1 | G33: ElapsedTime | H33: 300 | I33: SummonEnemy | J33: e_jig_00402_jig1_charaget01_Normal_Colorless | L33: 3 | M33: 200 | N33: None | P33: None | R33: None | T33: None | W33: FALSE | Y33: Default | Z33: Normal | AA33: 1 | AB33: 0.5 | AC33: 1 | AD33: 75 | AE33: 0 | AG33: None | AI33: 202601010
A34: 1話 | C34: event_jig1_charaget01_00001 | E34: 2 | G34: FriendUnitDead | H34: 1 | I34: SummonEnemy | J34: e_jig_00402_jig1_charaget01_Normal_Colorless | L34: 2 | M34: 50 | N34: None | P34: None | R34: None | T34: None | W34: FALSE | Y34: Default | Z34: Normal | AA34: 1 | AB34: 0.5 | AC34: 1 | AD34: 75 | AE34: 0 | AF34: 250 | AG34: None | AI34: 202601010
A35: 1話 | C35: event_jig1_charaget01_00001 | E35: 3 | G35: OutpostHpPercentage | H35: 99 | I35: SummonEnemy | J35: e_jig_00402_jig1_charaget01_Normal_Colorless | L35: 2 | M35: 50 | N35: None | P35: None | R35: None | T35: None | W35: FALSE | Y35: Default | Z35: Normal | AA35: 1 | AB35: 0.5 | AC35: 1 | AD35: 75 | AE35: 0 | AG35: None | AI35: 202601010
A36: 1話 | C36: event_jig1_charaget01_00001 | E36: 4 | G36: ElapsedTime | H36: 350 | I36: SummonEnemy | J36: e_jig_00401_jig1_charaget01_Normal_Green | L36: 2 | M36: 50 | N36: None | P36: None | R36: None | T36: None | W36: FALSE | Y36: Default | Z36: Normal | AA36: 6 | AB36: 2 | AC36: 1 | AD36: 100 | AE36: 0 | AG36: None | AI36: 202601010
A37: 1話 | C37: event_jig1_charaget01_00001 | E37: 5 | G37: ElapsedTime | H37: 99 | I37: SummonEnemy | J37: e_jig_00401_jig1_charaget01_Normal_Green | L37: 1 | M37: 50 | N37: None | P37: None | R37: None | T37: None | W37: FALSE | Y37: Default | Z37: Normal | AA37: 6 | AB37: 2 | AC37: 1 | AD37: 100 | AE37: 0 | AG37: None | AI37: 202601010

Sheet master_config
A1: master名 | B1: startRow | C1: startCol
A2: MstAutoPlayerSequence | B2: 3 | C2: 2

Sheet マッピング設定シート_new
A1: 項目名 | B1: 方向 | C1: マスター名 | D1: チェック無視 | E1: マスター列名 | F1: ユニークキー | G1: 展開タイプ | H1: 空白無視
B2: ▼ | C2: MstAutoPlayerSequence | D2: TRUE | E2: id | F2: TRUE | G2: 通常 | H2: TRUE
A3: 敵ゲートID | B3: ▼ | C3: MstAutoPlayerSequence | D3: FALSE | E3: sequence_set_id | G3: 下方継承 | H3: FALSE
A4: sequence_group_id | B4: ▼ | C4: MstAutoPlayerSequence | D4: FALSE | E4: sequence_group_id | G4: 通常 | H4: FALSE
A5: sequence_element_id | B5: ▼ | C5: MstAutoPlayerSequence | D5: FALSE | E5: sequence_element_id | F5: TRUE | G5: 通常 | H5: TRUE
A6: priority_sequence_element_id | B6: ▼ | C6: MstAutoPlayerSequence | D6: FALSE | E6: priority_sequence_element_id | G6: 通常 | H6: FALSE
A7: condition_type | B7: ▼ | C7: MstAutoPlayerSequence | D7: FALSE | E7: condition_type | G7: 通常 | H7: FALSE
A8: condition_value | B8: ▼ | C8: MstAutoPlayerSequence | D8: FALSE | E8: condition_value | G8: 通常 | H8: FALSE
A9: action_type | B9: ▼ | C9: MstAutoPlayerSequence | D9: FALSE | E9: action_type | G9: 通常 | H9: FALSE
A10: action_value | B10: ▼ | C10: MstAutoPlayerSequence | D10: FALSE | E10: action_value | G10: 通常 | H10: FALSE
A11: action_value2 | B11: ▼ | C11: MstAutoPlayerSequence | D11: FALSE | E11: action_value2 | G11: 通常 | H11: FALSE
A12: summon_count | B12: ▼ | C12: MstAutoPlayerSequence | D12: FALSE | E12: summon_count | G12: 通常 | H12: FALSE
A13: summon_interval | B13: ▼ | C13: MstAutoPlayerSequence | D13: FALSE | E13: summon_interval | G13: 通常 | H13: FALSE
A14: summon_animation_type | B14: ▼ | C14: MstAutoPlayerSequence | D14: FALSE | E14: summon_animation_type | G14: 通常 | H14: FALSE
A15: summon_position | B15: ▼ | C15: MstAutoPlayerSequence | D15: FALSE | E15: summon_position | G15: 通常 | H15: FALSE
A16: move_start_condition_type | B16: ▼ | C16: MstAutoPlayerSequence | D16: FALSE | E16: move_start_condition_type | G16: 通常 | H16: FALSE
A17: move_start_condition_value | B17: ▼ | C17: MstAutoPlayerSequence | D17: FALSE | E17: move_start_condition_value | G17: 通常 | H17: FALSE
... A35: リリースキー | B35: ▼ | C35: MstAutoPlayerSequence | D35: FALSE | E35: release_key | G35: 下方継承 | H35: FALSE

Sheet ステージ概要
B2: 作成開始日 | E2: 担当者 | P2: クエストフレーバーテキスト（最大18文字×8行） | AA2: 文字数
B3: 46000 | E3: 前田 | AA3: =len(P3)
AA4: =len(P4)
AA5: =len(P5)
B6: クエスト名 | E6: =iferror(VLOOKUP(E7,'クエストID_管理'!F:G,2,false),"クエストIDを入力してください,又はクエストID_管理シートの関数を有効化してください") | AA6: =len(P6)
B7: クエストID | E7: quest_event_jig1_charaget01 | AA7: =len(P7)
B8: クエスト種類 | E8: イベントクエスト | AA8: =len(P8)
B9: リリースキー | E9: 202601010 | AA9: =len(P9)
AA10: =len(P10)
P11: ※!（エクスクラメーションマーク）は半角で
B12: 開催期間
B13: 開始日時 | D13: 46038 | G13: 15:00:00 | J13: から
B14: 終了日時 | D14: 46069 | G14: 10:59:59 | J14: 終了
B16: クエストトップ表示キャラID | E16: キャラ名 | H16: セリフ1 | K16: セリフ2 | N16: セリフ3
B17: chara_jig_00701 | E17: メイ | H17: モウ一度ダケ… 会イタイ | K17: 手打ち | N17: 手打ち
E18: error | H18: 手打ち | K18: 手打ち | N18: 手打ち
E19: error | H19: 手打ち | K19: 手打ち | N19: 手打ち

Sheet 早見表
B1: 元シート | C1: GLOW_クエストレギュレーション
B2: 推奨PTLv | C2: 難易度 | D2: 雑魚HP RPG系 | G2: 雑魚ATK※バフ考慮外 | J2: ボスHP | M2: ボスATK※バフ考慮外 | P2: ゲートHP | Q2: 備考
D3: ディフェンス | E3: アタック / テクニカル | F3: サポート | G3: ディフェンス | H3: アタック / テクニカル | I3: サポート | J3: ディフェンス | K3: アタック / テクニカル | L3: サポート | M3: ディフェンス | N3: アタック / テクニカル | O3: サポート | P3: 各ステージ毎に調整
B4: Lv1~/星1 | C4: Normal 1 | D4: 5600 | E4: 1050 | F4: 2450 | G4: 21 | H4: 70 | I4: 35 | J4: 56000 | K4: 10500 | L4: 24500 | M4: 56 | N4: 140 | O4: 84 | P4: 5000
B5: Lv2~/星1 | C5: Normal 2 | D5: 6300 | E5: 1400 | F5: 2800 | G5: 28 | H5: 84 | I5: 49 | J5: 63000 | K5: 14000 | L5: 28000 | M5: 56 | N5: 140 | O5: 84 | P5: 5000
B6: Lv3~/星1 | C6: Normal 3 | D6: 7000 | E6: 2450 | F6: 3150 | G6: 49 | H6: 119 | I6: 70 | J6: 70000 | K6: 24500 | L6: 31500 | M6: 84 | N6: 175 | O6: 105 | P6: 5000
B7: Lv5~/星1 | C7: Normal 4 | D7: 8400 | E7: 3150 | F7: 3500 | G7: 70 | H7: 140 | I7: 91 | J7: 84000 | K7: 31500 | L7: 35000 | M7: 84 | N7: 175 | O7: 105 | P7: 15000
B8: Lv7~/星1 | C8: Normal 5 | D8: 9800 | E8: 3850 | F8: 3850 | G8: 84 | H8: 175 | I8: 105 | J8: 98000 | K8: 38500 | L8: 38500 | M8: 98 | N8: 210 | O8: 126 | P8: 15000
B9: Lv10~/星1 | C9: Normal 6 | D9: 11900 | E9: 4900 | F9: 5600 | G9: 105 | H9: 210 | I9: 140 | J9: 119000 | K9: 49000 | L9: 56000 | M9: 119 | N9: 350 | O9: 210 | P9: 25000
B10: Lv15~/星1 | C10: Normal 7 | D10: 15400 | E10: 6650 | F10: 7000 | G10: 140 | H10: 280 | I10: 210 | J10: 154000 | K10: 66500 | L10: 70000 | M10: 140 | N10: 420 | O10: 280 | P10: 25000
B11: Lv20~/星1 | C11: Normal 8 | D11: 18900 | E11: 8400 | F11: 9100 | G11: 210 | H11: 350 | I11: 245 | J11: 189000 | K11: 84000 | L11: 91000 | M11: 210 | N11: 490 | O11: 350 | P11: 25000
B12: Lv25~/星1 | C12: Normal 9 | D12: 22400 | E12: 10150 | F12: 11900 | G12: 280 | H12: 420 | I12: 245 | J12: 224000 | K12: 101500 | L12: 119000 | M12: 280 | N12: 560 | O12: 420 | P12: 30000
B13: Lv30~/星1 | C13: Normal 10 | D13: 26600 | E13: 11900 | F13: 14700 | G13: 350 | H13: 560 | I13: 350 | J13: 266000 | K13: 119000 | L13: 147000 | M13: 350 | N13: 770 | O13: 490 | P13: 30000
B14: Lv35~/星1 | C14: Normal 11 | D14: 31500 | E14: 14000 | F14: 17500 | G14: 350 | H14: 700 | I14: 420 | J14: 315000 | K14: 140000 | L14: 175000 | M14: 420 | N14: 840 | O14: 560 | P14: 30000
B15: Lv40~/星1 | C15: Normal 12,13 Hard ~3 | D15: 38500 | E15: 16800 | F15: 20300 | G15: 420 | H15: 840 | I15: 490 | J15: 350000 | K15: 175000 | L15: 231000 | M15: 490 | N15: 980 | O15: 700 | P15: 50000
... B17: Lv50~/星1 | C17: Normal 16 Hard ~6 | D17: 49000 | E17: 21000 | F17: 26600 | G17: 490 | H17: 1120 | I17: 630 | J17: 490000 | K17: 245000 | L17: 315000 | M17: 630 | N17: 1260 | O17: 910 | P17: 50000
B18: Lv55~/星1 | D18: 56000 | E18: 24500 | F18: 30100 | G18: 490 | H18: 1260 | I18: 700 | J18: 560000 | K18: 280000 | L18: 350000 | M18: 700 | N18: 1400 | O18: 910 | P18: 50000
B19: Lv60~/星1 | C19: Hard ~9 | D19: 63000 | E19: 28000 | F19: 33600 | G19: 560 | H19: 1400 | I19: 770 | J19: 630000 | K19: 350000 | L19: 420000 | M19: 770 | N19: 1540 | O19: 1050 | P19: 75000
B20: Lv65~/星1 | D20: 70000 | E20: 31500 | F20: 37100 | G20: 560 | H20: 1540 | I20: 840 | J20: 770000 | K20: 420000 | L20: 560000 | M20: 840 | N20: 1750 | O20: 1120 | P20: 75000
B21: Lv70~/星1 | C21: Hard ~13 | D21: 77000 | E21: 35000 | F21: 43400 | G21: 630 | H21: 1680 | I21: 910 | J21: 980000 | K21: 560000 | L21: 700000 | M21: 910 | N21: 1960 | O21: 1260 | P21: 75000
B22: Lv75~/星1 | D22: 84000 | E22: 38500 | F22: 49700 | G22: 630 | H22: 1820 | I22: 980 | J22: 1190000 | K22: 700000 | L22: 910000 | M22: 980 | N22: 2170 | O22: 1260 | P22: 100000
B23: Lv80~/星1 | C23: Hard ~16 | D23: 91000 | E23: 42000 | F23: 56000 | G23: 700 | H23: 1960 | I23: 1050 | J23: 1400000 | K23: 840000 | L23: 1050000 | M23: 1120 | N23: 2380 | O23: 1400 | P23: 100000
B24: Lv60~/星3 | C24: Ex main ~5 | D24: 75600 | E24: 33600 | F24: 40320 | G24: 672 | H24: 1680 | I24: 924 | J24: 756000 | K24: 420000 | L24: 504000 | M24: 924 | N24: 1848 | O24: 1260 | P24: 150000
B25: Lv60~/星5 | C25: Ex | D25: 88200 | E25: 39200 | F25: 47040 | G25: 784 | H25: 1960 | I25: 1078 | J25: 882000 | K25: 490000 | L25: 588000 | M25: 1078 | N25: 2156 | O25: 1470 | P25: 150000
B26: Lv70~/星3 | C26: Ex main ~10 | D26: 100100 | E26: 45500 | F26: 56420 | G26: 819 | H26: 2184 | I26: 1183 | J26: 1274000 | K26: 728000 | L26: 910000 | M26: 1183 | N26: 2548 | O26: 1638 | P26: 150000
B27: Lv70~/星5 | C27: Ex | D27: 115500 | E27: 52500 | F27: 65100 | G27: 945 | H27: 2520 | I27: 1365 | J27: 1470000 | K27: 840000 | L27: 1050000 | M27: 1365 | N27: 2940 | O27: 1890 | P27: 200000
B28: Lv80~/星3 | C28: Ex main ~16 | D28: 118300 | E28: 54600 | F28: 72800 | G28: 910 | H28: 2548 | I28: 1365 | J28: 1820000 | K28: 1092000 | L28: 1365000 | M28: 1456 | N28: 3094 | O28: 1820 | P28: 200000
B29: Lv80~/星5 | C29: Ex | D29: 136500 | E29: 63000 | F29: 84000 | G29: 1050 | H29: 2940 | I29: 1575 | J29: 2100000 | K29: 1260000 | L29: 1575000 | M29: 1680 | N29: 3570 | O29: 2100 | P29: 300000
B30: any | C30: 1日1回 | J30: 210000 | M30: 21 | N30: 70 | O30: 35 | P30: 1000
B31: Lv1~/星1 | C31: ストーリー1話 | D31: 5600 | E31: 1050 | F31: 2450 | G31: 21 | H31: 70 | I31: 35 | J31: 56000 | K31: 10500 | L31: 24500 | M31: 56 | N31: 140 | O31: 84 | P31: 5000
B32: Lv3~/星1 | C32: ストーリー2話 | D32: 7000 | E32: 2450 | F32: 3150 | G32: 49 | H32: 119 | I32: 70 | J32: 70000 | K32: 24500 | L32: 31500 | M32: 84 | N32: 175 | O32: 105 | P32: 5000
B33: Lv5~/星1 | C33: ストーリー3話,4話 | D33: 8400 | E33: 3150 | F33: 3500 | G33: 70 | H33: 140 | I33: 91 | J33: 84000 | K33: 31500 | L33: 35000 | M33: 84 | N33: 175 | O33: 105 | P33: 15000
B34: Lv10~/星1 | C34: ストーリー5話,6話 | D34: 11900 | E34: 4900 | F34: 5600 | G34: 105 | H34: 210 | I34: 140 | J34: 119000 | K34: 49000 | L34: 56000 | M34: 119 | N34: 350 | O34: 210 | P34: 25000
B35: Lv15~/星1 | C35: ストーリー7話 | D35: 15400 | E35: 6650 | F35: 7000 | G35: 140 | H35: 280 | I35: 210 | J35: 154000 | K35: 6650 | L35: 70000 | M35: 140 | N35: 420 | O35: 280 | P35: 25000
B36: Lv20~/星1 | C36: ストーリー8話 | D36: 18900 | E36: 8400 | F36: 9100 | G36: 210 | H36: 350 | I36: 245 | J36: 189000 | K36: 84000 | L36: 91000 | M36: 210 | N36: 490 | O36: 350 | P36: 25000
B37: Lv30~/星1 | C37: チャレンジ1話 | D37: 26600 | E37: 11900 | F37: 14700 | G37: 350 | H37: 560 | I37: 350 | J37: 266000 | K37: 119000 | L37: 147000 | M37: 350 | N37: 770 | O37: 490 | P37: 30000
B38: Lv30~/星1 | C38: チャレンジ2話 | D38: 26600 | E38: 11900 | F38: 14700 | G38: 350 | H38: 560 | I38: 350 | J38: 266000 | K38: 119000 | L38: 147000 | M38: 350 | N38: 770 | O38: 490 | P38: 30000
B39: Lv40~/星1 | C39: チャレンジ3話 | D39: 38500 | E39: 16800 | F39: 20300 | G39: 420 | H39: 840 | I39: 490 | J39: 350000 | K39: 175000 | L39: 231000 | M39: 490 | N39: 980 | O39: 700 | P39: 50000
B40: Lv50~/星1 | C40: チャレンジ4話 | D40: 49000 | E40: 21000 | F40: 26600 | G40: 490 | H40: 1120 | I40: 630 | J40: 490000 | K40: 245000 | L40: 315000 | M40: 630 | N40: 1260 | O40: 910 | P40: 50000
B41: Lv70~/星1 | C41: 高難度ver1 1話 | D41: 77000 | E41: 35000 | F41: 43400 | G41: 630 | H41: 1680 | I41: 910 | J41: 980000 | K41: 560000 | L41: 700000 | M41: 910 | N41: 1960 | O41: 1260 | P41: 150000
B42: Lv70~/星1 | C42: 高難度ver1 2話 | D42: 88200 | E42: 39200 | F42: 47040 | G42: 784 | H42: 1960 | I42: 1078 | J42: 882000 | K42: 490000 | L42: 588000 | M42: 1078 | N42: 2156 | O42: 1470 | P42: 150000
B43: Lv80~/星3 | C43: 高難度ver1 3話 | D43: 118300 | E43: 54600 | F43: 72800 | G43: 910 | H43: 2548 | I43: 1365 | J43: 1820000 | K43: 1092000 | L43: 1365000 | M43: 1456 | N43: 3094 | O43: 1820 | P43: 200000
B44: Lv5~/星1 | C44: 降臨バトルwave1 | D44: 8400 | E44: 3150 | F44: 3500 | G44: 70 | H44: 140 | I44: 91 | J44: 84000 | K44: 31500 | L44: 35000 | M44: 84 | N44: 175 | O44: 105
B45: Lv10~/星1 | C45: 降臨バトルwave2 | D45: 11900 | E45: 4900 | F45: 5600 | G45: 105 | H45: 210 | I45: 140 | J45: 119000 | K45: 49000 | L45: 56000 | M45: 119 | N45: 350 | O45: 210
B46: Lv20~/星1 | C46: 降臨バトルwave3 | D46: 26600 | E46: 11900 | F46: 14700 | G46: 350 | H46: 560 | I46: 350 | J46: 266000 | K46: 119000 | L46: 147000 | M46: 350 | N46: 770 | O46: 490
B47: Lv30~/星1 | C47: 降臨バトルwave4 | D47: 26600 | E47: 11900 | F47: 14700 | G47: 350 | H47: 560 | I47: 350 | J47: 266000 | K47: 119000 | L47: 147000 | M47: 350 | N47: 770 | O47: 490
B48: Lv40~/星1 | C48: 降臨バトルwave5 | D48: 38500 | E48: 16800 | F48: 20300 | G48: 420 | H48: 840 | I48: 490 | J48: 350000 | K48: 175000 | L48: 231000 | M48: 490 | N48: 980 | O48: 700
B49: Lv50~/星1 | C49: 降臨バトルwave6 | D49: 49000 | E49: 21000 | F49: 26600 | G49: 490 | H49: 1120 | I49: 630 | J49: 490000 | K49: 245000 | L49: 315000 | M49: 630 | N49: 1260 | O49: 910
B50: Lv60~/星1 | C50: 降臨バトルwave7 | D50: 63000 | E50: 28000 | F50: 33600 | G50: 560 | H50: 1400 | I50: 770 | J50: 630000 | K50: 350000 | L50: 420000 | M50: 770 | N50: 1540 | O50: 1050
B51: Lv70~/星1 | C51: 降臨バトルwave8 | D51: 77000 | E51: 35000 | F51: 43400 | G51: 630 | H51: 1680 | I51: 910 | J51: 980000 | K51: 560000 | L51: 700000 | M51: 910 | N51: 1960 | O51: 1260

Sheet ステージ設計▶︎

Sheet 1話
B2: ■基礎情報
B4: ステージコンセプト | S4: ステージ情報詳細
B5: 強敵楪+極楽蝶のステージ | S5: 【属性情報】 緑属性の敵が登場するので赤属性のキャラは有利に戦うこともできるぞ! さらに、無属性の敵も登場するぞ! 【ギミック情報】 毒攻撃をしてくる敵が登場するぞ! 特性で毒ダメージ軽減を持っているキャラを編成しよう! ファントムゲートにダメージを与えると出現する敵もいるぞ!
B9: ステージ名（最大20文字） | G9: 文字数 | I9: スタミナ | K9: 難易度 | N9: 推奨PTLv | Q9: 通常BGM | V9: ボスBGM
B10: 1話 | G10: =len(B10) | I10: 5 | K10: イベント全般 | N10: 10 | Q10: SSE_SBG_003_003 | V10: SSE_SBG_003_004
B12: 味方ゲートID | E12: 敵ゲートID | H12: 敵ゲートasset | K12: 敵ゲートHP | N12: リリースキー
B13: default | E13: event_jig1_charaget01_00001 | H13: event_jig_0001 | K13: 30000 | N13: 202601010
B15: ■報酬設計
B17: クリアコイン | E17: リーダーEXP | H17: 原画のかけら確率 | K17: 原画のかけら種
B18: 100 | E18: =I10*10 | H18: 1 | K18: 5,7
B20: ドロップ区分 | E20: リソースtype | G20: アイテムID | J20: アイテム名 | R20: ドロップ数 | T20: ドロップ率
B21: FirstClear | E21: Unit | G21: chara_jig_00701 | J21: メイ | R21: 1 | T21: 100
B22: FirstClear | E22: =if(J22="プリズム","FreeDiamond","Item") | G22: prism_glo_00001 | J22: プリズム | R22: 40 | T22: 100
B23: FirstClear | E23: =if(J23="プリズム","FreeDiamond","Item") | G23: Coin | J23: コイン | R23: 500 | T23: 100
B24: Random | E24: =if(J24="プリズム","FreeDiamond","Item") | G24: piece_jig_00701 | J24: メイのかけら | R24: 1 | T24: 10
E25: =if(J25="プリズム","FreeDiamond","Item") | G25: none
E26: =if(J26="プリズム","FreeDiamond","Item") | G26: none
B28: ■コマ設計
B30: 行数 | D30: 行パターンID | F30: コマ数 | H30: コマ高さ | J30: コマ幅1 | L30: コマ幅2 | N30: コマ幅3 | P30: コマ幅4 | R30: コマ背景 | U30: コマ効果1 | Z30: 効果時間 | AB30: 効果数値 | AD30: コマ効果2 | AI30: 効果時間 | AK30: 効果数値 | AM30: コマ効果3 | AR30: 効果時間 | AT30: 効果数値 | AV30: コマ効果4 | BA30: 効果時間 | BC30: 効果数値
B31: 1行目 | D31: 6 | F31: =iferror(vlookup(D31,'行パターン'!$A$2:$C61,2,false),"error") | H31: 0.55 | J31: 0.5 | L31: 0.5 | N31: none | P31: none | R31: jig_00001
B32: 2行目 | D32: 1 | F32: =iferror(vlookup(D32,'行パターン'!$A$2:$C61,2,false),"error") | H32: 0.55 | J32: 1 | L32: none | N32: none | P32: none | R32: jig_00001
B33: 3行目 | F33: =iferror(vlookup(D33,'行パターン'!$A$2:$C61,2,false)," ")
B34: 4行目 | F34: =iferror(vlookup(D34,'行パターン'!$A$2:$C61,2,false)," ")
B35: 5行目 | F35: =iferror(vlookup(D35,'行パターン'!$A$2:$C61,2,false)," ")
B37: ■Enemyシーケンス | F37: ※コピペして使用
B39: sequence _group_id | D39: sequence_ element_id | F39: priority_sequence_element_id | H39: Enemy_ID | L39: ファントム名 | P39: unit_kind | R39: 属性 | T39: ロール | V39: オーラタイプ | X39: 死亡タイプ | Z39: 必殺ワザ有無 | AB39: 体力 | AD39: 体力係数 | AF39: 攻撃力 | AH39: 攻撃係数 | AJ39: 通常攻撃F | AL39: 通常攻撃CDF | AN39: 通常攻撃DPS | AP39: 通常攻撃備考 | AT39: 必殺技内容 | AY39: 必殺発動回数 | BA39: 必殺技F(秒) | BC39: 特性 | BE39: 移動速度 | BG39: well_distance | BI39: start_range | BK39: end_range | BM39: 攻撃範囲 | BO39: KB回数 | BQ39: 撃破p | BS39: 上書き撃破p | BU39: 変身先ID | BW39: 変身条件1 | BY39: 変身条件2 | CA39: 出撃条件 condition_type | CE39: 出撃開始値 condition_value | CG39: 出撃感覚値 summon_interval | CI39: 召喚回数 summon_count | CK39: アクション遅延 action_delay | CM39: 出撃 アニメーション | CO39: 召喚pos summon_position | CQ39: 移動開始条件 move_start_condition_type | CU39: 移動開始値 condition_value | CW39: 移動停止条件 move_stop_condition_type | DA39: 移動停止値 | DC39: 移動再スタート条件 move_restart_condition_type | DG39: 移動再スタート値 | DI39: 再スタート回数 move_loop_count | DK39: ゲート無敵化 | DM39: 出現停止条件 | DQ39: 停止条件値 | DS39: 備考 | EA39: sequence_group_id | EB39: sequence_element_id | EC39: priority_sequence_element_id | ED39: condition_type | EE39: condition_value | EF39: action_type | EG39: action_value | EH39: action_value2 | EI39: summon_count | EJ39: summon_interval | EK39: summon_animation_type | EL39: summon_position | EM39: move_start_condition_type | EN39: move_start_condition_value | EO39: move_stop_condition_type | EP39: move_stop_condition_value | EQ39: move_restart_condition_type | ER39: move_restart_condition_value | ES39: move_loop_count | ET39: is_summon_unit_outpost_damage_invalidation | EV39: aura_type | EW39: death_type | EX39: enemy_hp_coef | EY39: enemy_attack_coef | EZ39: enemy_speed_coef | FA39: override_drop_battle_point | FB39: defeated_score | FC39: action_delay | FD39: deactivation_condition_type | FE39: deactivation_condition_value
D40: 1 | H40: e_jig_00402_jig1_charaget01_Normal_Colorless | L40: 極楽蝶 | P40: Normal | R40: Colorless | T40: Defense | V40: Default | X40: Normal | AB40: 1000 | AD40: 1 | AF40: 50 | AH40: 0.5 | AJ40: 105 | AL40: 200 | AN40: =iferror(AF40*(50/(AJ40+AL40)),"攻撃力に数値を入力") | AY40: - | BA40: none | BE40: 25 | BG40: 0.22 | BI40: 0 | BK40: 0.23 | BM40: 100 | BO40: 2 | BQ40: 50 | BS40: 75 | CA40: ElapsedTime | CE40: 300 | CG40: 200 | CI40: 3 | CM40: None | CQ40: None | CW40: None | DC40: None | DK40: FALSE | DM40: None | EA40: =B40 | EB40: =D40 | EC40: =F40 | ED40: =CA40 | EE40: =CE40 | EF40: ="SummonEnemy" | EG40: =H40 | EI40: =CI40 | EJ40: =CG40 | EK40: =CM40 | EL40: =CO40 | EM40: =CQ40 | EN40: =CU40 | EO40: =CW40 | EP40: =DA40 | EQ40: =DC40 | ER40: =DG40 | ES40: =DI40 | ET40: =DK40 | EV40: =V40 | EW40: =X40 | EX40: =AD40 | EY40: =AH40 | EZ40: ="1" | FA40: =BS40 | FB40: 0 | FC40: =CK40 | FD40: =DM40
D41: 2 | H41: e_jig_00402_jig1_charaget01_Normal_Colorless | L41: 極楽蝶 | P41: Normal | R41: Colorless | T41: Defense | V41: Default | X41: Normal | AB41: 1000 | AD41: 1 | AF41: 50 | AH41: 0.5 | AJ41: 105 | AL41: 200 | AN41: =iferror(AF41*(50/(AJ41+AL41)),"攻撃力に数値を入力") | AY41: - | BA41: none | BE41: 25 | BG41: 0.22 | BI41: 0 | BK41: 0.23 | BM41: 100 | BO41: 2 | BQ41: 50 | BS41: 75 | CA41: FriendUnitDead | CE41: 1 | CG41: 50 | CI41: 2 | CK41: 250 | CM41: None | CQ41: None | CW41: None | DC41: None | DK41: FALSE | DM41: None | EA41: =B41 | EB41: =D41 | EC41: =F41 | ED41: =CA41 | EE41: =CE41 | EF41: ="SummonEnemy" | EG41: =H41 | EI41: =CI41 | EJ41: =CG41 | EK41: =CM41 | EL41: =CO41 | EM41: =CQ41 | EN41: =CU41 | EO41: =CW41 | EP41: =DA41 | EQ41: =DC41 | ER41: =DG41 | ES41: =DI41 | ET41: =DK41 | EV41: =V41 | EW41: =X41 | EX41: =AD41 | EY41: =AH41 | EZ41: ="1" | FA41: =BS41 | FB41: 0 | FC41: =CK41 | FD41: =DM41
D42: 3 | H42: e_jig_00402_jig1_charaget01_Normal_Colorless | L42: 極楽蝶 | P42: Normal | R42: Colorless | T42: Defense | V42: Default | X42: Normal | AB42: 1000 | AD42: 1 | AF42: 50 | AH42: 0.5 | AJ42: 105 | AL42: 200 | AN42: =iferror(AF42*(50/(AJ42+AL42)),"攻撃力に数値を入力") | AY42: - | BA42: none | BE42: 25 | BG42: 0.22 | BI42: 0 | BK42: 0.23 | BM42: 100 | BO42: 2 | BQ42: 50 | BS42: 75 | CA42: OutpostHpPercentage | CE42: 99 | CG42: 50 | CI42: 2 | CM42: None | CQ42: None | CW42: None | DC42: None | DK42: FALSE | DM42: None | EA42: =B42 | EB42: =D42 | EC42: =F42 | ED42: =CA42 | EE42: =CE42 | EF42: ="SummonEnemy" | EG42: =H42 | EI42: =CI42 | EJ42: =CG42 | EK42: =CM42 | EL42: =CO42 | EM42: =CQ42 | EN42: =CU42 | EO42: =CW42 | EP42: =DA42 | EQ42: =DC42 | ER42: =DG42 | ES42: =DI42 | ET42: =DK42 | EV42: =V42 | EW42: =X42 | EX42: =AD42 | EY42: =AH42 | EZ42: ="1" | FA42: =BS42 | FB42: 0 | FC42: =CK42 | FD42: =DM42
D43: 4 | H43: e_jig_00401_jig1_charaget01_Normal_Green | L43: 極楽蝶 | P43: Normal | R43: Green | T43: Technical | V43: Default | X43: Normal | AB43: 6000 | AD43: 6 | AF43: 200 | AH43: 2 | AJ43: 65 | AL43: 125 | AN43: =iferror(AF43*(50/(AJ43+AL43)),"攻撃力に数値を入力") | AP43: 100%の確率で6秒間1%の毒にする | AY43: - | BA43: none | BE43: 33 | BG43: 0.24 | BI43: 0 | BK43: 0.25 | BM43: 1 | BO43: 2 | BQ43: 50 | BS43: 100 | CA43: ElapsedTime | CE43: 350 | CG43: 50 | CI43: 2 | CM43: None | CQ43: None | CW43: None | DC43: None | DK43: FALSE | DM43: None | EA43: =B43 | EB43: =D43 | EC43: =F43 | ED43: =CA43 | EE43: =CE43 | EF43: ="SummonEnemy" | EG43: =H43 | EI43: =CI43 | EJ43: =CG43 | EK43: =CM43 | EL43: =CO43 | EM43: =CQ43 | EN43: =CU43 | EO43: =CW43 | EP43: =DA43 | EQ43: =DC43 | ER43: =DG43 | ES43: =DI43 | ET43: =DK43 | EV43: =V43 | EW43: =X43 | EX43: =AD43 | EY43: =AH43 | EZ43: ="1" | FA43: =BS43 | FB43: 0 | FC43: =CK43 | FD43: =DM43
D44: 5 | H44: e_jig_00401_jig1_charaget01_Normal_Green | L44: 極楽蝶 | P44: Normal | R44: Green | T44: Technical | V44: Default | X44: Normal | AB44: 6000 | AD44: 6 | AF44: 200 | AH44: 2 | AJ44: 65 | AL44: 125 | AN44: =iferror(AF44*(50/(AJ44+AL44)),"攻撃力に数値を入力") | AP44: 100%の確率で6秒間1%の毒にする | AY44: - | BA44: none | BE44: 33 | BG44: 0.24 | BI44: 0 | BK44: 0.25 | BM44: 1 | BO44: 2 | BQ44: 50 | BS44: 100 | CA44: ElapsedTime | CE44: 99 | CG44: 50 | CI44: 1 | CM44: None | CQ44: None | CW44: None | DC44: None | DK44: FALSE | DM44: None | EA44: =B44 | EB44: =D44 | EC44: =F44 | ED44: =CA44 | EE44: =CE44 | EF44: ="SummonEnemy" | EG44: =H44 | EI44: =CI44 | EJ44: =CG44 | EK44: =CM44 | EL44: =CO44 | EM44: =CQ44 | EN44: =CU44 | EO44: =CW44 | EP44: =DA44 | EQ44: =DC44 | ER44: =DG44 | ES44: =DI44 | ET44: =DK44 | EV44: =V44 | EW44: =X44 | EX44: =AD44 | EY44: =AH44 | EZ44: ="1" | FA44: =BS44 | FB44: 0 | FC44: =CK44 | FD44: =DM44
L45: none | P45: none | R45: none | T45: none | V45: Default | X45: Normal | AB45: none | AD45: 1 | AF45: none | AH45: 1 | AJ45: none | AL45: none | AN45: =iferror(AF45*(50/(AJ45+AL45)),"攻撃力に数値を入力") | AP45: none | AT45: none | AY45: none | BA45: none | BC45: none | BE45: none | BG45: none | BI45: none | BK45: none | BM45: none | BO45: none | BQ45: none | CA45: 未入力 | CM45: None | CQ45: None | CW45: None | DC45: None | DK45: FALSE | DM45: None | EA45: =B45 | EB45: =D45 | EC45: =F45 | ED45: =CA45 | EE45: =CE45 | EF45: ="SummonEnemy" | EG45: =H45 | EI45: =CI45 | EJ45: =CG45 | EK45: =CM45 | EL45: =CO45 | EM45: =CQ45 | EN45: =CU45 | EO45: =CW45 | EP45: =DA45 | EQ45: =DC45 | ER45: =DG45 | ES45: =DI45 | ET45: =DK45 | EV45: =V45 | EW45: =X45 | EX45: =AD45 | EY45: =AH45 | EZ45: ="1" | FA45: =BS45 | FB45: 0 | FC45: =CK45 | FD45: =DM45
L46: none | P46: none | R46: none | T46: none | V46: Default | X46: Normal | AB46: none | AD46: 1 | AF46: none | AH46: 1 | AJ46: none | AL46: none | AN46: =iferror(AF46*(50/(AJ46+AL46)),"攻撃力に数値を入力") | AP46: none | AT46: none | AY46: none | BA46: none | BC46: none | BE46: none | BG46: none | BI46: none | BK46: none | BM46: none | BO46: none | BQ46: none | CA46: 未入力 | CM46: None | CQ46: None | CW46: None | DC46: None | DK46: FALSE | DM46: None | EA46: =B46 | EB46: =D46 | EC46: =F46 | ED46: =CA46 | EE46: =CE46 | EF46: ="SummonEnemy" | EG46: =H46 | EI46: =CI46 | EJ46: =CG46 | EK46: =CM46 | EL46: =CO46 | EM46: =CQ46 | EN46: =CU46 | EO46: =CW46 | EP46: =DA46 | EQ46: =DC46 | ER46: =DG46 | ES46: =DI46 | ET46: =DK46 | EV46: =V46 | EW46: =X46 | EX46: =AD46 | EY46: =AH46 | EZ46: ="1" | FA46: =BS46 | FB46: 0 | FC46: =CK46 | FD46: =DM46
L47: none | P47: none | R47: none | T47: none | V47: Default | X47: Normal | AB47: none | AD47: 1 | AF47: none | AH47: 1 | AJ47: none | AL47: none | AN47: =iferror(AF47*(50/(AJ47+AL47)),"攻撃力に数値を入力") | AP47: none | AT47: none | AY47: none | BA47: none | BC47: none | BE47: none | BG47: none | BI47: none | BK47: none | BM47: none | BO47: none | BQ47: none | CA47: 未入力 | CM47: None | CQ47: None | CW47: None | DC47: None | DK47: FALSE | DM47: None | EA47: =B47 | EB47: =D47 | EC47: =F47 | ED47: =CA47 | EE47: =CE47 | EF47: ="SummonEnemy" | EG47: =H47 | EI47: =CI47 | EJ47: =CG47 | EK47: =CM47 | EL47: =CO47 | EM47: =CQ47 | EN47: =CU47 | EO47: =CW47 | EP47: =DA47 | EQ47: =DC47 | ER47: =DG47 | ES47: =DI47 | ET47: =DK47 | EV47: =V47 | EW47: =X47 | EX47: =AD47 | EY47: =AH47 | EZ47: ="1" | FA47: =BS47 | FB47: 0 | FC47: =CK47 | FD47: =DM47
L48: none | P48: none | R48: none | T48: none | V48: Default | X48: Normal | AB48: none | AD48: 1 | AF48: none | AH48: 1 | AJ48: none | AL48: none | AN48: =iferror(AF48*(50/(AJ48+AL48)),"攻撃力に数値を入力") | AP48: none | AT48: none | AY48: none | BA48: none | BC48: none | BE48: none | BG48: none | BI48: none | BK48: none | BM48: none | BO48: none | BQ48: none | CA48: 未入力 | CM48: None | CQ48: None | CW48: None | DC48: None | DK48: FALSE | DM48: None | EA48: =B48 | EB48: =D48 | EC48: =F48 | ED48: =CA48 | EE48: =CE48 | EF48: ="SummonEnemy" | EG48: =H48 | EI48: =CI48 | EJ48: =CG48 | EK48: =CM48 | EL48: =CO48 | EM48: =CQ48 | EN48: =CU48 | EO48: =CW48 | EP48: =DA48 | EQ48: =DC48 | ER48: =DG48 | ES48: =DI48 | ET48: =DK48 | EV48: =V48 | EW48: =X48 | EX48: =AD48 | EY48: =AH48 | EZ48: ="1" | FA48: =BS48 | FB48: 0 | FC48: =CK48 | FD48: =DM48
L49: none | P49: none | R49: none | T49: none | V49: Default | X49: Normal | AB49: none | AD49: 1 | AF49: none | AH49: 1 | AJ49: none | AL49: none | AN49: =iferror(AF49*(50/(AJ49+AL49)),"攻撃力に数値を入力") | AP49: none | AT49: none | AY49: none | BA49: none | BC49: none | BE49: none | BG49: none | BI49: none | BK49: none | BM49: none | BO49: none | BQ49: none | CA49: 未入力 | CM49: None | CQ49: None | CW49: None | DC49: None | DK49: FALSE | DM49: None | EA49: =B49 | EB49: =D49 | EC49: =F49 | ED49: =CA49 | EE49: =CE49 | EF49: ="SummonEnemy" | EG49: =H49 | EI49: =CI49 | EJ49: =CG49 | EK49: =CM49 | EL49: =CO49 | EM49: =CQ49 | EN49: =CU49 | EO49: =CW49 | EP49: =DA49 | EQ49: =DC49 | ER49: =DG49 | ES49: =DI49 | ET49: =DK49 | EV49: =V49 | EW49: =X49 | EX49: =AD49 | EY49: =AH49 | EZ49: ="1" | FA49: =BS49 | FB49: 0 | FC49: =CK49 | FD49: =DM49
L50: none | P50: none | R50: none | T50: none | V50: Default | X50: Normal | AB50: none | AD50: 1 | AF50: none | AH50: 1 | AJ50: none | AL50: none | AN50: =iferror(AF50*(50/(AJ50+AL50)),"攻撃力に数値を入力") | AP50: none | AT50: none | AY50: none | BA50: none | BC50: none | BE50: none | BG50: none | BI50: none | BK50: none | BM50: none | BO50: none | BQ50: none | CA50: 未入力 | CM50: None | CQ50: None | CW50: None | DC50: None | DK50: FALSE | DM50: None | EA50: =B50 | EB50: =D50 | EC50: =F50 | ED50: =CA50 | EE50: =CE50 | EF50: ="SummonEnemy" | EG50: =H50 | EI50: =CI50 | EJ50: =CG50 | EK50: =CM50 | EL50: =CO50 | EM50: =CQ50 | EN50: =CU50 | EO50: =CW50 | EP50: =DA50 | EQ50: =DC50 | ER50: =DG50 | ES50: =DI50 | ET50: =DK50 | EV50: =V50 | EW50: =X50 | EX50: =AD50 | EY50: =AH50 | EZ50: ="1" | FA50: =BS50 | FB50: 0 | FC50: =CK50 | FD50: =DM50
L51: none | P51: none | R51: none | T51: none | V51: Default | X51: Normal | AB51: none | AD51: 1 | AF51: none | AH51: 1 | AJ51: none | AL51: none | AN51: =iferror(AF51*(50/(AJ51+AL51)),"攻撃力に数値を入力") | AP51: none | AT51: none | AY51: none | BA51: none | BC51: none | BE51: none | BG51: none | BI51: none | BK51: none | BM51: none | BO51: none | BQ51: none | CA51: 未入力 | CM51: None | CQ51: None | CW51: None | DC51: None | DK51: FALSE | DM51: None | EA51: =B51 | EB51: =D51 | EC51: =F51 | ED51: =CA51 | EE51: =CE51 | EF51: ="SummonEnemy" | EG51: =H51 | EI51: =CI51 | EJ51: =CG51 | EK51: =CM51 | EL51: =CO51 | EM51: =CQ51 | EN51: =CU51 | EO51: =CW51 | EP51: =DA51 | EQ51: =DC51 | ER51: =DG51 | ES51: =DI51 | ET51: =DK51 | EV51: =V51 | EW51: =X51 | EX51: =AD51 | EY51: =AH51 | EZ51: ="1" | FA51: =BS51 | FB51: 0 | FC51: =CK51 | FD51: =DM51
L52: none | P52: none | R52: none | T52: none | V52: Default | X52: Normal | AB52: none | AD52: 1 | AF52: none | AH52: 1 | AJ52: none | AL52: none | AN52: =iferror(AF52*(50/(AJ52+AL52)),"攻撃力に数値を入力") | AP52: none | AT52: none | AY52: none | BA52: none | BC52: none | BE52: none | BG52: none | BI52: none | BK52: none | BM52: none | BO52: none | BQ52: none | CA52: 未入力 | CM52: None | CQ52: None | CW52: None | DC52: None | DK52: FALSE | DM52: None | EA52: =B52 | EB52: =D52 | EC52: =F52 | ED52: =CA52 | EE52: =CE52 | EF52: ="SummonEnemy" | EG52: =H52 | EI52: =CI52 | EJ52: =CG52 | EK52: =CM52 | EL52: =CO52 | EM52: =CQ52 | EN52: =CU52 | EO52: =CW52 | EP52: =DA52 | EQ52: =DC52 | ER52: =DG52 | ES52: =DI52 | ET52: =DK52 | EV52: =V52 | EW52: =X52 | EX52: =AD52 | EY52: =AH52 | EZ52: ="1" | FA52: =BS52 | FB52: 0 | FC52: =CK52 | FD52: =DM52
L53: none | P53: none | R53: none | T53: none | V53: Default | X53: Normal | AB53: none | AD53: 1 | AF53: none | AH53: 1 | AJ53: none | AL53: none | AN53: =iferror(AF53*(50/(AJ53+AL53)),"攻撃力に数値を入力") | AP53: none | AT53: none | AY53: none | BA53: none | BC53: none | BE53: none | BG53: none | BI53: none | BK53: none | BM53: none | BO53: none | BQ53: none | CA53: 未入力 | CM53: None | CQ53: None | CW53: None | DC53: None | DK53: FALSE | DM53: None | EA53: =B53 | EB53: =D53 | EC53: =F53 | ED53: =CA53 | EE53: =CE53 | EF53: ="SummonEnemy" | EG53: =H53 | EI53: =CI53 | EJ53: =CG53 | EK53: =CM53 | EL53: =CO53 | EM53: =CQ53 | EN53: =CU53 | EO53: =CW53 | EP53: =DA53 | EQ53: =DC53 | ER53: =DG53 | ES53: =DI53 | ET53: =DK53 | EV53: =V53 | EW53: =X53 | EX53: =AD53 | EY53: =AH53 | EZ53: ="1" | FA53: =BS53 | FB53: 0 | FC53: =CK53 | FD53: =DM53
L54: none | P54: none | R54: none | T54: none | V54: Default | X54: Normal | AB54: none | AD54: 1 | AF54: none | AH54: 1 | AJ54: none | AL54: none | AN54: =iferror(AF54*(50/(AJ54+AL54)),"攻撃力に数値を入力") | AP54: none | AT54: none | AY54: none | BA54: none | BC54: none | BE54: none | BG54: none | BI54: none | BK54: none | BM54: none | BO54: none | BQ54: none | CA54: 未入力 | CM54: None | CQ54: None | CW54: None | DC54: None | DK54: FALSE | DM54: None | EA54: =B54 | EB54: =D54 | EC54: =F54 | ED54: =CA54 | EE54: =CE54 | EF54: ="SummonEnemy" | EG54: =H54 | EI54: =CI54 | EJ54: =CG54 | EK54: =CM54 | EL54: =CO54 | EM54: =CQ54 | EN54: =CU54 | EO54: =CW54 | EP54: =DA54 | EQ54: =DC54 | ER54: =DG54 | ES54: =DI54 | ET54: =DK54 | EV54: =V54 | EW54: =X54 | EX54: =AD54 | EY54: =AH54 | EZ54: ="1" | FA54: =BS54 | FB54: 0 | FC54: =CK54 | FD54: =DM54
L55: none | P55: none | R55: none | T55: none | V55: Default | X55: Normal | AB55: none | AD55: 1 | AF55: none | AH55: 1 | AJ55: none | AL55: none | AN55: =iferror(AF55*(50/(AJ55+AL55)),"攻撃力に数値を入力") | AP55: none | AT55: none | AY55: none | BA55: none | BC55: none | BE55: none | BG55: none | BI55: none | BK55: none | BM55: none | BO55: none | BQ55: none | CA55: 未入力 | CM55: None | CQ55: None | CW55: None | DC55: None | DK55: FALSE | DM55: None | EA55: =B55 | EB55: =D55 | EC55: =F55 | ED55: =CA55 | EE55: =CE55 | EF55: ="SummonEnemy" | EG55: =H55 | EI55: =CI55 | EJ55: =CG55 | EK55: =CM55 | EL55: =CO55 | EM55: =CQ55 | EN55: =CU55 | EO55: =CW55 | EP55: =DA55 | EQ55: =DC55 | ER55: =DG55 | ES55: =DI55 | ET55: =DK55 | EV55: =V55 | EW55: =X55 | EX55: =AD55 | EY55: =AH55 | EZ55: ="1" | FA55: =BS55 | FB55: 0 | FC55: =CK55 | FD55: =DM55
L56: none | P56: none | R56: none | T56: none | V56: Default | X56: Normal | AB56: none | AD56: 1 | AF56: none | AH56: 1 | AJ56: none | AL56: none | AN56: =iferror(AF56*(50/(AJ56+AL56)),"攻撃力に数値を入力") | AP56: none | AT56: none | AY56: none | BA56: none | BC56: none | BE56: none | BG56: none | BI56: none | BK56: none | BM56: none | BO56: none | BQ56: none | CA56: 未入力 | CM56: None | CQ56: None | CW56: None | DC56: None | DK56: FALSE | DM56: None | EA56: =B56 | EB56: =D56 | EC56: =F56 | ED56: =CA56 | EE56: =CE56 | EF56: ="SummonEnemy" | EG56: =H56 | EI56: =CI56 | EJ56: =CG56 | EK56: =CM56 | EL56: =CO56 | EM56: =CQ56 | EN56: =CU56 | EO56: =CW56 | EP56: =DA56 | EQ56: =DC56 | ER56: =DG56 | ES56: =DI56 | ET56: =DK56 | EV56: =V56 | EW56: =X56 | EX56: =AD56 | EY56: =AH56 | EZ56: ="1" | FA56: =BS56 | FB56: 0 | FC56: =CK56 | FD56: =DM56
... L59: none | P59: none | R59: none | T59: none | V59: Default | X59: Normal | AB59: none | AD59: 1 | AF59: none | AH59: 1 | AJ59: none | AL59: none | AN59: =iferror(AF59*(50/(AJ59+AL59)),"攻撃力に数値を入力") | AP59: none | AT59: none | AY59: none | BA59: none | BC59: none | BE59: none | BG59: none | BI59: none | BK59: none | BM59: none | BO59: none | BQ59: none | CA59: 未入力 | CM59: None | CQ59: None | CW59: None | DC59: None | DK59: FALSE | DM59: None | EA59: =B59 | EB59: =D59 | EC59: =F59 | ED59: =CA59 | EE59: =CE59 | EF59: ="SummonEnemy" | EG59: =H59 | EI59: =CI59 | EJ59: =CG59 | EK59: =CM59 | EL59: =CO59 | EM59: =CQ59 | EN59: =CU59 | EO59: =CW59 | EP59: =DA59 | EQ59: =DC59 | ER59: =DG59 | ES59: =DI59 | ET59: =DK59 | EV59: =V59 | EW59: =X59 | EX59: =AD59 | EY59: =AH59 | EZ59: ="1" | FA59: =BS59 | FB59: 0 | FC59: =CK59 | FD59: =DM59

Sheet 2話
B2: ■基礎情報
B4: ステージコンセプト | S4: ステージ情報詳細
B5: 強敵 山田浅ェ門 佐切 山田浅ェ門 源嗣 雑魚 そう神がDPS出してくる極楽蝶 | S5: 【属性情報】 黄属性の敵が登場するので緑属性のキャラは有利に戦うこともできるぞ! 緑属性の敵が登場するので赤属性のキャラは有利に戦うこともできるぞ! さらに、無属性の敵も登場するぞ! 【コマ効果情報】 突風コマが登場するぞ! 特性で突風コマ無効化を持っているキャラを編成しよう! 【ギミック情報】 毒攻撃をしてくる敵が登場するぞ! 特性で毒ダメージ軽減を持っているキャラを編成しよう!
B9: ステージ名（最大20文字） | G9: 文字数 | I9: スタミナ | K9: 難易度 | N9: 推奨PTLv | Q9: 通常BGM | V9: ボスBGM
B10: 2話 | G10: =len(B10) | I10: 5 | K10: イベント全般 | N10: 15 | Q10: SSE_SBG_003_003 | V10: SSE_SBG_003_004
B12: 味方ゲートID | E12: 敵ゲートID | H12: 敵ゲートasset | K12: 敵ゲートHP | N12: リリースキー
B13: default | E13: event_jig1_charaget01_00002 | H13: event_jig_0001 | K13: 35000 | N13: 202601010
B15: ■報酬設計
B17: クリアコイン | E17: リーダーEXP | H17: 原画のかけら確率 | K17: 原画のかけら種
B18: 100 | E18: =I10*10 | H18: 1 | K18: 11,16
B20: ドロップ区分 | E20: リソースtype | G20: アイテムID | J20: アイテム名 | R20: ドロップ数 | T20: ドロップ率
B21: FirstClear | E21: =if(J21="プリズム","FreeDiamond","item") | G21: prism_glo_00001 | J21: プリズム | R21: 40 | T21: 100
B22: FirstClear | E22: =if(J22="プリズム","FreeDiamond","Item") | G22: Coin | J22: コイン | R22: 500 | T22: 100
B23: FirstClear | E23: =if(J23="プリズム","FreeDiamond","Item") | G23: memory_chara_jig_00701 | J23: メイのメモリー | R23: 200 | T23: 100
B24: Random | E24: =if(J24="プリズム","FreeDiamond","Item") | G24: piece_jig_00701 | J24: メイのかけら | R24: 1 | T24: 20
E25: =if(J25="プリズム","FreeDiamond","Item") | G25: none
E26: =if(J26="プリズム","FreeDiamond","Item") | G26: none
B28: ■コマ設計
B30: 行数 | D30: 行パターンID | F30: コマ数 | H30: コマ高さ | J30: コマ幅1 | L30: コマ幅2 | N30: コマ幅3 | P30: コマ幅4 | R30: コマ背景 | U30: コマ効果1 | Z30: 効果時間 | AB30: 効果数値 | AD30: コマ効果2 | AI30: 効果時間 | AK30: 効果数値 | AM30: コマ効果3 | AR30: 効果時間 | AT30: 効果数値 | AV30: コマ効果4 | BA30: 効果時間 | BC30: 効果数値
B31: 1行目 | D31: 5 | F31: =iferror(vlookup(D31,'行パターン'!$A$2:$C61,2,false),"error") | H31: 0.55 | J31: 0.25 | L31: 0.75 | N31: none | P31: none | R31: jig_00002
B32: 2行目 | D32: 4 | F32: =iferror(vlookup(D32,'行パターン'!$A$2:$C61,2,false),"error") | H32: 0.55 | J32: 0.75 | L32: 0.25 | N32: none | P32: none | R32: jig_00002 | U32: Gust | Z32: 1500 | AB32: 0.5
B33: 3行目 | F33: =iferror(vlookup(D33,'行パターン'!$A$2:$C61,2,false)," ")
B34: 4行目 | F34: =iferror(vlookup(D34,'行パターン'!$A$2:$C61,2,false)," ")
B35: 5行目 | F35: =iferror(vlookup(D35,'行パターン'!$A$2:$C61,2,false)," ")
B37: ■Enemyシーケンス | F37: ※コピペして使用
B39: sequence _group_id | D39: sequence_ element_id | F39: priority_sequence_element_id | H39: Enemy_ID | L39: ファントム名 | P39: unit_kind | R39: 属性 | T39: ロール | V39: オーラタイプ | X39: 死亡タイプ | Z39: 必殺ワザ有無 | AB39: 体力 | AD39: 体力係数 | AF39: 攻撃力 | AH39: 攻撃係数 | AJ39: 通常攻撃F | AL39: 通常攻撃CDF | AN39: 通常攻撃DPS | AP39: 通常攻撃備考 | AT39: 必殺技内容 | AY39: 必殺発動回数 | BA39: 必殺技F(秒) | BC39: 特性 | BE39: 移動速度 | BG39: well_distance | BI39: start_range | BK39: end_range | BM39: 攻撃範囲 | BO39: KB回数 | BQ39: 撃破p | BS39: 上書き撃破p | BU39: 変身先ID | BW39: 変身条件1 | BY39: 変身条件2 | CA39: 出撃条件 condition_type | CE39: 出撃開始値 condition_value | CG39: 出撃感覚値 summon_interval | CI39: 召喚回数 summon_count | CK39: アクション遅延 action_delay | CM39: 出撃 アニメーション | CO39: 召喚pos summon_position | CQ39: 移動開始条件 move_start_condition_type | CU39: 移動開始値 condition_value | CW39: 移動停止条件 move_stop_condition_type | DA39: 移動停止値 | DC39: 移動再スタート条件 move_restart_condition_type | DG39: 移動再スタート値 | DI39: 再スタート回数 move_loop_count | DK39: ゲート無敵化 | DM39: 出現停止条件 | DQ39: 停止条件値 | DS39: 備考 | EA39: sequence_group_id | EB39: sequence_element_id | EC39: priority_sequence_element_id | ED39: condition_type | EE39: condition_value | EF39: action_type | EG39: action_value | EH39: action_value2 | EI39: summon_count | EJ39: summon_interval | EK39: summon_animation_type | EL39: summon_position | EM39: move_start_condition_type | EN39: move_start_condition_value | EO39: move_stop_condition_type | EP39: move_stop_condition_value | EQ39: move_restart_condition_type | ER39: move_restart_condition_value | ES39: move_loop_count | ET39: is_summon_unit_outpost_damage_invalidation | EV39: aura_type | EW39: death_type | EX39: enemy_hp_coef | EY39: enemy_attack_coef | EZ39: enemy_speed_coef | FA39: override_drop_battle_point | FB39: defeated_score | FC39: action_delay | FD39: deactivation_condition_type | FE39: deactivation_condition_value
D40: 1 | H40: c_jig_00101_jig1_charaget01_Boss_Yellow | L40: 山田浅ェ門 佐切 | P40: Boss | R40: Yellow | T40: Attack | V40: Default | X40: Normal | AB40: 25000 | AD40: 2.5 | AF40: 300 | AH40: 3 | AJ40: 75 | AL40: 75 | AN40: =iferror(AF40*(50/(AJ40+AL40)),"攻撃力に数値を入力") | AT40: 中範囲攻撃 | AY40: 6 | BA40: 125 | BE40: 34 | BG40: 0.22 | BI40: 0 | BK40: 0.23 | BM40: 1 | BO40: 2 | BQ40: 100 | BS40: 200 | CA40: FriendUnitDead | CE40: 3 | CG40: 0 | CI40: 1 | CK40: 50 | CM40: None | CQ40: None | CW40: None | DC40: None | DK40: FALSE | DM40: None | EA40: =B40 | EB40: =D40 | EC40: =F40 | ED40: =CA40 | EE40: =CE40 | EF40: ="SummonEnemy" | EG40: =H40 | EI40: =CI40 | EJ40: =CG40 | EK40: =CM40 | EL40: =CO40 | EM40: =CQ40 | EN40: =CU40 | EO40: =CW40 | EP40: =DA40 | EQ40: =DC40 | ER40: =DG40 | ES40: =DI40 | ET40: =DK40 | EV40: =V40 | EW40: =X40 | EX40: =AD40 | EY40: =AH40 | EZ40: ="1" | FA40: =BS40 | FB40: 0 | FC40: =CK40 | FD40: =DM40
D41: 2 | H41: e_jig_00501_jig1_charaget01_Boss_Colorless | L41: 山田浅ェ門 源嗣 | P41: Boss | R41: Colorless | T41: Defense | V41: Default | X41: Normal | AB41: 90000 | AD41: 9 | AF41: 80 | AH41: 0.8 | AJ41: 71.5 | AN41: =iferror(AF41*(50/(AJ41+AL41)),"攻撃力に数値を入力") | AY41: - | BA41: none | BE41: 34 | BO41: 1 | BQ41: 100 | BS41: 200 | CA41: InitialSummon | CE41: 0 | CG41: 0 | CI41: 1 | CM41: None | CO41: 1.4 | CQ41: EnterTargetKoma | CU41: 1 | CW41: None | DC41: None | DK41: FALSE | DM41: None | EA41: =B41 | EB41: =D41 | EC41: =F41 | ED41: =CA41 | EE41: =CE41 | EF41: ="SummonEnemy" | EG41: =H41 | EI41: =CI41 | EJ41: =CG41 | EK41: =CM41 | EL41: =CO41 | EM41: =CQ41 | EN41: =CU41 | EO41: =CW41 | EP41: =DA41 | EQ41: =DC41 | ER41: =DG41 | ES41: =DI41 | ET41: =DK41 | EV41: =V41 | EW41: =X41 | EX41: =AD41 | EY41: =AH41 | EZ41: ="1" | FA41: =BS41 | FB41: 0 | FC41: =CK41 | FD41: =DM41
D42: 3 | H42: e_jig_00401_jig1_charaget01_Normal_Green | L42: 極楽蝶 | P42: Normal | R42: Green | T42: Technical | V42: Default | X42: Normal | AB42: 5000 | AD42: 5 | AF42: 50 | AH42: 0.5 | AJ42: 65 | AL42: 125 | AN42: =iferror(AF42*(50/(AJ42+AL42)),"攻撃力に数値を入力") | AP42: 100%の確率で6秒間1%の毒にする | AY42: - | BA42: none | BE42: 33 | BG42: 0.24 | BI42: 0 | BK42: 0.25 | BM42: 1 | BO42: 2 | BQ42: 50 | BS42: 75 | CA42: ElapsedTime | CE42: 250 | CG42: 50 | CI42: 2 | CM42: None | CQ42: None | CW42: None | DC42: None | DK42: FALSE | DM42: None | EA42: =B42 | EB42: =D42 | EC42: =F42 | ED42: =CA42 | EE42: =CE42 | EF42: ="SummonEnemy" | EG42: =H42 | EI42: =CI42 | EJ42: =CG42 | EK42: =CM42 | EL42: =CO42 | EM42: =CQ42 | EN42: =CU42 | EO42: =CW42 | EP42: =DA42 | EQ42: =DC42 | ER42: =DG42 | ES42: =DI42 | ET42: =DK42 | EV42: =V42 | EW42: =X42 | EX42: =AD42 | EY42: =AH42 | EZ42: ="1" | FA42: =BS42 | FB42: 0 | FC42: =CK42 | FD42: =DM42
D43: 4 | H43: e_jig_00401_jig1_charaget01_Normal_Green | L43: 極楽蝶 | P43: Normal | R43: Green | T43: Technical | V43: Default | X43: Normal | AB43: 5000 | AD43: 5 | AF43: 50 | AH43: 0.5 | AJ43: 65 | AL43: 125 | AN43: =iferror(AF43*(50/(AJ43+AL43)),"攻撃力に数値を入力") | AP43: 100%の確率で6秒間1%の毒にする | AY43: - | BA43: none | BE43: 33 | BG43: 0.24 | BI43: 0 | BK43: 0.25 | BM43: 1 | BO43: 2 | BQ43: 50 | BS43: 75 | CA43: ElapsedTime | CE43: 1700 | CG43: 50 | CI43: 2 | CM43: None | CQ43: None | CW43: None | DC43: None | DK43: FALSE | DM43: None | EA43: =B43 | EB43: =D43 | EC43: =F43 | ED43: =CA43 | EE43: =CE43 | EF43: ="SummonEnemy" | EG43: =H43 | EI43: =CI43 | EJ43: =CG43 | EK43: =CM43 | EL43: =CO43 | EM43: =CQ43 | EN43: =CU43 | EO43: =CW43 | EP43: =DA43 | EQ43: =DC43 | ER43: =DG43 | ES43: =DI43 | ET43: =DK43 | EV43: =V43 | EW43: =X43 | EX43: =AD43 | EY43: =AH43 | EZ43: ="1" | FA43: =BS43 | FB43: 0 | FC43: =CK43 | FD43: =DM43
D44: 5 | H44: e_jig_00301_jig1_charaget01_Normal_Green | L44: 竈神 魚 | P44: Normal | R44: Green | T44: Attack | V44: Default | X44: Normal | AB44: 8000 | AD44: 8 | AF44: 100 | AH44: 1 | AJ44: 75 | AL44: 10 | AN44: =iferror(AF44*(50/(AJ44+AL44)),"攻撃力に数値を入力") | AY44: - | BA44: none | BE44: 37 | BG44: 0.22 | BI44: 0 | BK44: 0.23 | BM44: 1 | BO44: 4 | BQ44: 50 | BS44: 75 | CA44: ElapsedTime | CE44: 2200 | CG44: 0 | CI44: 1 | CM44: None | CQ44: None | CW44: None | DC44: None | DK44: FALSE | DM44: None | EA44: =B44 | EB44: =D44 | EC44: =F44 | ED44: =CA44 | EE44: =CE44 | EF44: ="SummonEnemy" | EG44: =H44 | EI44: =CI44 | EJ44: =CG44 | EK44: =CM44 | EL44: =CO44 | EM44: =CQ44 | EN44: =CU44 | EO44: =CW44 | EP44: =DA44 | EQ44: =DC44 | ER44: =DG44 | ES44: =DI44 | ET44: =DK44 | EV44: =V44 | EW44: =X44 | EX44: =AD44 | EY44: =AH44 | EZ44: ="1" | FA44: =BS44 | FB44: 0 | FC44: =CK44 | FD44: =DM44
L45: none | P45: none | R45: none | T45: none | V45: Default | X45: Normal | AB45: none | AD45: 1 | AF45: none | AH45: 1 | AJ45: none | AL45: none | AN45: =iferror(AF45*(50/(AJ45+AL45)),"攻撃力に数値を入力") | AP45: none | AT45: none | AY45: none | BA45: none | BC45: none | BE45: none | BG45: none | BI45: none | BK45: none | BM45: none | BO45: none | BQ45: none | CA45: 未入力 | CM45: None | CQ45: None | CW45: None | DC45: None | DK45: FALSE | DM45: None | EA45: =B45 | EB45: =D45 | EC45: =F45 | ED45: =CA45 | EE45: =CE45 | EF45: ="SummonEnemy" | EG45: =H45 | EI45: =CI45 | EJ45: =CG45 | EK45: =CM45 | EL45: =CO45 | EM45: =CQ45 | EN45: =CU45 | EO45: =CW45 | EP45: =DA45 | EQ45: =DC45 | ER45: =DG45 | ES45: =DI45 | ET45: =DK45 | EV45: =V45 | EW45: =X45 | EX45: =AD45 | EY45: =AH45 | EZ45: ="1" | FA45: =BS45 | FB45: 0 | FC45: =CK45 | FD45: =DM45
L46: none | P46: none | R46: none | T46: none | V46: Default | X46: Normal | AB46: none | AD46: 1 | AF46: none | AH46: 1 | AJ46: none | AL46: none | AN46: =iferror(AF46*(50/(AJ46+AL46)),"攻撃力に数値を入力") | AP46: none | AT46: none | AY46: none | BA46: none | BC46: none | BE46: none | BG46: none | BI46: none | BK46: none | BM46: none | BO46: none | BQ46: none | CA46: 未入力 | CM46: None | CQ46: None | CW46: None | DC46: None | DK46: FALSE | DM46: None | EA46: =B46 | EB46: =D46 | EC46: =F46 | ED46: =CA46 | EE46: =CE46 | EF46: ="SummonEnemy" | EG46: =H46 | EI46: =CI46 | EJ46: =CG46 | EK46: =CM46 | EL46: =CO46 | EM46: =CQ46 | EN46: =CU46 | EO46: =CW46 | EP46: =DA46 | EQ46: =DC46 | ER46: =DG46 | ES46: =DI46 | ET46: =DK46 | EV46: =V46 | EW46: =X46 | EX46: =AD46 | EY46: =AH46 | EZ46: ="1" | FA46: =BS46 | FB46: 0 | FC46: =CK46 | FD46: =DM46
L47: none | P47: none | R47: none | T47: none | V47: Default | X47: Normal | AB47: none | AD47: 1 | AF47: none | AH47: 1 | AJ47: none | AL47: none | AN47: =iferror(AF47*(50/(AJ47+AL47)),"攻撃力に数値を入力") | AP47: none | AT47: none | AY47: none | BA47: none | BC47: none | BE47: none | BG47: none | BI47: none | BK47: none | BM47: none | BO47: none | BQ47: none | CA47: 未入力 | CM47: None | CQ47: None | CW47: None | DC47: None | DK47: FALSE | DM47: None | EA47: =B47 | EB47: =D47 | EC47: =F47 | ED47: =CA47 | EE47: =CE47 | EF47: ="SummonEnemy" | EG47: =H47 | EI47: =CI47 | EJ47: =CG47 | EK47: =CM47 | EL47: =CO47 | EM47: =CQ47 | EN47: =CU47 | EO47: =CW47 | EP47: =DA47 | EQ47: =DC47 | ER47: =DG47 | ES47: =DI47 | ET47: =DK47 | EV47: =V47 | EW47: =X47 | EX47: =AD47 | EY47: =AH47 | EZ47: ="1" | FA47: =BS47 | FB47: 0 | FC47: =CK47 | FD47: =DM47
L48: none | P48: none | R48: none | T48: none | V48: Default | X48: Normal | AB48: none | AD48: 1 | AF48: none | AH48: 1 | AJ48: none | AL48: none | AN48: =iferror(AF48*(50/(AJ48+AL48)),"攻撃力に数値を入力") | AP48: none | AT48: none | AY48: none | BA48: none | BC48: none | BE48: none | BG48: none | BI48: none | BK48: none | BM48: none | BO48: none | BQ48: none | CA48: 未入力 | CM48: None | CQ48: None | CW48: None | DC48: None | DK48: FALSE | DM48: None | EA48: =B48 | EB48: =D48 | EC48: =F48 | ED48: =CA48 | EE48: =CE48 | EF48: ="SummonEnemy" | EG48: =H48 | EI48: =CI48 | EJ48: =CG48 | EK48: =CM48 | EL48: =CO48 | EM48: =CQ48 | EN48: =CU48 | EO48: =CW48 | EP48: =DA48 | EQ48: =DC48 | ER48: =DG48 | ES48: =DI48 | ET48: =DK48 | EV48: =V48 | EW48: =X48 | EX48: =AD48 | EY48: =AH48 | EZ48: ="1" | FA48: =BS48 | FB48: 0 | FC48: =CK48 | FD48: =DM48
L49: none | P49: none | R49: none | T49: none | V49: Default | X49: Normal | AB49: none | AD49: 1 | AF49: none | AH49: 1 | AJ49: none | AL49: none | AN49: =iferror(AF49*(50/(AJ49+AL49)),"攻撃力に数値を入力") | AP49: none | AT49: none | AY49: none | BA49: none | BC49: none | BE49: none | BG49: none | BI49: none | BK49: none | BM49: none | BO49: none | BQ49: none | CA49: 未入力 | CM49: None | CQ49: None | CW49: None | DC49: None | DK49: FALSE | DM49: None | EA49: =B49 | EB49: =D49 | EC49: =F49 | ED49: =CA49 | EE49: =CE49 | EF49: ="SummonEnemy" | EG49: =H49 | EI49: =CI49 | EJ49: =CG49 | EK49: =CM49 | EL49: =CO49 | EM49: =CQ49 | EN49: =CU49 | EO49: =CW49 | EP49: =DA49 | EQ49: =DC49 | ER49: =DG49 | ES49: =DI49 | ET49: =DK49 | EV49: =V49 | EW49: =X49 | EX49: =AD49 | EY49: =AH49 | EZ49: ="1" | FA49: =BS49 | FB49: 0 | FC49: =CK49 | FD49: =DM49
L50: none | P50: none | R50: none | T50: none | V50: Default | X50: Normal | AB50: none | AD50: 1 | AF50: none | AH50: 1 | AJ50: none | AL50: none | AN50: =iferror(AF50*(50/(AJ50+AL50)),"攻撃力に数値を入力") | AP50: none | AT50: none | AY50: none | BA50: none | BC50: none | BE50: none | BG50: none | BI50: none | BK50: none | BM50: none | BO50: none | BQ50: none | CA50: 未入力 | CM50: None | CQ50: None | CW50: None | DC50: None | DK50: FALSE | DM50: None | EA50: =B50 | EB50: =D50 | EC50: =F50 | ED50: =CA50 | EE50: =CE50 | EF50: ="SummonEnemy" | EG50: =H50 | EI50: =CI50 | EJ50: =CG50 | EK50: =CM50 | EL50: =CO50 | EM50: =CQ50 | EN50: =CU50 | EO50: =CW50 | EP50: =DA50 | EQ50: =DC50 | ER50: =DG50 | ES50: =DI50 | ET50: =DK50 | EV50: =V50 | EW50: =X50 | EX50: =AD50 | EY50: =AH50 | EZ50: ="1" | FA50: =BS50 | FB50: 0 | FC50: =CK50 | FD50: =DM50
L51: none | P51: none | R51: none | T51: none | V51: Default | X51: Normal | AB51: none | AD51: 1 | AF51: none | AH51: 1 | AJ51: none | AL51: none | AN51: =iferror(AF51*(50/(AJ51+AL51)),"攻撃力に数値を入力") | AP51: none | AT51: none | AY51: none | BA51: none | BC51: none | BE51: none | BG51: none | BI51: none | BK51: none | BM51: none | BO51: none | BQ51: none | CA51: 未入力 | CM51: None | CQ51: None | CW51: None | DC51: None | DK51: FALSE | DM51: None | EA51: =B51 | EB51: =D51 | EC51: =F51 | ED51: =CA51 | EE51: =CE51 | EF51: ="SummonEnemy" | EG51: =H51 | EI51: =CI51 | EJ51: =CG51 | EK51: =CM51 | EL51: =CO51 | EM51: =CQ51 | EN51: =CU51 | EO51: =CW51 | EP51: =DA51 | EQ51: =DC51 | ER51: =DG51 | ES51: =DI51 | ET51: =DK51 | EV51: =V51 | EW51: =X51 | EX51: =AD51 | EY51: =AH51 | EZ51: ="1" | FA51: =BS51 | FB51: 0 | FC51: =CK51 | FD51: =DM51
L52: none | P52: none | R52: none | T52: none | V52: Default | X52: Normal | AB52: none | AD52: 1 | AF52: none | AH52: 1 | AJ52: none | AL52: none | AN52: =iferror(AF52*(50/(AJ52+AL52)),"攻撃力に数値を入力") | AP52: none | AT52: none | AY52: none | BA52: none | BC52: none | BE52: none | BG52: none | BI52: none | BK52: none | BM52: none | BO52: none | BQ52: none | CA52: 未入力 | CM52: None | CQ52: None | CW52: None | DC52: None | DK52: FALSE | DM52: None | EA52: =B52 | EB52: =D52 | EC52: =F52 | ED52: =CA52 | EE52: =CE52 | EF52: ="SummonEnemy" | EG52: =H52 | EI52: =CI52 | EJ52: =CG52 | EK52: =CM52 | EL52: =CO52 | EM52: =CQ52 | EN52: =CU52 | EO52: =CW52 | EP52: =DA52 | EQ52: =DC52 | ER52: =DG52 | ES52: =DI52 | ET52: =DK52 | EV52: =V52 | EW52: =X52 | EX52: =AD52 | EY52: =AH52 | EZ52: ="1" | FA52: =BS52 | FB52: 0 | FC52: =CK52 | FD52: =DM52
L53: none | P53: none | R53: none | T53: none | V53: Default | X53: Normal | AB53: none | AD53: 1 | AF53: none | AH53: 1 | AJ53: none | AL53: none | AN53: =iferror(AF53*(50/(AJ53+AL53)),"攻撃力に数値を入力") | AP53: none | AT53: none | AY53: none | BA53: none | BC53: none | BE53: none | BG53: none | BI53: none | BK53: none | BM53: none | BO53: none | BQ53: none | CA53: 未入力 | CM53: None | CQ53: None | CW53: None | DC53: None | DK53: FALSE | DM53: None | EA53: =B53 | EB53: =D53 | EC53: =F53 | ED53: =CA53 | EE53: =CE53 | EF53: ="SummonEnemy" | EG53: =H53 | EI53: =CI53 | EJ53: =CG53 | EK53: =CM53 | EL53: =CO53 | EM53: =CQ53 | EN53: =CU53 | EO53: =CW53 | EP53: =DA53 | EQ53: =DC53 | ER53: =DG53 | ES53: =DI53 | ET53: =DK53 | EV53: =V53 | EW53: =X53 | EX53: =AD53 | EY53: =AH53 | EZ53: ="1" | FA53: =BS53 | FB53: 0 | FC53: =CK53 | FD53: =DM53
L54: none | P54: none | R54: none | T54: none | V54: Default | X54: Normal | AB54: none | AD54: 1 | AF54: none | AH54: 1 | AJ54: none | AL54: none | AN54: =iferror(AF54*(50/(AJ54+AL54)),"攻撃力に数値を入力") | AP54: none | AT54: none | AY54: none | BA54: none | BC54: none | BE54: none | BG54: none | BI54: none | BK54: none | BM54: none | BO54: none | BQ54: none | CA54: 未入力 | CM54: None | CQ54: None | CW54: None | DC54: None | DK54: FALSE | DM54: None | EA54: =B54 | EB54: =D54 | EC54: =F54 | ED54: =CA54 | EE54: =CE54 | EF54: ="SummonEnemy" | EG54: =H54 | EI54: =CI54 | EJ54: =CG54 | EK54: =CM54 | EL54: =CO54 | EM54: =CQ54 | EN54: =CU54 | EO54: =CW54 | EP54: =DA54 | EQ54: =DC54 | ER54: =DG54 | ES54: =DI54 | ET54: =DK54 | EV54: =V54 | EW54: =X54 | EX54: =AD54 | EY54: =AH54 | EZ54: ="1" | FA54: =BS54 | FB54: 0 | FC54: =CK54 | FD54: =DM54
L55: none | P55: none | R55: none | T55: none | V55: Default | X55: Normal | AB55: none | AD55: 1 | AF55: none | AH55: 1 | AJ55: none | AL55: none | AN55: =iferror(AF55*(50/(AJ55+AL55)),"攻撃力に数値を入力") | AP55: none | AT55: none | AY55: none | BA55: none | BC55: none | BE55: none | BG55: none | BI55: none | BK55: none | BM55: none | BO55: none | BQ55: none | CA55: 未入力 | CM55: None | CQ55: None | CW55: None | DC55: None | DK55: FALSE | DM55: None | EA55: =B55 | EB55: =D55 | EC55: =F55 | ED55: =CA55 | EE55: =CE55 | EF55: ="SummonEnemy" | EG55: =H55 | EI55: =CI55 | EJ55: =CG55 | EK55: =CM55 | EL55: =CO55 | EM55: =CQ55 | EN55: =CU55 | EO55: =CW55 | EP55: =DA55 | EQ55: =DC55 | ER55: =DG55 | ES55: =DI55 | ET55: =DK55 | EV55: =V55 | EW55: =X55 | EX55: =AD55 | EY55: =AH55 | EZ55: ="1" | FA55: =BS55 | FB55: 0 | FC55: =CK55 | FD55: =DM55
L56: none | P56: none | R56: none | T56: none | V56: Default | X56: Normal | AB56: none | AD56: 1 | AF56: none | AH56: 1 | AJ56: none | AL56: none | AN56: =iferror(AF56*(50/(AJ56+AL56)),"攻撃力に数値を入力") | AP56: none | AT56: none | AY56: none | BA56: none | BC56: none | BE56: none | BG56: none | BI56: none | BK56: none | BM56: none | BO56: none | BQ56: none | CA56: 未入力 | CM56: None | CQ56: None | CW56: None | DC56: None | DK56: FALSE | DM56: None | EA56: =B56 | EB56: =D56 | EC56: =F56 | ED56: =CA56 | EE56: =CE56 | EF56: ="SummonEnemy" | EG56: =H56 | EI56: =CI56 | EJ56: =CG56 | EK56: =CM56 | EL56: =CO56 | EM56: =CQ56 | EN56: =CU56 | EO56: =CW56 | EP56: =DA56 | EQ56: =DC56 | ER56: =DG56 | ES56: =DI56 | ET56: =DK56 | EV56: =V56 | EW56: =X56 | EX56: =AD56 | EY56: =AH56 | EZ56: ="1" | FA56: =BS56 | FB56: 0 | FC56: =CK56 | FD56: =DM56
... L59: none | P59: none | R59: none | T59: none | V59: Default | X59: Normal | AB59: none | AD59: 1 | AF59: none | AH59: 1 | AJ59: none | AL59: none | AN59: =iferror(AF59*(50/(AJ59+AL59)),"攻撃力に数値を入力") | AP59: none | AT59: none | AY59: none | BA59: none | BC59: none | BE59: none | BG59: none | BI59: none | BK59: none | BM59: none | BO59: none | BQ59: none | CA59: 未入力 | CM59: None | CQ59: None | CW59: None | DC59: None | DK59: FALSE | DM59: None | EA59: =B59 | EB59: =D59 | EC59: =F59 | ED59: =CA59 | EE59: =CE59 | EF59: ="SummonEnemy" | EG59: =H59 | EI59: =CI59 | EJ59: =CG59 | EK59: =CM59 | EL59: =CO59 | EM59: =CQ59 | EN59: =CU59 | EO59: =CW59 | EP59: =DA59 | EQ59: =DC59 | ER59: =DG59 | ES59: =DI59 | ET59: =DK59 | EV59: =V59 | EW59: =X59 | EX59: =AD59 | EY59: =AH59 | EZ59: ="1" | FA59: =BS59 | FB59: 0 | FC59: =CK59 | FD59: =DM59

Sheet 3話
B2: ■基礎情報
B4: ステージコンセプト | S4: ステージ情報詳細
B5: 強敵 がらんの画眉丸 山田浅ェ門 佐切 雑魚 蝶 | S5: 【属性情報】 黄属性の敵が登場するので緑属性のキャラは有利に戦うこともできるぞ! さらに、無属性の敵も登場するぞ! 【ギミック情報】 火傷攻撃をしてくる敵が登場するぞ! 特性で火傷ダメージ軽減を持っているキャラを編成しよう! 味方がコマに侵入すると、出現する敵もいるぞ!
B9: ステージ名（最大20文字） | G9: 文字数 | I9: スタミナ | K9: 難易度 | N9: 推奨PTLv | Q9: 通常BGM | V9: ボスBGM
B10: 3話 | G10: =len(B10) | I10: 7 | K10: イベント全般 | N10: 20 | Q10: SSE_SBG_003_003 | V10: SSE_SBG_003_004
B12: 味方ゲートID | E12: 敵ゲートID | H12: 敵ゲートasset | K12: 敵ゲートHP | N12: リリースキー
B13: default | E13: event_jig1_charaget01_00003 | H13: event_jig_0001 | K13: 40000 | N13: 202601010
B15: ■報酬設計
B17: クリアコイン | E17: リーダーEXP | H17: 原画のかけら確率 | K17: 原画のかけら種
B18: 150 | E18: =I10*10 | H18: 1 | K18: 2,9,13
B20: ドロップ区分 | E20: リソースtype | G20: アイテムID | J20: アイテム名 | R20: ドロップ数 | T20: ドロップ率
B21: FirstClear | E21: =if(J21="プリズム","FreeDiamond","item") | G21: prism_glo_00001 | J21: プリズム | R21: 40 | T21: 100
B22: FirstClear | E22: =if(J22="プリズム","FreeDiamond","Item") | G22: Coin | J22: コイン | R22: 500 | T22: 100
B23: FirstClear | E23: =if(J23="プリズム","FreeDiamond","Item") | G23: memory_chara_jig_00701 | J23: メイのメモリー | R23: 300 | T23: 100
B24: Random | E24: =if(J24="プリズム","FreeDiamond","Item") | G24: piece_jig_00701 | J24: メイのかけら | R24: 2 | T24: 30
E25: =if(J25="プリズム","FreeDiamond","Item") | G25: none
E26: =if(J26="プリズム","FreeDiamond","Item") | G26: none
B28: ■コマ設計
B30: 行数 | D30: 行パターンID | F30: コマ数 | H30: コマ高さ | J30: コマ幅1 | L30: コマ幅2 | N30: コマ幅3 | P30: コマ幅4 | R30: コマ背景 | U30: コマ効果1 | Z30: 効果時間 | AB30: 効果数値 | AD30: コマ効果2 | AI30: 効果時間 | AK30: 効果数値 | AM30: コマ効果3 | AR30: 効果時間 | AT30: 効果数値 | AV30: コマ効果4 | BA30: 効果時間 | BC30: 効果数値
B31: 1行目 | D31: 1 | F31: =iferror(vlookup(D31,'行パターン'!$A$2:$C61,2,false),"error") | H31: 0.55 | J31: 1 | L31: none | N31: none | P31: none | R31: jig_00002
B32: 2行目 | D32: 6 | F32: =iferror(vlookup(D32,'行パターン'!$A$2:$C61,2,false),"error") | H32: 0.55 | J32: 0.5 | L32: 0.5 | N32: none | P32: none | R32: jig_00002
B33: 3行目 | F33: =iferror(vlookup(D33,'行パターン'!$A$2:$C61,2,false)," ")
B34: 4行目 | F34: =iferror(vlookup(D34,'行パターン'!$A$2:$C61,2,false)," ")
B35: 5行目 | F35: =iferror(vlookup(D35,'行パターン'!$A$2:$C61,2,false)," ")
B37: ■Enemyシーケンス | F37: ※コピペして使用
B39: sequence _group_id | D39: sequence_ element_id | F39: priority_sequence_element_id | H39: Enemy_ID | L39: ファントム名 | P39: unit_kind | R39: 属性 | T39: ロール | V39: オーラタイプ | X39: 死亡タイプ | Z39: 必殺ワザ有無 | AB39: 体力 | AD39: 体力係数 | AF39: 攻撃力 | AH39: 攻撃係数 | AJ39: 通常攻撃F | AL39: 通常攻撃CDF | AN39: 通常攻撃DPS | AP39: 通常攻撃備考 | AT39: 必殺技内容 | AY39: 必殺発動回数 | BA39: 必殺技F(秒) | BC39: 特性 | BE39: 移動速度 | BG39: well_distance | BI39: start_range | BK39: end_range | BM39: 攻撃範囲 | BO39: KB回数 | BQ39: 撃破p | BS39: 上書き撃破p | BU39: 変身先ID | BW39: 変身条件1 | BY39: 変身条件2 | CA39: 出撃条件 condition_type | CE39: 出撃開始値 condition_value | CG39: 出撃感覚値 summon_interval | CI39: 召喚回数 summon_count | CK39: アクション遅延 action_delay | CM39: 出撃 アニメーション | CO39: 召喚pos summon_position | CQ39: 移動開始条件 move_start_condition_type | CU39: 移動開始値 condition_value | CW39: 移動停止条件 move_stop_condition_type | DA39: 移動停止値 | DC39: 移動再スタート条件 move_restart_condition_type | DG39: 移動再スタート値 | DI39: 再スタート回数 move_loop_count | DK39: ゲート無敵化 | DM39: 出現停止条件 | DQ39: 停止条件値 | DS39: 備考 | EA39: sequence_group_id | EB39: sequence_element_id | EC39: priority_sequence_element_id | ED39: condition_type | EE39: condition_value | EF39: action_type | EG39: action_value | EH39: action_value2 | EI39: summon_count | EJ39: summon_interval | EK39: summon_animation_type | EL39: summon_position | EM39: move_start_condition_type | EN39: move_start_condition_value | EO39: move_stop_condition_type | EP39: move_stop_condition_value | EQ39: move_restart_condition_type | ER39: move_restart_condition_value | ES39: move_loop_count | ET39: is_summon_unit_outpost_damage_invalidation | EV39: aura_type | EW39: death_type | EX39: enemy_hp_coef | EY39: enemy_attack_coef | EZ39: enemy_speed_coef | FA39: override_drop_battle_point | FB39: defeated_score | FC39: action_delay | FD39: deactivation_condition_type | FE39: deactivation_condition_value
D40: 1 | H40: c_jig_00001_jig1_charaget01_Boss_Yellow | L40: がらんの画眉丸 | P40: Boss | R40: Yellow | T40: Technical | V40: Default | X40: Normal | AB40: 40000 | AD40: 4 | AF40: 200 | AH40: 2 | AJ40: 58.5 | AL40: 80 | AN40: =iferror(AF40*(50/(AJ40+AL40)),"攻撃力に数値を入力") | AT40: 100%の確率で3秒間500ダメージの火傷にする | AY40: 5 | BA40: 115 | BE40: 41 | BG40: 0.24 | BI40: 0 | BK40: 0.25 | BM40: 1 | BO40: 3 | BQ40: 100 | BS40: 200 | CA40: EnterTargetKomaIndex | CE40: 1 | CG40: 0 | CI40: 1 | CK40: 50 | CM40: None | CQ40: None | CW40: None | DC40: None | DK40: FALSE | DM40: None | EA40: =B40 | EB40: =D40 | EC40: =F40 | ED40: =CA40 | EE40: =CE40 | EF40: ="SummonEnemy" | EG40: =H40 | EI40: =CI40 | EJ40: =CG40 | EK40: =CM40 | EL40: =CO40 | EM40: =CQ40 | EN40: =CU40 | EO40: =CW40 | EP40: =DA40 | EQ40: =DC40 | ER40: =DG40 | ES40: =DI40 | ET40: =DK40 | EV40: =V40 | EW40: =X40 | EX40: =AD40 | EY40: =AH40 | EZ40: ="1" | FA40: =BS40 | FB40: 0 | FC40: =CK40 | FD40: =DM40
D41: 2 | H41: c_jig_00101_jig1_charaget01_Boss_Yellow | L41: 山田浅ェ門 佐切 | P41: Boss | R41: Yellow | T41: Attack | V41: Default | X41: Normal | AB41: 30000 | AD41: 3 | AF41: 300 | AH41: 3 | AJ41: 75 | AL41: 75 | AN41: =iferror(AF41*(50/(AJ41+AL41)),"攻撃力に数値を入力") | AT41: 中範囲攻撃 | AY41: 6 | BA41: 125 | BE41: 34 | BG41: 0.22 | BI41: 0 | BK41: 0.23 | BM41: 1 | BO41: 2 | BQ41: 100 | BS41: 200 | CA41: EnterTargetKomaIndex | CE41: 1 | CG41: 0 | CI41: 1 | CK41: 300 | CM41: None | CQ41: None | CW41: None | DC41: None | DK41: FALSE | DM41: None | EA41: =B41 | EB41: =D41 | EC41: =F41 | ED41: =CA41 | EE41: =CE41 | EF41: ="SummonEnemy" | EG41: =H41 | EI41: =CI41 | EJ41: =CG41 | EK41: =CM41 | EL41: =CO41 | EM41: =CQ41 | EN41: =CU41 | EO41: =CW41 | EP41: =DA41 | EQ41: =DC41 | ER41: =DG41 | ES41: =DI41 | ET41: =DK41 | EV41: =V41 | EW41: =X41 | EX41: =AD41 | EY41: =AH41 | EZ41: ="1" | FA41: =BS41 | FB41: 0 | FC41: =CK41 | FD41: =DM41
D42: 3 | H42: e_jig_00402_jig1_charaget01_Normal_Colorless | L42: 極楽蝶 | P42: Normal | R42: Colorless | T42: Defense | V42: Default | X42: Normal | AB42: 20000 | AD42: 20 | AF42: 80 | AH42: 0.8 | AJ42: 105 | AL42: 200 | AN42: =iferror(AF42*(50/(AJ42+AL42)),"攻撃力に数値を入力") | AY42: - | BA42: none | BE42: 25 | BG42: 0.22 | BI42: 0 | BK42: 0.23 | BM42: 100 | BO42: 2 | BQ42: 50 | BS42: 50 | CA42: InitialSummon | CE42: 1 | CG42: 0 | CI42: 1 | CM42: None | CO42: 1.7 | CQ42: EnterTargetKoma | CU42: 1 | CW42: None | DC42: None | DK42: FALSE | DM42: None | EA42: =B42 | EB42: =D42 | EC42: =F42 | ED42: =CA42 | EE42: =CE42 | EF42: ="SummonEnemy" | EG42: =H42 | EI42: =CI42 | EJ42: =CG42 | EK42: =CM42 | EL42: =CO42 | EM42: =CQ42 | EN42: =CU42 | EO42: =CW42 | EP42: =DA42 | EQ42: =DC42 | ER42: =DG42 | ES42: =DI42 | ET42: =DK42 | EV42: =V42 | EW42: =X42 | EX42: =AD42 | EY42: =AH42 | EZ42: ="1" | FA42: =BS42 | FB42: 0 | FC42: =CK42 | FD42: =DM42
D43: 4 | H43: e_jig_00402_jig1_charaget01_Normal_Colorless | L43: 極楽蝶 | P43: Normal | R43: Colorless | T43: Defense | V43: Default | X43: Normal | AB43: 20000 | AD43: 20 | AF43: 80 | AH43: 0.8 | AJ43: 105 | AL43: 200 | AN43: =iferror(AF43*(50/(AJ43+AL43)),"攻撃力に数値を入力") | AY43: - | BA43: none | BE43: 25 | BG43: 0.22 | BI43: 0 | BK43: 0.23 | BM43: 100 | BO43: 2 | BQ43: 50 | BS43: 50 | CA43: FriendUnitDead | CE43: 3 | CG43: 50 | CI43: 2 | CM43: None | CQ43: None | CW43: None | DC43: None | DK43: FALSE | DM43: None | EA43: =B43 | EB43: =D43 | EC43: =F43 | ED43: =CA43 | EE43: =CE43 | EF43: ="SummonEnemy" | EG43: =H43 | EI43: =CI43 | EJ43: =CG43 | EK43: =CM43 | EL43: =CO43 | EM43: =CQ43 | EN43: =CU43 | EO43: =CW43 | EP43: =DA43 | EQ43: =DC43 | ER43: =DG43 | ES43: =DI43 | ET43: =DK43 | EV43: =V43 | EW43: =X43 | EX43: =AD43 | EY43: =AH43 | EZ43: ="1" | FA43: =BS43 | FB43: 0 | FC43: =CK43 | FD43: =DM43
D44: 5 | H44: e_jig_00402_jig1_charaget01_Normal_Colorless | L44: 極楽蝶 | P44: Normal | R44: Colorless | T44: Defense | V44: Default | X44: Normal | AB44: 20000 | AD44: 20 | AF44: 80 | AH44: 0.8 | AJ44: 105 | AL44: 200 | AN44: =iferror(AF44*(50/(AJ44+AL44)),"攻撃力に数値を入力") | AY44: - | BA44: none | BE44: 25 | BG44: 0.22 | BI44: 0 | BK44: 0.23 | BM44: 100 | BO44: 2 | BQ44: 50 | BS44: 50 | CA44: ElapsedTime | CE44: 1500 | CG44: 0 | CI44: 1 | CM44: None | CQ44: None | CW44: None | DC44: None | DK44: FALSE | DM44: None | EA44: =B44 | EB44: =D44 | EC44: =F44 | ED44: =CA44 | EE44: =CE44 | EF44: ="SummonEnemy" | EG44: =H44 | EI44: =CI44 | EJ44: =CG44 | EK44: =CM44 | EL44: =CO44 | EM44: =CQ44 | EN44: =CU44 | EO44: =CW44 | EP44: =DA44 | EQ44: =DC44 | ER44: =DG44 | ES44: =DI44 | ET44: =DK44 | EV44: =V44 | EW44: =X44 | EX44: =AD44 | EY44: =AH44 | EZ44: ="1" | FA44: =BS44 | FB44: 0 | FC44: =CK44 | FD44: =DM44
D45: 6 | H45: e_jig_00402_jig1_charaget01_Normal_Colorless | L45: 極楽蝶 | P45: Normal | R45: Colorless | T45: Defense | V45: Default | X45: Normal | AB45: 20000 | AD45: 20 | AF45: 80 | AH45: 0.8 | AJ45: 105 | AL45: 200 | AN45: =iferror(AF45*(50/(AJ45+AL45)),"攻撃力に数値を入力") | AY45: - | BA45: none | BE45: 25 | BG45: 0.22 | BI45: 0 | BK45: 0.23 | BM45: 100 | BO45: 2 | BQ45: 50 | BS45: 50 | CA45: FriendUnitDead | CE45: 2 | CG45: 1000 | CI45: 3 | CK45: 50 | CM45: None | CQ45: None | CW45: None | DC45: None | DK45: FALSE | DM45: None | EA45: =B45 | EB45: =D45 | EC45: =F45 | ED45: =CA45 | EE45: =CE45 | EF45: ="SummonEnemy" | EG45: =H45 | EI45: =CI45 | EJ45: =CG45 | EK45: =CM45 | EL45: =CO45 | EM45: =CQ45 | EN45: =CU45 | EO45: =CW45 | EP45: =DA45 | EQ45: =DC45 | ER45: =DG45 | ES45: =DI45 | ET45: =DK45 | EV45: =V45 | EW45: =X45 | EX45: =AD45 | EY45: =AH45 | EZ45: ="1" | FA45: =BS45 | FB45: 0 | FC45: =CK45 | FD45: =DM45
L46: none | P46: none | R46: none | T46: none | V46: Default | X46: Normal | AB46: none | AD46: 1 | AF46: none | AH46: 1 | AJ46: none | AL46: none | AN46: =iferror(AF46*(50/(AJ46+AL46)),"攻撃力に数値を入力") | AP46: none | AT46: none | AY46: none | BA46: none | BC46: none | BE46: none | BG46: none | BI46: none | BK46: none | BM46: none | BO46: none | BQ46: none | CA46: 未入力 | CM46: None | CQ46: None | CW46: None | DC46: None | DK46: FALSE | DM46: None | EA46: =B46 | EB46: =D46 | EC46: =F46 | ED46: =CA46 | EE46: =CE46 | EF46: ="SummonEnemy" | EG46: =H46 | EI46: =CI46 | EJ46: =CG46 | EK46: =CM46 | EL46: =CO46 | EM46: =CQ46 | EN46: =CU46 | EO46: =CW46 | EP46: =DA46 | EQ46: =DC46 | ER46: =DG46 | ES46: =DI46 | ET46: =DK46 | EV46: =V46 | EW46: =X46 | EX46: =AD46 | EY46: =AH46 | EZ46: ="1" | FA46: =BS46 | FB46: 0 | FC46: =CK46 | FD46: =DM46
L47: none | P47: none | R47: none | T47: none | V47: Default | X47: Normal | AB47: none | AD47: 1 | AF47: none | AH47: 1 | AJ47: none | AL47: none | AN47: =iferror(AF47*(50/(AJ47+AL47)),"攻撃力に数値を入力") | AP47: none | AT47: none | AY47: none | BA47: none | BC47: none | BE47: none | BG47: none | BI47: none | BK47: none | BM47: none | BO47: none | BQ47: none | CA47: 未入力 | CM47: None | CQ47: None | CW47: None | DC47: None | DK47: FALSE | DM47: None | EA47: =B47 | EB47: =D47 | EC47: =F47 | ED47: =CA47 | EE47: =CE47 | EF47: ="SummonEnemy" | EG47: =H47 | EI47: =CI47 | EJ47: =CG47 | EK47: =CM47 | EL47: =CO47 | EM47: =CQ47 | EN47: =CU47 | EO47: =CW47 | EP47: =DA47 | EQ47: =DC47 | ER47: =DG47 | ES47: =DI47 | ET47: =DK47 | EV47: =V47 | EW47: =X47 | EX47: =AD47 | EY47: =AH47 | EZ47: ="1" | FA47: =BS47 | FB47: 0 | FC47: =CK47 | FD47: =DM47
L48: none | P48: none | R48: none | T48: none | V48: Default | X48: Normal | AB48: none | AD48: 1 | AF48: none | AH48: 1 | AJ48: none | AL48: none | AN48: =iferror(AF48*(50/(AJ48+AL48)),"攻撃力に数値を入力") | AP48: none | AT48: none | AY48: none | BA48: none | BC48: none | BE48: none | BG48: none | BI48: none | BK48: none | BM48: none | BO48: none | BQ48: none | CA48: 未入力 | CM48: None | CQ48: None | CW48: None | DC48: None | DK48: FALSE | DM48: None | EA48: =B48 | EB48: =D48 | EC48: =F48 | ED48: =CA48 | EE48: =CE48 | EF48: ="SummonEnemy" | EG48: =H48 | EI48: =CI48 | EJ48: =CG48 | EK48: =CM48 | EL48: =CO48 | EM48: =CQ48 | EN48: =CU48 | EO48: =CW48 | EP48: =DA48 | EQ48: =DC48 | ER48: =DG48 | ES48: =DI48 | ET48: =DK48 | EV48: =V48 | EW48: =X48 | EX48: =AD48 | EY48: =AH48 | EZ48: ="1" | FA48: =BS48 | FB48: 0 | FC48: =CK48 | FD48: =DM48
L49: none | P49: none | R49: none | T49: none | V49: Default | X49: Normal | AB49: none | AD49: 1 | AF49: none | AH49: 1 | AJ49: none | AL49: none | AN49: =iferror(AF49*(50/(AJ49+AL49)),"攻撃力に数値を入力") | AP49: none | AT49: none | AY49: none | BA49: none | BC49: none | BE49: none | BG49: none | BI49: none | BK49: none | BM49: none | BO49: none | BQ49: none | CA49: 未入力 | CM49: None | CQ49: None | CW49: None | DC49: None | DK49: FALSE | DM49: None | EA49: =B49 | EB49: =D49 | EC49: =F49 | ED49: =CA49 | EE49: =CE49 | EF49: ="SummonEnemy" | EG49: =H49 | EI49: =CI49 | EJ49: =CG49 | EK49: =CM49 | EL49: =CO49 | EM49: =CQ49 | EN49: =CU49 | EO49: =CW49 | EP49: =DA49 | EQ49: =DC49 | ER49: =DG49 | ES49: =DI49 | ET49: =DK49 | EV49: =V49 | EW49: =X49 | EX49: =AD49 | EY49: =AH49 | EZ49: ="1" | FA49: =BS49 | FB49: 0 | FC49: =CK49 | FD49: =DM49
L50: none | P50: none | R50: none | T50: none | V50: Default | X50: Normal | AB50: none | AD50: 1 | AF50: none | AH50: 1 | AJ50: none | AL50: none | AN50: =iferror(AF50*(50/(AJ50+AL50)),"攻撃力に数値を入力") | AP50: none | AT50: none | AY50: none | BA50: none | BC50: none | BE50: none | BG50: none | BI50: none | BK50: none | BM50: none | BO50: none | BQ50: none | CA50: 未入力 | CM50: None | CQ50: None | CW50: None | DC50: None | DK50: FALSE | DM50: None | EA50: =B50 | EB50: =D50 | EC50: =F50 | ED50: =CA50 | EE50: =CE50 | EF50: ="SummonEnemy" | EG50: =H50 | EI50: =CI50 | EJ50: =CG50 | EK50: =CM50 | EL50: =CO50 | EM50: =CQ50 | EN50: =CU50 | EO50: =CW50 | EP50: =DA50 | EQ50: =DC50 | ER50: =DG50 | ES50: =DI50 | ET50: =DK50 | EV50: =V50 | EW50: =X50 | EX50: =AD50 | EY50: =AH50 | EZ50: ="1" | FA50: =BS50 | FB50: 0 | FC50: =CK50 | FD50: =DM50
L51: none | P51: none | R51: none | T51: none | V51: Default | X51: Normal | AB51: none | AD51: 1 | AF51: none | AH51: 1 | AJ51: none | AL51: none | AN51: =iferror(AF51*(50/(AJ51+AL51)),"攻撃力に数値を入力") | AP51: none | AT51: none | AY51: none | BA51: none | BC51: none | BE51: none | BG51: none | BI51: none | BK51: none | BM51: none | BO51: none | BQ51: none | CA51: 未入力 | CM51: None | CQ51: None | CW51: None | DC51: None | DK51: FALSE | DM51: None | EA51: =B51 | EB51: =D51 | EC51: =F51 | ED51: =CA51 | EE51: =CE51 | EF51: ="SummonEnemy" | EG51: =H51 | EI51: =CI51 | EJ51: =CG51 | EK51: =CM51 | EL51: =CO51 | EM51: =CQ51 | EN51: =CU51 | EO51: =CW51 | EP51: =DA51 | EQ51: =DC51 | ER51: =DG51 | ES51: =DI51 | ET51: =DK51 | EV51: =V51 | EW51: =X51 | EX51: =AD51 | EY51: =AH51 | EZ51: ="1" | FA51: =BS51 | FB51: 0 | FC51: =CK51 | FD51: =DM51
L52: none | P52: none | R52: none | T52: none | V52: Default | X52: Normal | AB52: none | AD52: 1 | AF52: none | AH52: 1 | AJ52: none | AL52: none | AN52: =iferror(AF52*(50/(AJ52+AL52)),"攻撃力に数値を入力") | AP52: none | AT52: none | AY52: none | BA52: none | BC52: none | BE52: none | BG52: none | BI52: none | BK52: none | BM52: none | BO52: none | BQ52: none | CA52: 未入力 | CM52: None | CQ52: None | CW52: None | DC52: None | DK52: FALSE | DM52: None | EA52: =B52 | EB52: =D52 | EC52: =F52 | ED52: =CA52 | EE52: =CE52 | EF52: ="SummonEnemy" | EG52: =H52 | EI52: =CI52 | EJ52: =CG52 | EK52: =CM52 | EL52: =CO52 | EM52: =CQ52 | EN52: =CU52 | EO52: =CW52 | EP52: =DA52 | EQ52: =DC52 | ER52: =DG52 | ES52: =DI52 | ET52: =DK52 | EV52: =V52 | EW52: =X52 | EX52: =AD52 | EY52: =AH52 | EZ52: ="1" | FA52: =BS52 | FB52: 0 | FC52: =CK52 | FD52: =DM52
L53: none | P53: none | R53: none | T53: none | V53: Default | X53: Normal | AB53: none | AD53: 1 | AF53: none | AH53: 1 | AJ53: none | AL53: none | AN53: =iferror(AF53*(50/(AJ53+AL53)),"攻撃力に数値を入力") | AP53: none | AT53: none | AY53: none | BA53: none | BC53: none | BE53: none | BG53: none | BI53: none | BK53: none | BM53: none | BO53: none | BQ53: none | CA53: 未入力 | CM53: None | CQ53: None | CW53: None | DC53: None | DK53: FALSE | DM53: None | EA53: =B53 | EB53: =D53 | EC53: =F53 | ED53: =CA53 | EE53: =CE53 | EF53: ="SummonEnemy" | EG53: =H53 | EI53: =CI53 | EJ53: =CG53 | EK53: =CM53 | EL53: =CO53 | EM53: =CQ53 | EN53: =CU53 | EO53: =CW53 | EP53: =DA53 | EQ53: =DC53 | ER53: =DG53 | ES53: =DI53 | ET53: =DK53 | EV53: =V53 | EW53: =X53 | EX53: =AD53 | EY53: =AH53 | EZ53: ="1" | FA53: =BS53 | FB53: 0 | FC53: =CK53 | FD53: =DM53
L54: none | P54: none | R54: none | T54: none | V54: Default | X54: Normal | AB54: none | AD54: 1 | AF54: none | AH54: 1 | AJ54: none | AL54: none | AN54: =iferror(AF54*(50/(AJ54+AL54)),"攻撃力に数値を入力") | AP54: none | AT54: none | AY54: none | BA54: none | BC54: none | BE54: none | BG54: none | BI54: none | BK54: none | BM54: none | BO54: none | BQ54: none | CA54: 未入力 | CM54: None | CQ54: None | CW54: None | DC54: None | DK54: FALSE | DM54: None | EA54: =B54 | EB54: =D54 | EC54: =F54 | ED54: =CA54 | EE54: =CE54 | EF54: ="SummonEnemy" | EG54: =H54 | EI54: =CI54 | EJ54: =CG54 | EK54: =CM54 | EL54: =CO54 | EM54: =CQ54 | EN54: =CU54 | EO54: =CW54 | EP54: =DA54 | EQ54: =DC54 | ER54: =DG54 | ES54: =DI54 | ET54: =DK54 | EV54: =V54 | EW54: =X54 | EX54: =AD54 | EY54: =AH54 | EZ54: ="1" | FA54: =BS54 | FB54: 0 | FC54: =CK54 | FD54: =DM54
L55: none | P55: none | R55: none | T55: none | V55: Default | X55: Normal | AB55: none | AD55: 1 | AF55: none | AH55: 1 | AJ55: none | AL55: none | AN55: =iferror(AF55*(50/(AJ55+AL55)),"攻撃力に数値を入力") | AP55: none | AT55: none | AY55: none | BA55: none | BC55: none | BE55: none | BG55: none | BI55: none | BK55: none | BM55: none | BO55: none | BQ55: none | CA55: 未入力 | CM55: None | CQ55: None | CW55: None | DC55: None | DK55: FALSE | DM55: None | EA55: =B55 | EB55: =D55 | EC55: =F55 | ED55: =CA55 | EE55: =CE55 | EF55: ="SummonEnemy" | EG55: =H55 | EI55: =CI55 | EJ55: =CG55 | EK55: =CM55 | EL55: =CO55 | EM55: =CQ55 | EN55: =CU55 | EO55: =CW55 | EP55: =DA55 | EQ55: =DC55 | ER55: =DG55 | ES55: =DI55 | ET55: =DK55 | EV55: =V55 | EW55: =X55 | EX55: =AD55 | EY55: =AH55 | EZ55: ="1" | FA55: =BS55 | FB55: 0 | FC55: =CK55 | FD55: =DM55
L56: none | P56: none | R56: none | T56: none | V56: Default | X56: Normal | AB56: none | AD56: 1 | AF56: none | AH56: 1 | AJ56: none | AL56: none | AN56: =iferror(AF56*(50/(AJ56+AL56)),"攻撃力に数値を入力") | AP56: none | AT56: none | AY56: none | BA56: none | BC56: none | BE56: none | BG56: none | BI56: none | BK56: none | BM56: none | BO56: none | BQ56: none | CA56: 未入力 | CM56: None | CQ56: None | CW56: None | DC56: None | DK56: FALSE | DM56: None | EA56: =B56 | EB56: =D56 | EC56: =F56 | ED56: =CA56 | EE56: =CE56 | EF56: ="SummonEnemy" | EG56: =H56 | EI56: =CI56 | EJ56: =CG56 | EK56: =CM56 | EL56: =CO56 | EM56: =CQ56 | EN56: =CU56 | EO56: =CW56 | EP56: =DA56 | EQ56: =DC56 | ER56: =DG56 | ES56: =DI56 | ET56: =DK56 | EV56: =V56 | EW56: =X56 | EX56: =AD56 | EY56: =AH56 | EZ56: ="1" | FA56: =BS56 | FB56: 0 | FC56: =CK56 | FD56: =DM56
L57: none | P57: none | R57: none | T57: none | V57: Default | X57: Normal | AB57: none | AD57: 1 | AF57: none | AH57: 1 | AJ57: none | AL57: none | AN57: =iferror(AF57*(50/(AJ57+AL57)),"攻撃力に数値を入力") | AP57: none | AT57: none | AY57: none | BA57: none | BC57: none | BE57: none | BG57: none | BI57: none | BK57: none | BM57: none | BO57: none | BQ57: none | CA57: 未入力 | CM57: None | CQ57: None | CW57: None | DC57: None | DK57: FALSE | DM57: None | EA57: =B57 | EB57: =D57 | EC57: =F57 | ED57: =CA57 | EE57: =CE57 | EF57: ="SummonEnemy" | EG57: =H57 | EI57: =CI57 | EJ57: =CG57 | EK57: =CM57 | EL57: =CO57 | EM57: =CQ57 | EN57: =CU57 | EO57: =CW57 | EP57: =DA57 | EQ57: =DC57 | ER57: =DG57 | ES57: =DI57 | ET57: =DK57 | EV57: =V57 | EW57: =X57 | EX57: =AD57 | EY57: =AH57 | EZ57: ="1" | FA57: =BS57 | FB57: 0 | FC57: =CK57 | FD57: =DM57
... L59: none | P59: none | R59: none | T59: none | V59: Default | X59: Normal | AB59: none | AD59: 1 | AF59: none | AH59: 1 | AJ59: none | AL59: none | AN59: =iferror(AF59*(50/(AJ59+AL59)),"攻撃力に数値を入力") | AP59: none | AT59: none | AY59: none | BA59: none | BC59: none | BE59: none | BG59: none | BI59: none | BK59: none | BM59: none | BO59: none | BQ59: none | CA59: 未入力 | CM59: None | CQ59: None | CW59: None | DC59: None | DK59: FALSE | DM59: None | EA59: =B59 | EB59: =D59 | EC59: =F59 | ED59: =CA59 | EE59: =CE59 | EF59: ="SummonEnemy" | EG59: =H59 | EI59: =CI59 | EJ59: =CG59 | EK59: =CM59 | EL59: =CO59 | EM59: =CQ59 | EN59: =CU59 | EO59: =CW59 | EP59: =DA59 | EQ59: =DC59 | ER59: =DG59 | ES59: =DI59 | ET59: =DK59 | EV59: =V59 | EW59: =X59 | EX59: =AD59 | EY59: =AH59 | EZ59: ="1" | FA59: =BS59 | FB59: 0 | FC59: =CK59 | FD59: =DM59

Sheet 4話
B2: ■基礎情報
B4: ステージコンセプト | S4: ステージ情報詳細
B5: 強敵 杠 山田浅ェ門 仙汰 雑魚 そう神がDPS出してくる極楽蝶 | S5: 【属性情報】 緑属性の敵が登場するので赤属性のキャラは有利に戦うこともできるぞ! さらに、無属性の敵も登場するぞ! 【コマ効果情報】 突風コマが登場するぞ! 特性で突風コマ無効化を持っているキャラを編成しよう! 【ギミック情報】 毒攻撃をしてくる敵が登場するぞ! 特性で毒ダメージ軽減を持っているキャラを編成しよう!
B9: ステージ名（最大20文字） | G9: 文字数 | I9: スタミナ | K9: 難易度 | N9: 推奨PTLv | Q9: 通常BGM | V9: ボスBGM
B10: 4話 | G10: =len(B10) | I10: 7 | K10: イベント全般 | N10: 20 | Q10: SSE_SBG_003_003 | V10: SSE_SBG_003_004
B12: 味方ゲートID | E12: 敵ゲートID | H12: 敵ゲートasset | K12: 敵ゲートHP | N12: リリースキー
B13: default | E13: event_jig1_charaget01_00004 | H13: event_jig_0001 | K13: 45000 | N13: 202601010
B15: ■報酬設計
B17: クリアコイン | E17: リーダーEXP | H17: 原画のかけら確率 | K17: 原画のかけら種
B18: 150 | E18: =I10*10 | H18: 1 | K18: 3,4,8
B20: ドロップ区分 | E20: リソースtype | G20: アイテムID | J20: アイテム名 | R20: ドロップ数 | T20: ドロップ率
B21: FirstClear | E21: =if(J21="プリズム","FreeDiamond","item") | G21: prism_glo_00001 | J21: プリズム | R21: 40 | T21: 100
B22: FirstClear | E22: =if(J22="プリズム","FreeDiamond","Item") | G22: Coin | J22: コイン | R22: 500 | T22: 100
B23: FirstClear | E23: =if(J23="プリズム","FreeDiamond","Item") | G23: memory_chara_jig_00701 | J23: メイのメモリー | R23: 300 | T23: 100
B24: FirstClear | E24: =if(J24="プリズム","FreeDiamond","Item") | G24: memoryfragment_glo_00001 | J24: メモリーフラグメント・初級 | R24: 15 | T24: 100
B25: Random | E25: =if(J25="プリズム","FreeDiamond","Item") | G25: piece_jig_00701 | J25: メイのかけら | R25: 2 | T25: 35
E26: =if(J26="プリズム","FreeDiamond","Item") | G26: none
B28: ■コマ設計
B30: 行数 | D30: 行パターンID | F30: コマ数 | H30: コマ高さ | J30: コマ幅1 | L30: コマ幅2 | N30: コマ幅3 | P30: コマ幅4 | R30: コマ背景 | U30: コマ効果1 | Z30: 効果時間 | AB30: 効果数値 | AD30: コマ効果2 | AI30: 効果時間 | AK30: 効果数値 | AM30: コマ効果3 | AR30: 効果時間 | AT30: 効果数値 | AV30: コマ効果4 | BA30: 効果時間 | BC30: 効果数値
B31: 1行目 | D31: 1 | F31: =iferror(vlookup(D31,'行パターン'!$A$2:$C61,2,false),"error") | H31: 0.55 | J31: 1 | L31: none | N31: none | P31: none | R31: jig_00001
B32: 2行目 | D32: 6 | F32: =iferror(vlookup(D32,'行パターン'!$A$2:$C61,2,false),"error") | H32: 0.55 | J32: 0.5 | L32: 0.5 | N32: none | P32: none | R32: jig_00001 | AD32: Gust | AI32: 1000 | AK32: 0.2
B33: 3行目 | D33: 8 | F33: =iferror(vlookup(D33,'行パターン'!$A$2:$C61,2,false)," ") | H33: 0.55 | J33: 0.5 | L33: 0.25 | N33: 0.25 | P33: none | R33: jig_00001
B34: 4行目 | F34: =iferror(vlookup(D34,'行パターン'!$A$2:$C61,2,false)," ")
B35: 5行目 | F35: =iferror(vlookup(D35,'行パターン'!$A$2:$C61,2,false)," ")
B37: ■Enemyシーケンス | F37: ※コピペして使用
B39: sequence _group_id | D39: sequence_ element_id | F39: priority_sequence_element_id | H39: Enemy_ID | L39: ファントム名 | P39: unit_kind | R39: 属性 | T39: ロール | V39: オーラタイプ | X39: 死亡タイプ | Z39: 必殺ワザ有無 | AB39: 体力 | AD39: 体力係数 | AF39: 攻撃力 | AH39: 攻撃係数 | AJ39: 通常攻撃F | AL39: 通常攻撃CDF | AN39: 通常攻撃DPS | AP39: 通常攻撃備考 | AT39: 必殺技内容 | AY39: 必殺発動回数 | BA39: 必殺技F(秒) | BC39: 特性 | BE39: 移動速度 | BG39: well_distance | BI39: start_range | BK39: end_range | BM39: 攻撃範囲 | BO39: KB回数 | BQ39: 撃破p | BS39: 上書き撃破p | BU39: 変身先ID | BW39: 変身条件1 | BY39: 変身条件2 | CA39: 出撃条件 condition_type | CE39: 出撃開始値 condition_value | CG39: 出撃感覚値 summon_interval | CI39: 召喚回数 summon_count | CK39: アクション遅延 action_delay | CM39: 出撃 アニメーション | CO39: 召喚pos summon_position | CQ39: 移動開始条件 move_start_condition_type | CU39: 移動開始値 condition_value | CW39: 移動停止条件 move_stop_condition_type | DA39: 移動停止値 | DC39: 移動再スタート条件 move_restart_condition_type | DG39: 移動再スタート値 | DI39: 再スタート回数 move_loop_count | DK39: ゲート無敵化 | DM39: 出現停止条件 | DQ39: 停止条件値 | DS39: 備考 | EA39: sequence_group_id | EB39: sequence_element_id | EC39: priority_sequence_element_id | ED39: condition_type | EE39: condition_value | EF39: action_type | EG39: action_value | EH39: action_value2 | EI39: summon_count | EJ39: summon_interval | EK39: summon_animation_type | EL39: summon_position | EM39: move_start_condition_type | EN39: move_start_condition_value | EO39: move_stop_condition_type | EP39: move_stop_condition_value | EQ39: move_restart_condition_type | ER39: move_restart_condition_value | ES39: move_loop_count | ET39: is_summon_unit_outpost_damage_invalidation | EV39: aura_type | EW39: death_type | EX39: enemy_hp_coef | EY39: enemy_attack_coef | EZ39: enemy_speed_coef | FA39: override_drop_battle_point | FB39: defeated_score | FC39: action_delay | FD39: deactivation_condition_type | FE39: deactivation_condition_value
D40: 1 | H40: c_jig_00201_jig1_charaget01_Boss_Green | L40: 杠 | P40: Boss | R40: Green | T40: Technical | V40: Default | X40: Normal | AB40: 60000 | AD40: 6 | AF40: 400 | AH40: 4 | AJ40: 83.5 | AN40: =iferror(AF40*(50/(AJ40+AL40)),"攻撃力に数値を入力") | AP40: 100%の確率で3秒間1%の毒にする | AY40: - | BA40: 128 | BE40: 34 | BO40: 3 | BQ40: 100 | BS40: 200 | CA40: ElapsedTime | CE40: 550 | CG40: 0 | CI40: 1 | CM40: None | CQ40: None | CW40: None | DC40: None | DK40: FALSE | DM40: None | EA40: =B40 | EB40: =D40 | EC40: =F40 | ED40: =CA40 | EE40: =CE40 | EF40: ="SummonEnemy" | EG40: =H40 | EI40: =CI40 | EJ40: =CG40 | EK40: =CM40 | EL40: =CO40 | EM40: =CQ40 | EN40: =CU40 | EO40: =CW40 | EP40: =DA40 | EQ40: =DC40 | ER40: =DG40 | ES40: =DI40 | ET40: =DK40 | EV40: =V40 | EW40: =X40 | EX40: =AD40 | EY40: =AH40 | EZ40: ="1" | FA40: =BS40 | FB40: 0 | FC40: =CK40 | FD40: =DM40
D41: 2 | H41: c_jig_00301_jig1_charaget01_Boss_Colorless | L41: 山田浅ェ門 仙汰 | P41: Boss | R41: Colorless | T41: Defense | V41: Default | X41: Normal | AB41: 120000 | AD41: 12 | AF41: 300 | AH41: 3 | AJ41: 90 | AL41: 100 | AN41: =iferror(AF41*(50/(AJ41+AL41)),"攻撃力に数値を入力") | AT41: 中範囲攻撃 | AY41: 5 | BA41: 117 | BE41: 21 | BG41: 0.18 | BI41: 0 | BK41: 0.19 | BM41: 1 | BO41: 1 | BQ41: 100 | BS41: 200 | CA41: ElapsedTime | CE41: 200 | CG41: 0 | CI41: 1 | CM41: None | CQ41: None | CW41: None | DC41: None | DK41: FALSE | DM41: None | EA41: =B41 | EB41: =D41 | EC41: =F41 | ED41: =CA41 | EE41: =CE41 | EF41: ="SummonEnemy" | EG41: =H41 | EI41: =CI41 | EJ41: =CG41 | EK41: =CM41 | EL41: =CO41 | EM41: =CQ41 | EN41: =CU41 | EO41: =CW41 | EP41: =DA41 | EQ41: =DC41 | ER41: =DG41 | ES41: =DI41 | ET41: =DK41 | EV41: =V41 | EW41: =X41 | EX41: =AD41 | EY41: =AH41 | EZ41: ="1" | FA41: =BS41 | FB41: 0 | FC41: =CK41 | FD41: =DM41
D42: 3 | H42: e_jig_00301_jig1_charaget01_Normal_Green | L42: 竈神 魚 | P42: Normal | R42: Green | T42: Attack | V42: Default | X42: Normal | AB42: 15000 | AD42: 15 | AF42: 400 | AH42: 4 | AJ42: 75 | AL42: 10 | AN42: =iferror(AF42*(50/(AJ42+AL42)),"攻撃力に数値を入力") | AY42: - | BA42: none | BE42: 37 | BG42: 0.22 | BI42: 0 | BK42: 0.23 | BM42: 1 | BO42: 4 | BQ42: 50 | BS42: 100 | CA42: FriendUnitDead | CE42: 1 | CG42: 0 | CI42: 1 | CK42: 50 | CM42: None | CQ42: None | CW42: None | DC42: None | DK42: FALSE | DM42: None | EA42: =B42 | EB42: =D42 | EC42: =F42 | ED42: =CA42 | EE42: =CE42 | EF42: ="SummonEnemy" | EG42: =H42 | EI42: =CI42 | EJ42: =CG42 | EK42: =CM42 | EL42: =CO42 | EM42: =CQ42 | EN42: =CU42 | EO42: =CW42 | EP42: =DA42 | EQ42: =DC42 | ER42: =DG42 | ES42: =DI42 | ET42: =DK42 | EV42: =V42 | EW42: =X42 | EX42: =AD42 | EY42: =AH42 | EZ42: ="1" | FA42: =BS42 | FB42: 0 | FC42: =CK42 | FD42: =DM42
D43: 4 | H43: e_jig_00401_jig1_charaget01_Normal_Green | L43: 極楽蝶 | P43: Normal | R43: Green | T43: Technical | V43: Default | X43: Normal | AB43: 1000 | AD43: 1 | AF43: 250 | AH43: 2.5 | AJ43: 65 | AL43: 125 | AN43: =iferror(AF43*(50/(AJ43+AL43)),"攻撃力に数値を入力") | AP43: 100%の確率で6秒間1%の毒にする | AY43: - | BA43: none | BE43: 33 | BG43: 0.24 | BI43: 0 | BK43: 0.25 | BM43: 1 | BO43: 2 | BQ43: 50 | BS43: 50 | CA43: ElapsedTime | CE43: 800 | CG43: 250 | CI43: 4 | CM43: None | CQ43: None | CW43: None | DC43: None | DK43: FALSE | DM43: None | EA43: =B43 | EB43: =D43 | EC43: =F43 | ED43: =CA43 | EE43: =CE43 | EF43: ="SummonEnemy" | EG43: =H43 | EI43: =CI43 | EJ43: =CG43 | EK43: =CM43 | EL43: =CO43 | EM43: =CQ43 | EN43: =CU43 | EO43: =CW43 | EP43: =DA43 | EQ43: =DC43 | ER43: =DG43 | ES43: =DI43 | ET43: =DK43 | EV43: =V43 | EW43: =X43 | EX43: =AD43 | EY43: =AH43 | EZ43: ="1" | FA43: =BS43 | FB43: 0 | FC43: =CK43 | FD43: =DM43
D44: 5 | H44: e_jig_00402_jig1_charaget01_Normal_Colorless | L44: 極楽蝶 | P44: Normal | R44: Colorless | T44: Defense | V44: Default | X44: Normal | AB44: 30000 | AD44: 30 | AF44: 150 | AH44: 1.5 | AJ44: 105 | AL44: 200 | AN44: =iferror(AF44*(50/(AJ44+AL44)),"攻撃力に数値を入力") | AY44: - | BA44: none | BE44: 25 | BG44: 0.22 | BI44: 0 | BK44: 0.23 | BM44: 100 | BO44: 2 | BQ44: 50 | BS44: 50 | CA44: FriendUnitDead | CE44: 2 | CG44: 50 | CI44: 2 | CK44: 50 | CM44: None | CQ44: None | CW44: None | DC44: None | DK44: FALSE | DM44: None | EA44: =B44 | EB44: =D44 | EC44: =F44 | ED44: =CA44 | EE44: =CE44 | EF44: ="SummonEnemy" | EG44: =H44 | EI44: =CI44 | EJ44: =CG44 | EK44: =CM44 | EL44: =CO44 | EM44: =CQ44 | EN44: =CU44 | EO44: =CW44 | EP44: =DA44 | EQ44: =DC44 | ER44: =DG44 | ES44: =DI44 | ET44: =DK44 | EV44: =V44 | EW44: =X44 | EX44: =AD44 | EY44: =AH44 | EZ44: ="1" | FA44: =BS44 | FB44: 0 | FC44: =CK44 | FD44: =DM44
L45: none | P45: none | R45: none | T45: none | V45: Default | X45: Normal | AB45: none | AD45: 1 | AF45: none | AH45: 1 | AJ45: none | AL45: none | AN45: =iferror(AF45*(50/(AJ45+AL45)),"攻撃力に数値を入力") | AP45: none | AT45: none | AY45: none | BA45: none | BC45: none | BE45: none | BG45: none | BI45: none | BK45: none | BM45: none | BO45: none | BQ45: none | CA45: 未入力 | CM45: None | CQ45: None | CW45: None | DC45: None | DK45: FALSE | DM45: None | EA45: =B45 | EB45: =D45 | EC45: =F45 | ED45: =CA45 | EE45: =CE45 | EF45: ="SummonEnemy" | EG45: =H45 | EI45: =CI45 | EJ45: =CG45 | EK45: =CM45 | EL45: =CO45 | EM45: =CQ45 | EN45: =CU45 | EO45: =CW45 | EP45: =DA45 | EQ45: =DC45 | ER45: =DG45 | ES45: =DI45 | ET45: =DK45 | EV45: =V45 | EW45: =X45 | EX45: =AD45 | EY45: =AH45 | EZ45: ="1" | FA45: =BS45 | FB45: 0 | FC45: =CK45 | FD45: =DM45
L46: none | P46: none | R46: none | T46: none | V46: Default | X46: Normal | AB46: none | AD46: 1 | AF46: none | AH46: 1 | AJ46: none | AL46: none | AN46: =iferror(AF46*(50/(AJ46+AL46)),"攻撃力に数値を入力") | AP46: none | AT46: none | AY46: none | BA46: none | BC46: none | BE46: none | BG46: none | BI46: none | BK46: none | BM46: none | BO46: none | BQ46: none | CA46: 未入力 | CM46: None | CQ46: None | CW46: None | DC46: None | DK46: FALSE | DM46: None | EA46: =B46 | EB46: =D46 | EC46: =F46 | ED46: =CA46 | EE46: =CE46 | EF46: ="SummonEnemy" | EG46: =H46 | EI46: =CI46 | EJ46: =CG46 | EK46: =CM46 | EL46: =CO46 | EM46: =CQ46 | EN46: =CU46 | EO46: =CW46 | EP46: =DA46 | EQ46: =DC46 | ER46: =DG46 | ES46: =DI46 | ET46: =DK46 | EV46: =V46 | EW46: =X46 | EX46: =AD46 | EY46: =AH46 | EZ46: ="1" | FA46: =BS46 | FB46: 0 | FC46: =CK46 | FD46: =DM46
L47: none | P47: none | R47: none | T47: none | V47: Default | X47: Normal | AB47: none | AD47: 1 | AF47: none | AH47: 1 | AJ47: none | AL47: none | AN47: =iferror(AF47*(50/(AJ47+AL47)),"攻撃力に数値を入力") | AP47: none | AT47: none | AY47: none | BA47: none | BC47: none | BE47: none | BG47: none | BI47: none | BK47: none | BM47: none | BO47: none | BQ47: none | CA47: 未入力 | CM47: None | CQ47: None | CW47: None | DC47: None | DK47: FALSE | DM47: None | EA47: =B47 | EB47: =D47 | EC47: =F47 | ED47: =CA47 | EE47: =CE47 | EF47: ="SummonEnemy" | EG47: =H47 | EI47: =CI47 | EJ47: =CG47 | EK47: =CM47 | EL47: =CO47 | EM47: =CQ47 | EN47: =CU47 | EO47: =CW47 | EP47: =DA47 | EQ47: =DC47 | ER47: =DG47 | ES47: =DI47 | ET47: =DK47 | EV47: =V47 | EW47: =X47 | EX47: =AD47 | EY47: =AH47 | EZ47: ="1" | FA47: =BS47 | FB47: 0 | FC47: =CK47 | FD47: =DM47
L48: none | P48: none | R48: none | T48: none | V48: Default | X48: Normal | AB48: none | AD48: 1 | AF48: none | AH48: 1 | AJ48: none | AL48: none | AN48: =iferror(AF48*(50/(AJ48+AL48)),"攻撃力に数値を入力") | AP48: none | AT48: none | AY48: none | BA48: none | BC48: none | BE48: none | BG48: none | BI48: none | BK48: none | BM48: none | BO48: none | BQ48: none | CA48: 未入力 | CM48: None | CQ48: None | CW48: None | DC48: None | DK48: FALSE | DM48: None | EA48: =B48 | EB48: =D48 | EC48: =F48 | ED48: =CA48 | EE48: =CE48 | EF48: ="SummonEnemy" | EG48: =H48 | EI48: =CI48 | EJ48: =CG48 | EK48: =CM48 | EL48: =CO48 | EM48: =CQ48 | EN48: =CU48 | EO48: =CW48 | EP48: =DA48 | EQ48: =DC48 | ER48: =DG48 | ES48: =DI48 | ET48: =DK48 | EV48: =V48 | EW48: =X48 | EX48: =AD48 | EY48: =AH48 | EZ48: ="1" | FA48: =BS48 | FB48: 0 | FC48: =CK48 | FD48: =DM48
L49: none | P49: none | R49: none | T49: none | V49: Default | X49: Normal | AB49: none | AD49: 1 | AF49: none | AH49: 1 | AJ49: none | AL49: none | AN49: =iferror(AF49*(50/(AJ49+AL49)),"攻撃力に数値を入力") | AP49: none | AT49: none | AY49: none | BA49: none | BC49: none | BE49: none | BG49: none | BI49: none | BK49: none | BM49: none | BO49: none | BQ49: none | CA49: 未入力 | CM49: None | CQ49: None | CW49: None | DC49: None | DK49: FALSE | DM49: None | EA49: =B49 | EB49: =D49 | EC49: =F49 | ED49: =CA49 | EE49: =CE49 | EF49: ="SummonEnemy" | EG49: =H49 | EI49: =CI49 | EJ49: =CG49 | EK49: =CM49 | EL49: =CO49 | EM49: =CQ49 | EN49: =CU49 | EO49: =CW49 | EP49: =DA49 | EQ49: =DC49 | ER49: =DG49 | ES49: =DI49 | ET49: =DK49 | EV49: =V49 | EW49: =X49 | EX49: =AD49 | EY49: =AH49 | EZ49: ="1" | FA49: =BS49 | FB49: 0 | FC49: =CK49 | FD49: =DM49
L50: none | P50: none | R50: none | T50: none | V50: Default | X50: Normal | AB50: none | AD50: 1 | AF50: none | AH50: 1 | AJ50: none | AL50: none | AN50: =iferror(AF50*(50/(AJ50+AL50)),"攻撃力に数値を入力") | AP50: none | AT50: none | AY50: none | BA50: none | BC50: none | BE50: none | BG50: none | BI50: none | BK50: none | BM50: none | BO50: none | BQ50: none | CA50: 未入力 | CM50: None | CQ50: None | CW50: None | DC50: None | DK50: FALSE | DM50: None | EA50: =B50 | EB50: =D50 | EC50: =F50 | ED50: =CA50 | EE50: =CE50 | EF50: ="SummonEnemy" | EG50: =H50 | EI50: =CI50 | EJ50: =CG50 | EK50: =CM50 | EL50: =CO50 | EM50: =CQ50 | EN50: =CU50 | EO50: =CW50 | EP50: =DA50 | EQ50: =DC50 | ER50: =DG50 | ES50: =DI50 | ET50: =DK50 | EV50: =V50 | EW50: =X50 | EX50: =AD50 | EY50: =AH50 | EZ50: ="1" | FA50: =BS50 | FB50: 0 | FC50: =CK50 | FD50: =DM50
L51: none | P51: none | R51: none | T51: none | V51: Default | X51: Normal | AB51: none | AD51: 1 | AF51: none | AH51: 1 | AJ51: none | AL51: none | AN51: =iferror(AF51*(50/(AJ51+AL51)),"攻撃力に数値を入力") | AP51: none | AT51: none | AY51: none | BA51: none | BC51: none | BE51: none | BG51: none | BI51: none | BK51: none | BM51: none | BO51: none | BQ51: none | CA51: 未入力 | CM51: None | CQ51: None | CW51: None | DC51: None | DK51: FALSE | DM51: None | EA51: =B51 | EB51: =D51 | EC51: =F51 | ED51: =CA51 | EE51: =CE51 | EF51: ="SummonEnemy" | EG51: =H51 | EI51: =CI51 | EJ51: =CG51 | EK51: =CM51 | EL51: =CO51 | EM51: =CQ51 | EN51: =CU51 | EO51: =CW51 | EP51: =DA51 | EQ51: =DC51 | ER51: =DG51 | ES51: =DI51 | ET51: =DK51 | EV51: =V51 | EW51: =X51 | EX51: =AD51 | EY51: =AH51 | EZ51: ="1" | FA51: =BS51 | FB51: 0 | FC51: =CK51 | FD51: =DM51
L52: none | P52: none | R52: none | T52: none | V52: Default | X52: Normal | AB52: none | AD52: 1 | AF52: none | AH52: 1 | AJ52: none | AL52: none | AN52: =iferror(AF52*(50/(AJ52+AL52)),"攻撃力に数値を入力") | AP52: none | AT52: none | AY52: none | BA52: none | BC52: none | BE52: none | BG52: none | BI52: none | BK52: none | BM52: none | BO52: none | BQ52: none | CA52: 未入力 | CM52: None | CQ52: None | CW52: None | DC52: None | DK52: FALSE | DM52: None | EA52: =B52 | EB52: =D52 | EC52: =F52 | ED52: =CA52 | EE52: =CE52 | EF52: ="SummonEnemy" | EG52: =H52 | EI52: =CI52 | EJ52: =CG52 | EK52: =CM52 | EL52: =CO52 | EM52: =CQ52 | EN52: =CU52 | EO52: =CW52 | EP52: =DA52 | EQ52: =DC52 | ER52: =DG52 | ES52: =DI52 | ET52: =DK52 | EV52: =V52 | EW52: =X52 | EX52: =AD52 | EY52: =AH52 | EZ52: ="1" | FA52: =BS52 | FB52: 0 | FC52: =CK52 | FD52: =DM52
L53: none | P53: none | R53: none | T53: none | V53: Default | X53: Normal | AB53: none | AD53: 1 | AF53: none | AH53: 1 | AJ53: none | AL53: none | AN53: =iferror(AF53*(50/(AJ53+AL53)),"攻撃力に数値を入力") | AP53: none | AT53: none | AY53: none | BA53: none | BC53: none | BE53: none | BG53: none | BI53: none | BK53: none | BM53: none | BO53: none | BQ53: none | CA53: 未入力 | CM53: None | CQ53: None | CW53: None | DC53: None | DK53: FALSE | DM53: None | EA53: =B53 | EB53: =D53 | EC53: =F53 | ED53: =CA53 | EE53: =CE53 | EF53: ="SummonEnemy" | EG53: =H53 | EI53: =CI53 | EJ53: =CG53 | EK53: =CM53 | EL53: =CO53 | EM53: =CQ53 | EN53: =CU53 | EO53: =CW53 | EP53: =DA53 | EQ53: =DC53 | ER53: =DG53 | ES53: =DI53 | ET53: =DK53 | EV53: =V53 | EW53: =X53 | EX53: =AD53 | EY53: =AH53 | EZ53: ="1" | FA53: =BS53 | FB53: 0 | FC53: =CK53 | FD53: =DM53
L54: none | P54: none | R54: none | T54: none | V54: Default | X54: Normal | AB54: none | AD54: 1 | AF54: none | AH54: 1 | AJ54: none | AL54: none | AN54: =iferror(AF54*(50/(AJ54+AL54)),"攻撃力に数値を入力") | AP54: none | AT54: none | AY54: none | BA54: none | BC54: none | BE54: none | BG54: none | BI54: none | BK54: none | BM54: none | BO54: none | BQ54: none | CA54: 未入力 | CM54: None | CQ54: None | CW54: None | DC54: None | DK54: FALSE | DM54: None | EA54: =B54 | EB54: =D54 | EC54: =F54 | ED54: =CA54 | EE54: =CE54 | EF54: ="SummonEnemy" | EG54: =H54 | EI54: =CI54 | EJ54: =CG54 | EK54: =CM54 | EL54: =CO54 | EM54: =CQ54 | EN54: =CU54 | EO54: =CW54 | EP54: =DA54 | EQ54: =DC54 | ER54: =DG54 | ES54: =DI54 | ET54: =DK54 | EV54: =V54 | EW54: =X54 | EX54: =AD54 | EY54: =AH54 | EZ54: ="1" | FA54: =BS54 | FB54: 0 | FC54: =CK54 | FD54: =DM54
L55: none | P55: none | R55: none | T55: none | V55: Default | X55: Normal | AB55: none | AD55: 1 | AF55: none | AH55: 1 | AJ55: none | AL55: none | AN55: =iferror(AF55*(50/(AJ55+AL55)),"攻撃力に数値を入力") | AP55: none | AT55: none | AY55: none | BA55: none | BC55: none | BE55: none | BG55: none | BI55: none | BK55: none | BM55: none | BO55: none | BQ55: none | CA55: 未入力 | CM55: None | CQ55: None | CW55: None | DC55: None | DK55: FALSE | DM55: None | EA55: =B55 | EB55: =D55 | EC55: =F55 | ED55: =CA55 | EE55: =CE55 | EF55: ="SummonEnemy" | EG55: =H55 | EI55: =CI55 | EJ55: =CG55 | EK55: =CM55 | EL55: =CO55 | EM55: =CQ55 | EN55: =CU55 | EO55: =CW55 | EP55: =DA55 | EQ55: =DC55 | ER55: =DG55 | ES55: =DI55 | ET55: =DK55 | EV55: =V55 | EW55: =X55 | EX55: =AD55 | EY55: =AH55 | EZ55: ="1" | FA55: =BS55 | FB55: 0 | FC55: =CK55 | FD55: =DM55
L56: none | P56: none | R56: none | T56: none | V56: Default | X56: Normal | AB56: none | AD56: 1 | AF56: none | AH56: 1 | AJ56: none | AL56: none | AN56: =iferror(AF56*(50/(AJ56+AL56)),"攻撃力に数値を入力") | AP56: none | AT56: none | AY56: none | BA56: none | BC56: none | BE56: none | BG56: none | BI56: none | BK56: none | BM56: none | BO56: none | BQ56: none | CA56: 未入力 | CM56: None | CQ56: None | CW56: None | DC56: None | DK56: FALSE | DM56: None | EA56: =B56 | EB56: =D56 | EC56: =F56 | ED56: =CA56 | EE56: =CE56 | EF56: ="SummonEnemy" | EG56: =H56 | EI56: =CI56 | EJ56: =CG56 | EK56: =CM56 | EL56: =CO56 | EM56: =CQ56 | EN56: =CU56 | EO56: =CW56 | EP56: =DA56 | EQ56: =DC56 | ER56: =DG56 | ES56: =DI56 | ET56: =DK56 | EV56: =V56 | EW56: =X56 | EX56: =AD56 | EY56: =AH56 | EZ56: ="1" | FA56: =BS56 | FB56: 0 | FC56: =CK56 | FD56: =DM56
... L59: none | P59: none | R59: none | T59: none | V59: Default | X59: Normal | AB59: none | AD59: 1 | AF59: none | AH59: 1 | AJ59: none | AL59: none | AN59: =iferror(AF59*(50/(AJ59+AL59)),"攻撃力に数値を入力") | AP59: none | AT59: none | AY59: none | BA59: none | BC59: none | BE59: none | BG59: none | BI59: none | BK59: none | BM59: none | BO59: none | BQ59: none | CA59: 未入力 | CM59: None | CQ59: None | CW59: None | DC59: None | DK59: FALSE | DM59: None | EA59: =B59 | EB59: =D59 | EC59: =F59 | ED59: =CA59 | EE59: =CE59 | EF59: ="SummonEnemy" | EG59: =H59 | EI59: =CI59 | EJ59: =CG59 | EK59: =CM59 | EL59: =CO59 | EM59: =CQ59 | EN59: =CU59 | EO59: =CW59 | EP59: =DA59 | EQ59: =DC59 | ER59: =DG59 | ES59: =DI59 | ET59: =DK59 | EV59: =V59 | EW59: =X59 | EX59: =AD59 | EY59: =AH59 | EZ59: ="1" | FA59: =BS59 | FB59: 0 | FC59: =CK59 | FD59: =DM59

Sheet 5話
B2: ■基礎情報
B4: ステージコンセプト | S4: ステージ情報詳細
B5: 強敵 朱槿 雑魚 そう神と極楽蝶 朱槿倒すまでゲートにダメージが入らない | S5: 【属性情報】 緑属性の敵が登場するので赤属性のキャラは有利に戦うこともできるぞ! さらに、無属性の敵も登場するぞ! 【ギミック情報】 毒攻撃をしてくる敵が登場するぞ! 特性で毒ダメージ軽減を持っているキャラを編成しよう! ファントムゲートにダメージを与えると出現する敵もいるぞ! このステージでは、『朱槿』が登場している時は、 ファントムゲートHPは削れないぞ!
B9: ステージ名（最大20文字） | G9: 文字数 | I9: スタミナ | K9: 難易度 | N9: 推奨PTLv | Q9: 通常BGM | V9: ボスBGM
B10: 5話 | G10: =len(B10) | I10: 10 | K10: イベント全般 | N10: 25 | Q10: SSE_SBG_003_003 | V10: SSE_SBG_003_004
B12: 味方ゲートID | E12: 敵ゲートID | H12: 敵ゲートasset | K12: 敵ゲートHP | N12: リリースキー
B13: default | E13: event_jig1_charaget01_00005 | H13: event_jig_0001 | K13: 50000 | N13: 202601010
B15: ■報酬設計
B17: クリアコイン | E17: リーダーEXP | H17: 原画のかけら確率 | K17: 原画のかけら種
B18: 200 | E18: =I10*10 | H18: 1 | K18: 6,10,14
B20: ドロップ区分 | E20: リソースtype | G20: アイテムID | J20: アイテム名 | R20: ドロップ数 | T20: ドロップ率
B21: FirstClear | E21: =if(J21="プリズム","FreeDiamond","item") | G21: prism_glo_00001 | J21: プリズム | R21: 40 | T21: 100
B22: FirstClear | E22: =if(J22="プリズム","FreeDiamond","Item") | G22: Coin | J22: コイン | R22: 500 | T22: 100
B23: FirstClear | E23: =if(J23="プリズム","FreeDiamond","Item") | G23: memory_chara_jig_00701 | J23: メイのメモリー | R23: 300 | T23: 100
B24: FirstClear | E24: =if(J24="プリズム","FreeDiamond","Item") | G24: memoryfragment_glo_00002 | J24: メモリーフラグメント・中級 | R24: 10 | T24: 100
B25: Random | E25: =if(J25="プリズム","FreeDiamond","Item") | G25: piece_jig_00701 | J25: メイのかけら | R25: 3 | T25: 45
E26: =if(J26="プリズム","FreeDiamond","Item") | G26: none
B28: ■コマ設計
B30: 行数 | D30: 行パターンID | F30: コマ数 | H30: コマ高さ | J30: コマ幅1 | L30: コマ幅2 | N30: コマ幅3 | P30: コマ幅4 | R30: コマ背景 | U30: コマ効果1 | Z30: 効果時間 | AB30: 効果数値 | AD30: コマ効果2 | AI30: 効果時間 | AK30: 効果数値 | AM30: コマ効果3 | AR30: 効果時間 | AT30: 効果数値 | AV30: コマ効果4 | BA30: 効果時間 | BC30: 効果数値
B31: 1行目 | D31: 1 | F31: =iferror(vlookup(D31,'行パターン'!$A$2:$C61,2,false),"error") | H31: 1 | J31: 1 | L31: none | N31: none | P31: none | R31: jig_00003
B32: 2行目 | F32: =iferror(vlookup(D32,'行パターン'!$A$2:$C61,2,false)," ")
B33: 3行目 | F33: =iferror(vlookup(D33,'行パターン'!$A$2:$C61,2,false)," ")
B34: 4行目 | F34: =iferror(vlookup(D34,'行パターン'!$A$2:$C61,2,false)," ")
B35: 5行目 | F35: =iferror(vlookup(D35,'行パターン'!$A$2:$C61,2,false)," ")
B37: ■Enemyシーケンス | F37: ※コピペして使用
B39: sequence _group_id | D39: sequence_ element_id | F39: priority_sequence_element_id | H39: Enemy_ID | L39: ファントム名 | P39: unit_kind | R39: 属性 | T39: ロール | V39: オーラタイプ | X39: 死亡タイプ | Z39: 必殺ワザ有無 | AB39: 体力 | AD39: 体力係数 | AF39: 攻撃力 | AH39: 攻撃係数 | AJ39: 通常攻撃F | AL39: 通常攻撃CDF | AN39: 通常攻撃DPS | AP39: 通常攻撃備考 | AT39: 必殺技内容 | AY39: 必殺発動回数 | BA39: 必殺技F(秒) | BC39: 特性 | BE39: 移動速度 | BG39: well_distance | BI39: start_range | BK39: end_range | BM39: 攻撃範囲 | BO39: KB回数 | BQ39: 撃破p | BS39: 上書き撃破p | BU39: 変身先ID | BW39: 変身条件1 | BY39: 変身条件2 | CA39: 出撃条件 condition_type | CE39: 出撃開始値 condition_value | CG39: 出撃感覚値 summon_interval | CI39: 召喚回数 summon_count | CK39: アクション遅延 action_delay | CM39: 出撃 アニメーション | CO39: 召喚pos summon_position | CQ39: 移動開始条件 move_start_condition_type | CU39: 移動開始値 condition_value | CW39: 移動停止条件 move_stop_condition_type | DA39: 移動停止値 | DC39: 移動再スタート条件 move_restart_condition_type | DG39: 移動再スタート値 | DI39: 再スタート回数 move_loop_count | DK39: ゲート無敵化 | DM39: 出現停止条件 | DQ39: 停止条件値 | DS39: 備考 | EA39: sequence_group_id | EB39: sequence_element_id | EC39: priority_sequence_element_id | ED39: condition_type | EE39: condition_value | EF39: action_type | EG39: action_value | EH39: action_value2 | EI39: summon_count | EJ39: summon_interval | EK39: summon_animation_type | EL39: summon_position | EM39: move_start_condition_type | EN39: move_start_condition_value | EO39: move_stop_condition_type | EP39: move_stop_condition_value | EQ39: move_restart_condition_type | ER39: move_restart_condition_value | ES39: move_loop_count | ET39: is_summon_unit_outpost_damage_invalidation | EV39: aura_type | EW39: death_type | EX39: enemy_hp_coef | EY39: enemy_attack_coef | EZ39: enemy_speed_coef | FA39: override_drop_battle_point | FB39: defeated_score | FC39: action_delay | FD39: deactivation_condition_type | FE39: deactivation_condition_value
D40: 1 | H40: e_jig_00601_jig1_charaget01_Boss_Colorless | L40: 朱槿 | P40: Boss | R40: Colorless | T40: Attack | V40: Default | X40: Normal | AB40: 120000 | AD40: 12 | AF40: 450 | AH40: 4.5 | AJ40: 75 | AN40: =iferror(AF40*(50/(AJ40+AL40)),"攻撃力に数値を入力") | AY40: - | BA40: none | BE40: 37 | BO40: 3 | BS40: 200 | CA40: InitialSummon | CE40: 0 | CG40: 0 | CI40: 1 | CM40: None | CO40: 0.7 | CQ40: Damage | CU40: 1 | CW40: None | DC40: None | DK40: TRUE | DM40: None | EA40: =B40 | EB40: =D40 | EC40: =F40 | ED40: =CA40 | EE40: =CE40 | EF40: ="SummonEnemy" | EG40: =H40 | EI40: =CI40 | EJ40: =CG40 | EK40: =CM40 | EL40: =CO40 | EM40: =CQ40 | EN40: =CU40 | EO40: =CW40 | EP40: =DA40 | EQ40: =DC40 | ER40: =DG40 | ES40: =DI40 | ET40: =DK40 | EV40: =V40 | EW40: =X40 | EX40: =AD40 | EY40: =AH40 | EZ40: ="1" | FA40: =BS40 | FB40: 0 | FC40: =CK40 | FD40: =DM40
D41: 2 | H41: e_jig_00301_jig1_charaget01_Normal_Green | L41: 竈神 魚 | P41: Normal | R41: Green | T41: Attack | V41: Default | X41: Normal | AB41: 23000 | AD41: 23 | AF41: 300 | AH41: 3 | AJ41: 75 | AL41: 10 | AN41: =iferror(AF41*(50/(AJ41+AL41)),"攻撃力に数値を入力") | AY41: - | BA41: none | BE41: 37 | BG41: 0.22 | BI41: 0 | BK41: 0.23 | BM41: 1 | BO41: 4 | BQ41: 50 | BS41: 100 | CA41: ElapsedTime | CE41: 2500 | CG41: 2000 | CI41: 2 | CM41: None | CQ41: None | CW41: None | DC41: None | DK41: FALSE | DM41: None | EA41: =B41 | EB41: =D41 | EC41: =F41 | ED41: =CA41 | EE41: =CE41 | EF41: ="SummonEnemy" | EG41: =H41 | EI41: =CI41 | EJ41: =CG41 | EK41: =CM41 | EL41: =CO41 | EM41: =CQ41 | EN41: =CU41 | EO41: =CW41 | EP41: =DA41 | EQ41: =DC41 | ER41: =DG41 | ES41: =DI41 | ET41: =DK41 | EV41: =V41 | EW41: =X41 | EX41: =AD41 | EY41: =AH41 | EZ41: ="1" | FA41: =BS41 | FB41: 0 | FC41: =CK41 | FD41: =DM41
D42: 3 | H42: e_jig_00301_jig1_charaget01_Normal_Green | L42: 竈神 魚 | P42: Normal | R42: Green | T42: Attack | V42: Default | X42: Normal | AB42: 23000 | AD42: 23 | AF42: 300 | AH42: 3 | AJ42: 75 | AL42: 10 | AN42: =iferror(AF42*(50/(AJ42+AL42)),"攻撃力に数値を入力") | AY42: - | BA42: none | BE42: 37 | BG42: 0.22 | BI42: 0 | BK42: 0.23 | BM42: 1 | BO42: 4 | BQ42: 50 | BS42: 100 | CA42: FriendUnitDead | CE42: 2 | CG42: 0 | CI42: 1 | CK42: 1750 | CM42: None | CQ42: None | CW42: None | DC42: None | DK42: FALSE | DM42: None | EA42: =B42 | EB42: =D42 | EC42: =F42 | ED42: =CA42 | EE42: =CE42 | EF42: ="SummonEnemy" | EG42: =H42 | EI42: =CI42 | EJ42: =CG42 | EK42: =CM42 | EL42: =CO42 | EM42: =CQ42 | EN42: =CU42 | EO42: =CW42 | EP42: =DA42 | EQ42: =DC42 | ER42: =DG42 | ES42: =DI42 | ET42: =DK42 | EV42: =V42 | EW42: =X42 | EX42: =AD42 | EY42: =AH42 | EZ42: ="1" | FA42: =BS42 | FB42: 0 | FC42: =CK42 | FD42: =DM42
D43: 4 | H43: e_jig_00401_jig1_charaget01_Normal_Green | L43: 極楽蝶 | P43: Normal | R43: Green | T43: Technical | V43: Default | X43: Normal | AB43: 10000 | AD43: 10 | AF43: 250 | AH43: 2.5 | AJ43: 65 | AL43: 125 | AN43: =iferror(AF43*(50/(AJ43+AL43)),"攻撃力に数値を入力") | AP43: 100%の確率で6秒間1%の毒にする | AY43: - | BA43: none | BE43: 33 | BG43: 0.24 | BI43: 0 | BK43: 0.25 | BM43: 1 | BO43: 2 | BQ43: 50 | BS43: 100 | CA43: ElapsedTime | CE43: 1200 | CG43: 1500 | CI43: 5 | CM43: None | CQ43: None | CW43: None | DC43: None | DK43: FALSE | DM43: None | EA43: =B43 | EB43: =D43 | EC43: =F43 | ED43: =CA43 | EE43: =CE43 | EF43: ="SummonEnemy" | EG43: =H43 | EI43: =CI43 | EJ43: =CG43 | EK43: =CM43 | EL43: =CO43 | EM43: =CQ43 | EN43: =CU43 | EO43: =CW43 | EP43: =DA43 | EQ43: =DC43 | ER43: =DG43 | ES43: =DI43 | ET43: =DK43 | EV43: =V43 | EW43: =X43 | EX43: =AD43 | EY43: =AH43 | EZ43: ="1" | FA43: =BS43 | FB43: 0 | FC43: =CK43 | FD43: =DM43
D44: 5 | H44: e_jig_00402_jig1_charaget01_Normal_Colorless | L44: 極楽蝶 | P44: Normal | R44: Colorless | T44: Defense | V44: Default | X44: Normal | AB44: 32000 | AD44: 32 | AF44: 150 | AH44: 1.5 | AJ44: 105 | AL44: 200 | AN44: =iferror(AF44*(50/(AJ44+AL44)),"攻撃力に数値を入力") | AY44: - | BA44: none | BE44: 25 | BG44: 0.22 | BI44: 0 | BK44: 0.23 | BM44: 100 | BO44: 2 | BQ44: 50 | BS44: 100 | CA44: ElapsedTime | CE44: 800 | CG44: 800 | CI44: 5 | CM44: None | CQ44: None | CW44: None | DC44: None | DK44: FALSE | DM44: None | EA44: =B44 | EB44: =D44 | EC44: =F44 | ED44: =CA44 | EE44: =CE44 | EF44: ="SummonEnemy" | EG44: =H44 | EI44: =CI44 | EJ44: =CG44 | EK44: =CM44 | EL44: =CO44 | EM44: =CQ44 | EN44: =CU44 | EO44: =CW44 | EP44: =DA44 | EQ44: =DC44 | ER44: =DG44 | ES44: =DI44 | ET44: =DK44 | EV44: =V44 | EW44: =X44 | EX44: =AD44 | EY44: =AH44 | EZ44: ="1" | FA44: =BS44 | FB44: 0 | FC44: =CK44 | FD44: =DM44
D45: 6 | H45: e_jig_00301_jig1_charaget01_Normal_Green | L45: 竈神 魚 | P45: Normal | R45: Green | T45: Attack | V45: Default | X45: Normal | AB45: 23000 | AD45: 23 | AF45: 300 | AH45: 3 | AJ45: 75 | AL45: 10 | AN45: =iferror(AF45*(50/(AJ45+AL45)),"攻撃力に数値を入力") | AY45: - | BA45: none | BE45: 37 | BG45: 0.22 | BI45: 0 | BK45: 0.23 | BM45: 1 | BO45: 4 | BQ45: 50 | BS45: 50 | CA45: OutpostHpPercentage | CE45: 99 | CG45: 0 | CI45: 1 | CK45: 300 | CM45: None | CQ45: None | CW45: None | DC45: None | DK45: FALSE | DM45: None | EA45: =B45 | EB45: =D45 | EC45: =F45 | ED45: =CA45 | EE45: =CE45 | EF45: ="SummonEnemy" | EG45: =H45 | EI45: =CI45 | EJ45: =CG45 | EK45: =CM45 | EL45: =CO45 | EM45: =CQ45 | EN45: =CU45 | EO45: =CW45 | EP45: =DA45 | EQ45: =DC45 | ER45: =DG45 | ES45: =DI45 | ET45: =DK45 | EV45: =V45 | EW45: =X45 | EX45: =AD45 | EY45: =AH45 | EZ45: ="1" | FA45: =BS45 | FB45: 0 | FC45: =CK45 | FD45: =DM45
D46: 7 | H46: e_jig_00402_jig1_charaget01_Normal_Colorless | L46: 極楽蝶 | P46: Normal | R46: Colorless | T46: Defense | V46: Default | X46: Normal | AB46: 32000 | AD46: 32 | AF46: 150 | AH46: 1.5 | AJ46: 105 | AL46: 200 | AN46: =iferror(AF46*(50/(AJ46+AL46)),"攻撃力に数値を入力") | AY46: - | BA46: none | BE46: 25 | BG46: 0.22 | BI46: 0 | BK46: 0.23 | BM46: 100 | BO46: 2 | BQ46: 50 | BS46: 50 | CA46: OutpostHpPercentage | CE46: 99 | CG46: 0 | CI46: 1 | CK46: 50 | CM46: None | CQ46: None | CW46: None | DC46: None | DK46: FALSE | DM46: None | EA46: =B46 | EB46: =D46 | EC46: =F46 | ED46: =CA46 | EE46: =CE46 | EF46: ="SummonEnemy" | EG46: =H46 | EI46: =CI46 | EJ46: =CG46 | EK46: =CM46 | EL46: =CO46 | EM46: =CQ46 | EN46: =CU46 | EO46: =CW46 | EP46: =DA46 | EQ46: =DC46 | ER46: =DG46 | ES46: =DI46 | ET46: =DK46 | EV46: =V46 | EW46: =X46 | EX46: =AD46 | EY46: =AH46 | EZ46: ="1" | FA46: =BS46 | FB46: 0 | FC46: =CK46 | FD46: =DM46
L47: none | P47: none | R47: none | T47: none | V47: Default | X47: Normal | AB47: none | AD47: 1 | AF47: none | AH47: 1 | AJ47: none | AL47: none | AN47: =iferror(AF47*(50/(AJ47+AL47)),"攻撃力に数値を入力") | AP47: none | AT47: none | AY47: none | BA47: none | BC47: none | BE47: none | BG47: none | BI47: none | BK47: none | BM47: none | BO47: none | BQ47: none | CA47: 未入力 | CM47: None | CQ47: None | CW47: None | DC47: None | DK47: FALSE | DM47: None | EA47: =B47 | EB47: =D47 | EC47: =F47 | ED47: =CA47 | EE47: =CE47 | EF47: ="SummonEnemy" | EG47: =H47 | EI47: =CI47 | EJ47: =CG47 | EK47: =CM47 | EL47: =CO47 | EM47: =CQ47 | EN47: =CU47 | EO47: =CW47 | EP47: =DA47 | EQ47: =DC47 | ER47: =DG47 | ES47: =DI47 | ET47: =DK47 | EV47: =V47 | EW47: =X47 | EX47: =AD47 | EY47: =AH47 | EZ47: ="1" | FA47: =BS47 | FB47: 0 | FC47: =CK47 | FD47: =DM47
L48: none | P48: none | R48: none | T48: none | V48: Default | X48: Normal | AB48: none | AD48: 1 | AF48: none | AH48: 1 | AJ48: none | AL48: none | AN48: =iferror(AF48*(50/(AJ48+AL48)),"攻撃力に数値を入力") | AP48: none | AT48: none | AY48: none | BA48: none | BC48: none | BE48: none | BG48: none | BI48: none | BK48: none | BM48: none | BO48: none | BQ48: none | CA48: 未入力 | CM48: None | CQ48: None | CW48: None | DC48: None | DK48: FALSE | DM48: None | EA48: =B48 | EB48: =D48 | EC48: =F48 | ED48: =CA48 | EE48: =CE48 | EF48: ="SummonEnemy" | EG48: =H48 | EI48: =CI48 | EJ48: =CG48 | EK48: =CM48 | EL48: =CO48 | EM48: =CQ48 | EN48: =CU48 | EO48: =CW48 | EP48: =DA48 | EQ48: =DC48 | ER48: =DG48 | ES48: =DI48 | ET48: =DK48 | EV48: =V48 | EW48: =X48 | EX48: =AD48 | EY48: =AH48 | EZ48: ="1" | FA48: =BS48 | FB48: 0 | FC48: =CK48 | FD48: =DM48
L49: none | P49: none | R49: none | T49: none | V49: Default | X49: Normal | AB49: none | AD49: 1 | AF49: none | AH49: 1 | AJ49: none | AL49: none | AN49: =iferror(AF49*(50/(AJ49+AL49)),"攻撃力に数値を入力") | AP49: none | AT49: none | AY49: none | BA49: none | BC49: none | BE49: none | BG49: none | BI49: none | BK49: none | BM49: none | BO49: none | BQ49: none | CA49: 未入力 | CM49: None | CQ49: None | CW49: None | DC49: None | DK49: FALSE | DM49: None | EA49: =B49 | EB49: =D49 | EC49: =F49 | ED49: =CA49 | EE49: =CE49 | EF49: ="SummonEnemy" | EG49: =H49 | EI49: =CI49 | EJ49: =CG49 | EK49: =CM49 | EL49: =CO49 | EM49: =CQ49 | EN49: =CU49 | EO49: =CW49 | EP49: =DA49 | EQ49: =DC49 | ER49: =DG49 | ES49: =DI49 | ET49: =DK49 | EV49: =V49 | EW49: =X49 | EX49: =AD49 | EY49: =AH49 | EZ49: ="1" | FA49: =BS49 | FB49: 0 | FC49: =CK49 | FD49: =DM49
L50: none | P50: none | R50: none | T50: none | V50: Default | X50: Normal | AB50: none | AD50: 1 | AF50: none | AH50: 1 | AJ50: none | AL50: none | AN50: =iferror(AF50*(50/(AJ50+AL50)),"攻撃力に数値を入力") | AP50: none | AT50: none | AY50: none | BA50: none | BC50: none | BE50: none | BG50: none | BI50: none | BK50: none | BM50: none | BO50: none | BQ50: none | CA50: 未入力 | CM50: None | CQ50: None | CW50: None | DC50: None | DK50: FALSE | DM50: None | EA50: =B50 | EB50: =D50 | EC50: =F50 | ED50: =CA50 | EE50: =CE50 | EF50: ="SummonEnemy" | EG50: =H50 | EI50: =CI50 | EJ50: =CG50 | EK50: =CM50 | EL50: =CO50 | EM50: =CQ50 | EN50: =CU50 | EO50: =CW50 | EP50: =DA50 | EQ50: =DC50 | ER50: =DG50 | ES50: =DI50 | ET50: =DK50 | EV50: =V50 | EW50: =X50 | EX50: =AD50 | EY50: =AH50 | EZ50: ="1" | FA50: =BS50 | FB50: 0 | FC50: =CK50 | FD50: =DM50
L51: none | P51: none | R51: none | T51: none | V51: Default | X51: Normal | AB51: none | AD51: 1 | AF51: none | AH51: 1 | AJ51: none | AL51: none | AN51: =iferror(AF51*(50/(AJ51+AL51)),"攻撃力に数値を入力") | AP51: none | AT51: none | AY51: none | BA51: none | BC51: none | BE51: none | BG51: none | BI51: none | BK51: none | BM51: none | BO51: none | BQ51: none | CA51: 未入力 | CM51: None | CQ51: None | CW51: None | DC51: None | DK51: FALSE | DM51: None | EA51: =B51 | EB51: =D51 | EC51: =F51 | ED51: =CA51 | EE51: =CE51 | EF51: ="SummonEnemy" | EG51: =H51 | EI51: =CI51 | EJ51: =CG51 | EK51: =CM51 | EL51: =CO51 | EM51: =CQ51 | EN51: =CU51 | EO51: =CW51 | EP51: =DA51 | EQ51: =DC51 | ER51: =DG51 | ES51: =DI51 | ET51: =DK51 | EV51: =V51 | EW51: =X51 | EX51: =AD51 | EY51: =AH51 | EZ51: ="1" | FA51: =BS51 | FB51: 0 | FC51: =CK51 | FD51: =DM51
L52: none | P52: none | R52: none | T52: none | V52: Default | X52: Normal | AB52: none | AD52: 1 | AF52: none | AH52: 1 | AJ52: none | AL52: none | AN52: =iferror(AF52*(50/(AJ52+AL52)),"攻撃力に数値を入力") | AP52: none | AT52: none | AY52: none | BA52: none | BC52: none | BE52: none | BG52: none | BI52: none | BK52: none | BM52: none | BO52: none | BQ52: none | CA52: 未入力 | CM52: None | CQ52: None | CW52: None | DC52: None | DK52: FALSE | DM52: None | EA52: =B52 | EB52: =D52 | EC52: =F52 | ED52: =CA52 | EE52: =CE52 | EF52: ="SummonEnemy" | EG52: =H52 | EI52: =CI52 | EJ52: =CG52 | EK52: =CM52 | EL52: =CO52 | EM52: =CQ52 | EN52: =CU52 | EO52: =CW52 | EP52: =DA52 | EQ52: =DC52 | ER52: =DG52 | ES52: =DI52 | ET52: =DK52 | EV52: =V52 | EW52: =X52 | EX52: =AD52 | EY52: =AH52 | EZ52: ="1" | FA52: =BS52 | FB52: 0 | FC52: =CK52 | FD52: =DM52
L53: none | P53: none | R53: none | T53: none | V53: Default | X53: Normal | AB53: none | AD53: 1 | AF53: none | AH53: 1 | AJ53: none | AL53: none | AN53: =iferror(AF53*(50/(AJ53+AL53)),"攻撃力に数値を入力") | AP53: none | AT53: none | AY53: none | BA53: none | BC53: none | BE53: none | BG53: none | BI53: none | BK53: none | BM53: none | BO53: none | BQ53: none | CA53: 未入力 | CM53: None | CQ53: None | CW53: None | DC53: None | DK53: FALSE | DM53: None | EA53: =B53 | EB53: =D53 | EC53: =F53 | ED53: =CA53 | EE53: =CE53 | EF53: ="SummonEnemy" | EG53: =H53 | EI53: =CI53 | EJ53: =CG53 | EK53: =CM53 | EL53: =CO53 | EM53: =CQ53 | EN53: =CU53 | EO53: =CW53 | EP53: =DA53 | EQ53: =DC53 | ER53: =DG53 | ES53: =DI53 | ET53: =DK53 | EV53: =V53 | EW53: =X53 | EX53: =AD53 | EY53: =AH53 | EZ53: ="1" | FA53: =BS53 | FB53: 0 | FC53: =CK53 | FD53: =DM53
L54: none | P54: none | R54: none | T54: none | V54: Default | X54: Normal | AB54: none | AD54: 1 | AF54: none | AH54: 1 | AJ54: none | AL54: none | AN54: =iferror(AF54*(50/(AJ54+AL54)),"攻撃力に数値を入力") | AP54: none | AT54: none | AY54: none | BA54: none | BC54: none | BE54: none | BG54: none | BI54: none | BK54: none | BM54: none | BO54: none | BQ54: none | CA54: 未入力 | CM54: None | CQ54: None | CW54: None | DC54: None | DK54: FALSE | DM54: None | EA54: =B54 | EB54: =D54 | EC54: =F54 | ED54: =CA54 | EE54: =CE54 | EF54: ="SummonEnemy" | EG54: =H54 | EI54: =CI54 | EJ54: =CG54 | EK54: =CM54 | EL54: =CO54 | EM54: =CQ54 | EN54: =CU54 | EO54: =CW54 | EP54: =DA54 | EQ54: =DC54 | ER54: =DG54 | ES54: =DI54 | ET54: =DK54 | EV54: =V54 | EW54: =X54 | EX54: =AD54 | EY54: =AH54 | EZ54: ="1" | FA54: =BS54 | FB54: 0 | FC54: =CK54 | FD54: =DM54
L55: none | P55: none | R55: none | T55: none | V55: Default | X55: Normal | AB55: none | AD55: 1 | AF55: none | AH55: 1 | AJ55: none | AL55: none | AN55: =iferror(AF55*(50/(AJ55+AL55)),"攻撃力に数値を入力") | AP55: none | AT55: none | AY55: none | BA55: none | BC55: none | BE55: none | BG55: none | BI55: none | BK55: none | BM55: none | BO55: none | BQ55: none | CA55: 未入力 | CM55: None | CQ55: None | CW55: None | DC55: None | DK55: FALSE | DM55: None | EA55: =B55 | EB55: =D55 | EC55: =F55 | ED55: =CA55 | EE55: =CE55 | EF55: ="SummonEnemy" | EG55: =H55 | EI55: =CI55 | EJ55: =CG55 | EK55: =CM55 | EL55: =CO55 | EM55: =CQ55 | EN55: =CU55 | EO55: =CW55 | EP55: =DA55 | EQ55: =DC55 | ER55: =DG55 | ES55: =DI55 | ET55: =DK55 | EV55: =V55 | EW55: =X55 | EX55: =AD55 | EY55: =AH55 | EZ55: ="1" | FA55: =BS55 | FB55: 0 | FC55: =CK55 | FD55: =DM55
L56: none | P56: none | R56: none | T56: none | V56: Default | X56: Normal | AB56: none | AD56: 1 | AF56: none | AH56: 1 | AJ56: none | AL56: none | AN56: =iferror(AF56*(50/(AJ56+AL56)),"攻撃力に数値を入力") | AP56: none | AT56: none | AY56: none | BA56: none | BC56: none | BE56: none | BG56: none | BI56: none | BK56: none | BM56: none | BO56: none | BQ56: none | CA56: 未入力 | CM56: None | CQ56: None | CW56: None | DC56: None | DK56: FALSE | DM56: None | EA56: =B56 | EB56: =D56 | EC56: =F56 | ED56: =CA56 | EE56: =CE56 | EF56: ="SummonEnemy" | EG56: =H56 | EI56: =CI56 | EJ56: =CG56 | EK56: =CM56 | EL56: =CO56 | EM56: =CQ56 | EN56: =CU56 | EO56: =CW56 | EP56: =DA56 | EQ56: =DC56 | ER56: =DG56 | ES56: =DI56 | ET56: =DK56 | EV56: =V56 | EW56: =X56 | EX56: =AD56 | EY56: =AH56 | EZ56: ="1" | FA56: =BS56 | FB56: 0 | FC56: =CK56 | FD56: =DM56
L57: none | P57: none | R57: none | T57: none | V57: Default | X57: Normal | AB57: none | AD57: 1 | AF57: none | AH57: 1 | AJ57: none | AL57: none | AN57: =iferror(AF57*(50/(AJ57+AL57)),"攻撃力に数値を入力") | AP57: none | AT57: none | AY57: none | BA57: none | BC57: none | BE57: none | BG57: none | BI57: none | BK57: none | BM57: none | BO57: none | BQ57: none | CA57: 未入力 | CM57: None | CQ57: None | CW57: None | DC57: None | DK57: FALSE | DM57: None | EA57: =B57 | EB57: =D57 | EC57: =F57 | ED57: =CA57 | EE57: =CE57 | EF57: ="SummonEnemy" | EG57: =H57 | EI57: =CI57 | EJ57: =CG57 | EK57: =CM57 | EL57: =CO57 | EM57: =CQ57 | EN57: =CU57 | EO57: =CW57 | EP57: =DA57 | EQ57: =DC57 | ER57: =DG57 | ES57: =DI57 | ET57: =DK57 | EV57: =V57 | EW57: =X57 | EX57: =AD57 | EY57: =AH57 | EZ57: ="1" | FA57: =BS57 | FB57: 0 | FC57: =CK57 | FD57: =DM57
L58: none | P58: none | R58: none | T58: none | V58: Default | X58: Normal | AB58: none | AD58: 1 | AF58: none | AH58: 1 | AJ58: none | AL58: none | AN58: =iferror(AF58*(50/(AJ58+AL58)),"攻撃力に数値を入力") | AP58: none | AT58: none | AY58: none | BA58: none | BC58: none | BE58: none | BG58: none | BI58: none | BK58: none | BM58: none | BO58: none | BQ58: none | CA58: 未入力 | CM58: None | CQ58: None | CW58: None | DC58: None | DK58: FALSE | DM58: None | EA58: =B58 | EB58: =D58 | EC58: =F58 | ED58: =CA58 | EE58: =CE58 | EF58: ="SummonEnemy" | EG58: =H58 | EI58: =CI58 | EJ58: =CG58 | EK58: =CM58 | EL58: =CO58 | EM58: =CQ58 | EN58: =CU58 | EO58: =CW58 | EP58: =DA58 | EQ58: =DC58 | ER58: =DG58 | ES58: =DI58 | ET58: =DK58 | EV58: =V58 | EW58: =X58 | EX58: =AD58 | EY58: =AH58 | EZ58: ="1" | FA58: =BS58 | FB58: 0 | FC58: =CK58 | FD58: =DM58
L59: none | P59: none | R59: none | T59: none | V59: Default | X59: Normal | AB59: none | AD59: 1 | AF59: none | AH59: 1 | AJ59: none | AL59: none | AN59: =iferror(AF59*(50/(AJ59+AL59)),"攻撃力に数値を入力") | AP59: none | AT59: none | AY59: none | BA59: none | BC59: none | BE59: none | BG59: none | BI59: none | BK59: none | BM59: none | BO59: none | BQ59: none | CA59: 未入力 | CM59: None | CQ59: None | CW59: None | DC59: None | DK59: FALSE | DM59: None | EA59: =B59 | EB59: =D59 | EC59: =F59 | ED59: =CA59 | EE59: =CE59 | EF59: ="SummonEnemy" | EG59: =H59 | EI59: =CI59 | EJ59: =CG59 | EK59: =CM59 | EL59: =CO59 | EM59: =CQ59 | EN59: =CU59 | EO59: =CW59 | EP59: =DA59 | EQ59: =DC59 | ER59: =DG59 | ES59: =DI59 | ET59: =DK59 | EV59: =V59 | EW59: =X59 | EX59: =AD59 | EY59: =AH59 | EZ59: ="1" | FA59: =BS59 | FB59: 0 | FC59: =CK59 | FD59: =DM59

Sheet 6話
B2: ■基礎情報
B4: ステージコンセプト | S4: ステージ情報詳細
B5: 強敵 朱槿 雑魚 門神と極楽蝶 朱槿が近距離の単体、門神が中距離で範囲攻撃してくる 雑魚の極楽蝶は毒攻撃をしてくる（倒すとコストまあまあもらえるのでメイが使いやすい） | S5: 【属性情報】 緑属性の敵が登場するので赤属性のキャラは有利に戦うこともできるぞ! さらに、無属性の敵も登場するぞ! 【コマ効果情報】 毒コマ、突風コマが登場するぞ! 特性で突風コマ無効化を持っているキャラを編成しよう! 【ギミック情報】 毒攻撃をしてくる敵が登場するぞ! 特性で毒ダメージ軽減を持っているキャラを編成しよう! このステージでは、『朱槿』が登場している時は、 ファントムゲートHPは削れないぞ!
B9: ステージ名（最大20文字） | G9: 文字数 | I9: スタミナ | K9: 難易度 | N9: 推奨PTLv | Q9: 通常BGM | V9: ボスBGM
B10: 6話 | G10: =len(B10) | I10: 10 | K10: イベント全般 | N10: 30 | Q10: SSE_SBG_003_003 | V10: SSE_SBG_003_004
B12: 味方ゲートID | E12: 敵ゲートID | H12: 敵ゲートasset | K12: 敵ゲートHP | N12: リリースキー
B13: default | E13: event_jig1_charaget01_00006 | H13: event_jig_0001 | K13: 50000 | N13: 202601010
B15: ■報酬設計
B17: クリアコイン | E17: リーダーEXP | H17: 原画のかけら確率 | K17: 原画のかけら種
B18: 300 | E18: =I10*10 | H18: 1 | K18: 1,12,15
B20: ドロップ区分 | E20: リソースtype | G20: アイテムID | J20: アイテム名 | R20: ドロップ数 | T20: ドロップ率
B21: FirstClear | E21: =if(J21="プリズム","FreeDiamond","item") | G21: prism_glo_00001 | J21: プリズム | R21: 40 | T21: 100
B22: FirstClear | E22: =if(J22="プリズム","FreeDiamond","Item") | G22: Coin | J22: コイン | R22: 500 | T22: 100
B23: FirstClear | E23: =if(J23="プリズム","FreeDiamond","Item") | G23: memoryfragment_glo_00003 | J23: メモリーフラグメント・上級 | R23: 1 | T23: 100
B24: Random | E24: =if(J24="プリズム","FreeDiamond","Item") | G24: piece_jig_00701 | J24: メイのかけら | R24: 5 | T24: 60
E25: =if(J25="プリズム","FreeDiamond","Item") | G25: none
E26: =if(J26="プリズム","FreeDiamond","Item") | G26: none
B28: ■コマ設計
B30: 行数 | D30: 行パターンID | F30: コマ数 | H30: コマ高さ | J30: コマ幅1 | L30: コマ幅2 | N30: コマ幅3 | P30: コマ幅4 | R30: コマ背景 | U30: コマ効果1 | Z30: 効果時間 | AB30: 効果数値 | AD30: コマ効果2 | AI30: 効果時間 | AK30: 効果数値 | AM30: コマ効果3 | AR30: 効果時間 | AT30: 効果数値 | AV30: コマ効果4 | BA30: 効果時間 | BC30: 効果数値
B31: 1行目 | D31: 4 | F31: =iferror(vlookup(D31,'行パターン'!$A$2:$C61,2,false),"error") | H31: 0.55 | J31: 0.75 | L31: 0.25 | N31: none | P31: none | R31: jig_00003
B32: 2行目 | D32: 6 | F32: =iferror(vlookup(D32,'行パターン'!$A$2:$C61,2,false),"error") | H32: 0.55 | J32: 0.5 | L32: 0.5 | N32: none | P32: none | R32: jig_00003 | AD32: Poison | AI32: 200 | AK32: 5
B33: 3行目 | D33: 12 | F33: =iferror(vlookup(D33,'行パターン'!$A$2:$C61,2,false)," ") | H33: 0.55 | J33: 0.25 | L33: 0.25 | N33: 0.25 | P33: 0.25 | R33: jig_00003 | U33: Gust | Z33: 500 | AB33: 0.2
B34: 4行目 | F34: =iferror(vlookup(D34,'行パターン'!$A$2:$C61,2,false)," ")
B35: 5行目 | F35: =iferror(vlookup(D35,'行パターン'!$A$2:$C61,2,false)," ")
B37: ■Enemyシーケンス | F37: ※コピペして使用
B39: sequence _group_id | D39: sequence_ element_id | F39: priority_sequence_element_id | H39: Enemy_ID | L39: ファントム名 | P39: unit_kind | R39: 属性 | T39: ロール | V39: オーラタイプ | X39: 死亡タイプ | Z39: 必殺ワザ有無 | AB39: 体力 | AD39: 体力係数 | AF39: 攻撃力 | AH39: 攻撃係数 | AJ39: 通常攻撃F | AL39: 通常攻撃CDF | AN39: 通常攻撃DPS | AP39: 通常攻撃備考 | AT39: 必殺技内容 | AY39: 必殺発動回数 | BA39: 必殺技F(秒) | BC39: 特性 | BE39: 移動速度 | BG39: well_distance | BI39: start_range | BK39: end_range | BM39: 攻撃範囲 | BO39: KB回数 | BQ39: 撃破p | BS39: 上書き撃破p | BU39: 変身先ID | BW39: 変身条件1 | BY39: 変身条件2 | CA39: 出撃条件 condition_type | CE39: 出撃開始値 condition_value | CG39: 出撃感覚値 summon_interval | CI39: 召喚回数 summon_count | CK39: アクション遅延 action_delay | CM39: 出撃 アニメーション | CO39: 召喚pos summon_position | CQ39: 移動開始条件 move_start_condition_type | CU39: 移動開始値 condition_value | CW39: 移動停止条件 move_stop_condition_type | DA39: 移動停止値 | DC39: 移動再スタート条件 move_restart_condition_type | DG39: 移動再スタート値 | DI39: 再スタート回数 move_loop_count | DK39: ゲート無敵化 | DM39: 出現停止条件 | DQ39: 停止条件値 | DS39: 備考 | EA39: sequence_group_id | EB39: sequence_element_id | EC39: priority_sequence_element_id | ED39: condition_type | EE39: condition_value | EF39: action_type | EG39: action_value | EH39: action_value2 | EI39: summon_count | EJ39: summon_interval | EK39: summon_animation_type | EL39: summon_position | EM39: move_start_condition_type | EN39: move_start_condition_value | EO39: move_stop_condition_type | EP39: move_stop_condition_value | EQ39: move_restart_condition_type | ER39: move_restart_condition_value | ES39: move_loop_count | ET39: is_summon_unit_outpost_damage_invalidation | EV39: aura_type | EW39: death_type | EX39: enemy_hp_coef | EY39: enemy_attack_coef | EZ39: enemy_speed_coef | FA39: override_drop_battle_point | FB39: defeated_score | FC39: action_delay | FD39: deactivation_condition_type | FE39: deactivation_condition_value
D40: 1 | H40: e_jig_00601_jig1_charaget01_Boss_Colorless | L40: 朱槿 | P40: Boss | R40: Colorless | T40: Attack | V40: Default | X40: Normal | AB40: 150000 | AD40: 15 | AF40: 450 | AH40: 4.5 | AJ40: 75 | AN40: =iferror(AF40*(50/(AJ40+AL40)),"攻撃力に数値を入力") | AY40: - | BA40: none | BE40: 37 | BO40: 3 | BS40: 200 | CA40: ElapsedTime | CE40: 500 | CG40: 0 | CI40: 1 | CM40: None | CQ40: None | CW40: None | DC40: None | DK40: TRUE | DM40: None | EA40: =B40 | EB40: =D40 | EC40: =F40 | ED40: =CA40 | EE40: =CE40 | EF40: ="SummonEnemy" | EG40: =H40 | EI40: =CI40 | EJ40: =CG40 | EK40: =CM40 | EL40: =CO40 | EM40: =CQ40 | EN40: =CU40 | EO40: =CW40 | EP40: =DA40 | EQ40: =DC40 | ER40: =DG40 | ES40: =DI40 | ET40: =DK40 | EV40: =V40 | EW40: =X40 | EX40: =AD40 | EY40: =AH40 | EZ40: ="1" | FA40: =BS40 | FB40: 0 | FC40: =CK40 | FD40: =DM40
D41: 2 | H41: e_jig_00301_jig1_charaget01_Normal_Green | L41: 竈神 魚 | P41: Normal | R41: Green | T41: Attack | V41: Default | X41: Normal | AB41: 30000 | AD41: 30 | AF41: 300 | AH41: 3 | AJ41: 75 | AL41: 10 | AN41: =iferror(AF41*(50/(AJ41+AL41)),"攻撃力に数値を入力") | AY41: - | BA41: none | BE41: 37 | BG41: 0.22 | BI41: 0 | BK41: 0.23 | BM41: 1 | BO41: 4 | BQ41: 50 | BS41: 100 | CA41: ElapsedTime | CE41: 3500 | CG41: 2000 | CI41: 2 | CM41: None | CQ41: None | CW41: None | DC41: None | DK41: FALSE | DM41: None | EA41: =B41 | EB41: =D41 | EC41: =F41 | ED41: =CA41 | EE41: =CE41 | EF41: ="SummonEnemy" | EG41: =H41 | EI41: =CI41 | EJ41: =CG41 | EK41: =CM41 | EL41: =CO41 | EM41: =CQ41 | EN41: =CU41 | EO41: =CW41 | EP41: =DA41 | EQ41: =DC41 | ER41: =DG41 | ES41: =DI41 | ET41: =DK41 | EV41: =V41 | EW41: =X41 | EX41: =AD41 | EY41: =AH41 | EZ41: ="1" | FA41: =BS41 | FB41: 0 | FC41: =CK41 | FD41: =DM41
D42: 3 | H42: e_jig_00001_jig1_charaget01_Normal_Colorless | L42: 門神 | P42: Normal | R42: Colorless | T42: Defense | V42: Default | X42: Normal | AB42: 80000 | AD42: 80 | AF42: 150 | AH42: 1.5 | AJ42: 91.5 | AL42: 100 | AN42: =iferror(AF42*(50/(AJ42+AL42)),"攻撃力に数値を入力") | AY42: - | BA42: none | BE42: 27 | BG42: 0.22 | BI42: 0 | BK42: 0.27 | BM42: 100 | BO42: 1 | BQ42: 50 | BS42: 50 | CA42: ElapsedTime | CE42: 2000 | CG42: 2000 | CI42: 2 | CM42: None | CQ42: None | CW42: None | DC42: None | DK42: FALSE | DM42: None | EA42: =B42 | EB42: =D42 | EC42: =F42 | ED42: =CA42 | EE42: =CE42 | EF42: ="SummonEnemy" | EG42: =H42 | EI42: =CI42 | EJ42: =CG42 | EK42: =CM42 | EL42: =CO42 | EM42: =CQ42 | EN42: =CU42 | EO42: =CW42 | EP42: =DA42 | EQ42: =DC42 | ER42: =DG42 | ES42: =DI42 | ET42: =DK42 | EV42: =V42 | EW42: =X42 | EX42: =AD42 | EY42: =AH42 | EZ42: ="1" | FA42: =BS42 | FB42: 0 | FC42: =CK42 | FD42: =DM42
D43: 4 | H43: e_jig_00401_jig1_charaget01_Normal_Green | L43: 極楽蝶 | P43: Normal | R43: Green | T43: Technical | V43: Default | X43: Normal | AB43: 10000 | AD43: 10 | AF43: 200 | AH43: 2 | AJ43: 65 | AL43: 125 | AN43: =iferror(AF43*(50/(AJ43+AL43)),"攻撃力に数値を入力") | AP43: 100%の確率で6秒間1%の毒にする | AY43: - | BA43: none | BE43: 33 | BG43: 0.24 | BI43: 0 | BK43: 0.25 | BM43: 1 | BO43: 2 | BQ43: 50 | BS43: 100 | CA43: ElapsedTime | CE43: 800 | CG43: 50 | CI43: 2 | CM43: None | CQ43: None | CW43: None | DC43: None | DK43: FALSE | DM43: None | EA43: =B43 | EB43: =D43 | EC43: =F43 | ED43: =CA43 | EE43: =CE43 | EF43: ="SummonEnemy" | EG43: =H43 | EI43: =CI43 | EJ43: =CG43 | EK43: =CM43 | EL43: =CO43 | EM43: =CQ43 | EN43: =CU43 | EO43: =CW43 | EP43: =DA43 | EQ43: =DC43 | ER43: =DG43 | ES43: =DI43 | ET43: =DK43 | EV43: =V43 | EW43: =X43 | EX43: =AD43 | EY43: =AH43 | EZ43: ="1" | FA43: =BS43 | FB43: 0 | FC43: =CK43 | FD43: =DM43
D44: 5 | H44: e_jig_00402_jig1_charaget01_Normal_Colorless | L44: 極楽蝶 | P44: Normal | R44: Colorless | T44: Defense | V44: Default | X44: Normal | AB44: 40000 | AD44: 40 | AF44: 100 | AH44: 1 | AJ44: 105 | AL44: 200 | AN44: =iferror(AF44*(50/(AJ44+AL44)),"攻撃力に数値を入力") | AY44: - | BA44: none | BE44: 25 | BG44: 0.22 | BI44: 0 | BK44: 0.23 | BM44: 100 | BO44: 2 | BQ44: 50 | BS44: 100 | CA44: ElapsedTime | CE44: 200 | CG44: 50 | CI44: 1 | CM44: None | CQ44: None | CW44: None | DC44: None | DK44: FALSE | DM44: None | EA44: =B44 | EB44: =D44 | EC44: =F44 | ED44: =CA44 | EE44: =CE44 | EF44: ="SummonEnemy" | EG44: =H44 | EI44: =CI44 | EJ44: =CG44 | EK44: =CM44 | EL44: =CO44 | EM44: =CQ44 | EN44: =CU44 | EO44: =CW44 | EP44: =DA44 | EQ44: =DC44 | ER44: =DG44 | ES44: =DI44 | ET44: =DK44 | EV44: =V44 | EW44: =X44 | EX44: =AD44 | EY44: =AH44 | EZ44: ="1" | FA44: =BS44 | FB44: 0 | FC44: =CK44 | FD44: =DM44
D45: 6 | H45: e_jig_00401_jig1_charaget01_Normal_Green | L45: 極楽蝶 | P45: Normal | R45: Green | T45: Technical | V45: Default | X45: Normal | AB45: 10000 | AD45: 10 | AF45: 200 | AH45: 2 | AJ45: 65 | AL45: 125 | AN45: =iferror(AF45*(50/(AJ45+AL45)),"攻撃力に数値を入力") | AP45: 100%の確率で6秒間1%の毒にする | AY45: - | BA45: none | BE45: 33 | BG45: 0.24 | BI45: 0 | BK45: 0.25 | BM45: 1 | BO45: 2 | BQ45: 50 | BS45: 50 | CA45: ElapsedTime | CE45: 2700 | CG45: 50 | CI45: 3 | CM45: None | CQ45: None | CW45: None | DC45: None | DK45: FALSE | DM45: None | EA45: =B45 | EB45: =D45 | EC45: =F45 | ED45: =CA45 | EE45: =CE45 | EF45: ="SummonEnemy" | EG45: =H45 | EI45: =CI45 | EJ45: =CG45 | EK45: =CM45 | EL45: =CO45 | EM45: =CQ45 | EN45: =CU45 | EO45: =CW45 | EP45: =DA45 | EQ45: =DC45 | ER45: =DG45 | ES45: =DI45 | ET45: =DK45 | EV45: =V45 | EW45: =X45 | EX45: =AD45 | EY45: =AH45 | EZ45: ="1" | FA45: =BS45 | FB45: 0 | FC45: =CK45 | FD45: =DM45
D46: 7 | H46: e_jig_00402_jig1_charaget01_Normal_Colorless | L46: 極楽蝶 | P46: Normal | R46: Colorless | T46: Defense | V46: Default | X46: Normal | AB46: 40000 | AD46: 40 | AF46: 100 | AH46: 1 | AJ46: 105 | AL46: 200 | AN46: =iferror(AF46*(50/(AJ46+AL46)),"攻撃力に数値を入力") | AY46: - | BA46: none | BE46: 25 | BG46: 0.22 | BI46: 0 | BK46: 0.23 | BM46: 100 | BO46: 2 | BQ46: 50 | BS46: 50 | CA46: ElapsedTime | CE46: 3500 | CG46: 50 | CI46: 3 | CM46: None | CQ46: None | CW46: None | DC46: None | DK46: FALSE | DM46: None | EA46: =B46 | EB46: =D46 | EC46: =F46 | ED46: =CA46 | EE46: =CE46 | EF46: ="SummonEnemy" | EG46: =H46 | EI46: =CI46 | EJ46: =CG46 | EK46: =CM46 | EL46: =CO46 | EM46: =CQ46 | EN46: =CU46 | EO46: =CW46 | EP46: =DA46 | EQ46: =DC46 | ER46: =DG46 | ES46: =DI46 | ET46: =DK46 | EV46: =V46 | EW46: =X46 | EX46: =AD46 | EY46: =AH46 | EZ46: ="1" | FA46: =BS46 | FB46: 0 | FC46: =CK46 | FD46: =DM46
D47: 8 | H47: e_jig_00401_jig1_charaget01_Normal_Green | L47: 極楽蝶 | P47: Normal | R47: Green | T47: Technical | V47: Default | X47: Normal | AB47: 10000 | AD47: 10 | AF47: 200 | AH47: 2 | AJ47: 65 | AL47: 125 | AN47: =iferror(AF47*(50/(AJ47+AL47)),"攻撃力に数値を入力") | AP47: 100%の確率で6秒間1%の毒にする | AY47: - | BA47: none | BE47: 33 | BG47: 0.24 | BI47: 0 | BK47: 0.25 | BM47: 1 | BO47: 2 | BQ47: 50 | BS47: 50 | CA47: ElapsedTime | CE47: 4500 | CG47: 500 | CI47: 10 | CM47: None | CQ47: None | CW47: None | DC47: None | DK47: FALSE | DM47: None | EA47: =B47 | EB47: =D47 | EC47: =F47 | ED47: =CA47 | EE47: =CE47 | EF47: ="SummonEnemy" | EG47: =H47 | EI47: =CI47 | EJ47: =CG47 | EK47: =CM47 | EL47: =CO47 | EM47: =CQ47 | EN47: =CU47 | EO47: =CW47 | EP47: =DA47 | EQ47: =DC47 | ER47: =DG47 | ES47: =DI47 | ET47: =DK47 | EV47: =V47 | EW47: =X47 | EX47: =AD47 | EY47: =AH47 | EZ47: ="1" | FA47: =BS47 | FB47: 0 | FC47: =CK47 | FD47: =DM47
L48: none | P48: none | R48: none | T48: none | V48: Default | X48: Normal | AB48: none | AD48: 1 | AF48: none | AH48: 1 | AJ48: none | AL48: none | AN48: =iferror(AF48*(50/(AJ48+AL48)),"攻撃力に数値を入力") | AP48: none | AT48: none | AY48: none | BA48: none | BC48: none | BE48: none | BG48: none | BI48: none | BK48: none | BM48: none | BO48: none | BQ48: none | CA48: 未入力 | CM48: None | CQ48: None | CW48: None | DC48: None | DK48: FALSE | DM48: None | EA48: =B48 | EB48: =D48 | EC48: =F48 | ED48: =CA48 | EE48: =CE48 | EF48: ="SummonEnemy" | EG48: =H48 | EI48: =CI48 | EJ48: =CG48 | EK48: =CM48 | EL48: =CO48 | EM48: =CQ48 | EN48: =CU48 | EO48: =CW48 | EP48: =DA48 | EQ48: =DC48 | ER48: =DG48 | ES48: =DI48 | ET48: =DK48 | EV48: =V48 | EW48: =X48 | EX48: =AD48 | EY48: =AH48 | EZ48: ="1" | FA48: =BS48 | FB48: 0 | FC48: =CK48 | FD48: =DM48
L49: none | P49: none | R49: none | T49: none | V49: Default | X49: Normal | AB49: none | AD49: 1 | AF49: none | AH49: 1 | AJ49: none | AL49: none | AN49: =iferror(AF49*(50/(AJ49+AL49)),"攻撃力に数値を入力") | AP49: none | AT49: none | AY49: none | BA49: none | BC49: none | BE49: none | BG49: none | BI49: none | BK49: none | BM49: none | BO49: none | BQ49: none | CA49: 未入力 | CM49: None | CQ49: None | CW49: None | DC49: None | DK49: FALSE | DM49: None | EA49: =B49 | EB49: =D49 | EC49: =F49 | ED49: =CA49 | EE49: =CE49 | EF49: ="SummonEnemy" | EG49: =H49 | EI49: =CI49 | EJ49: =CG49 | EK49: =CM49 | EL49: =CO49 | EM49: =CQ49 | EN49: =CU49 | EO49: =CW49 | EP49: =DA49 | EQ49: =DC49 | ER49: =DG49 | ES49: =DI49 | ET49: =DK49 | EV49: =V49 | EW49: =X49 | EX49: =AD49 | EY49: =AH49 | EZ49: ="1" | FA49: =BS49 | FB49: 0 | FC49: =CK49 | FD49: =DM49
L50: none | P50: none | R50: none | T50: none | V50: Default | X50: Normal | AB50: none | AD50: 1 | AF50: none | AH50: 1 | AJ50: none | AL50: none | AN50: =iferror(AF50*(50/(AJ50+AL50)),"攻撃力に数値を入力") | AP50: none | AT50: none | AY50: none | BA50: none | BC50: none | BE50: none | BG50: none | BI50: none | BK50: none | BM50: none | BO50: none | BQ50: none | CA50: 未入力 | CM50: None | CQ50: None | CW50: None | DC50: None | DK50: FALSE | DM50: None | EA50: =B50 | EB50: =D50 | EC50: =F50 | ED50: =CA50 | EE50: =CE50 | EF50: ="SummonEnemy" | EG50: =H50 | EI50: =CI50 | EJ50: =CG50 | EK50: =CM50 | EL50: =CO50 | EM50: =CQ50 | EN50: =CU50 | EO50: =CW50 | EP50: =DA50 | EQ50: =DC50 | ER50: =DG50 | ES50: =DI50 | ET50: =DK50 | EV50: =V50 | EW50: =X50 | EX50: =AD50 | EY50: =AH50 | EZ50: ="1" | FA50: =BS50 | FB50: 0 | FC50: =CK50 | FD50: =DM50
L51: none | P51: none | R51: none | T51: none | V51: Default | X51: Normal | AB51: none | AD51: 1 | AF51: none | AH51: 1 | AJ51: none | AL51: none | AN51: =iferror(AF51*(50/(AJ51+AL51)),"攻撃力に数値を入力") | AP51: none | AT51: none | AY51: none | BA51: none | BC51: none | BE51: none | BG51: none | BI51: none | BK51: none | BM51: none | BO51: none | BQ51: none | CA51: 未入力 | CM51: None | CQ51: None | CW51: None | DC51: None | DK51: FALSE | DM51: None | EA51: =B51 | EB51: =D51 | EC51: =F51 | ED51: =CA51 | EE51: =CE51 | EF51: ="SummonEnemy" | EG51: =H51 | EI51: =CI51 | EJ51: =CG51 | EK51: =CM51 | EL51: =CO51 | EM51: =CQ51 | EN51: =CU51 | EO51: =CW51 | EP51: =DA51 | EQ51: =DC51 | ER51: =DG51 | ES51: =DI51 | ET51: =DK51 | EV51: =V51 | EW51: =X51 | EX51: =AD51 | EY51: =AH51 | EZ51: ="1" | FA51: =BS51 | FB51: 0 | FC51: =CK51 | FD51: =DM51
L52: none | P52: none | R52: none | T52: none | V52: Default | X52: Normal | AB52: none | AD52: 1 | AF52: none | AH52: 1 | AJ52: none | AL52: none | AN52: =iferror(AF52*(50/(AJ52+AL52)),"攻撃力に数値を入力") | AP52: none | AT52: none | AY52: none | BA52: none | BC52: none | BE52: none | BG52: none | BI52: none | BK52: none | BM52: none | BO52: none | BQ52: none | CA52: 未入力 | CM52: None | CQ52: None | CW52: None | DC52: None | DK52: FALSE | DM52: None | EA52: =B52 | EB52: =D52 | EC52: =F52 | ED52: =CA52 | EE52: =CE52 | EF52: ="SummonEnemy" | EG52: =H52 | EI52: =CI52 | EJ52: =CG52 | EK52: =CM52 | EL52: =CO52 | EM52: =CQ52 | EN52: =CU52 | EO52: =CW52 | EP52: =DA52 | EQ52: =DC52 | ER52: =DG52 | ES52: =DI52 | ET52: =DK52 | EV52: =V52 | EW52: =X52 | EX52: =AD52 | EY52: =AH52 | EZ52: ="1" | FA52: =BS52 | FB52: 0 | FC52: =CK52 | FD52: =DM52
L53: none | P53: none | R53: none | T53: none | V53: Default | X53: Normal | AB53: none | AD53: 1 | AF53: none | AH53: 1 | AJ53: none | AL53: none | AN53: =iferror(AF53*(50/(AJ53+AL53)),"攻撃力に数値を入力") | AP53: none | AT53: none | AY53: none | BA53: none | BC53: none | BE53: none | BG53: none | BI53: none | BK53: none | BM53: none | BO53: none | BQ53: none | CA53: 未入力 | CM53: None | CQ53: None | CW53: None | DC53: None | DK53: FALSE | DM53: None | EA53: =B53 | EB53: =D53 | EC53: =F53 | ED53: =CA53 | EE53: =CE53 | EF53: ="SummonEnemy" | EG53: =H53 | EI53: =CI53 | EJ53: =CG53 | EK53: =CM53 | EL53: =CO53 | EM53: =CQ53 | EN53: =CU53 | EO53: =CW53 | EP53: =DA53 | EQ53: =DC53 | ER53: =DG53 | ES53: =DI53 | ET53: =DK53 | EV53: =V53 | EW53: =X53 | EX53: =AD53 | EY53: =AH53 | EZ53: ="1" | FA53: =BS53 | FB53: 0 | FC53: =CK53 | FD53: =DM53
L54: none | P54: none | R54: none | T54: none | V54: Default | X54: Normal | AB54: none | AD54: 1 | AF54: none | AH54: 1 | AJ54: none | AL54: none | AN54: =iferror(AF54*(50/(AJ54+AL54)),"攻撃力に数値を入力") | AP54: none | AT54: none | AY54: none | BA54: none | BC54: none | BE54: none | BG54: none | BI54: none | BK54: none | BM54: none | BO54: none | BQ54: none | CA54: 未入力 | CM54: None | CQ54: None | CW54: None | DC54: None | DK54: FALSE | DM54: None | EA54: =B54 | EB54: =D54 | EC54: =F54 | ED54: =CA54 | EE54: =CE54 | EF54: ="SummonEnemy" | EG54: =H54 | EI54: =CI54 | EJ54: =CG54 | EK54: =CM54 | EL54: =CO54 | EM54: =CQ54 | EN54: =CU54 | EO54: =CW54 | EP54: =DA54 | EQ54: =DC54 | ER54: =DG54 | ES54: =DI54 | ET54: =DK54 | EV54: =V54 | EW54: =X54 | EX54: =AD54 | EY54: =AH54 | EZ54: ="1" | FA54: =BS54 | FB54: 0 | FC54: =CK54 | FD54: =DM54
L55: none | P55: none | R55: none | T55: none | V55: Default | X55: Normal | AB55: none | AD55: 1 | AF55: none | AH55: 1 | AJ55: none | AL55: none | AN55: =iferror(AF55*(50/(AJ55+AL55)),"攻撃力に数値を入力") | AP55: none | AT55: none | AY55: none | BA55: none | BC55: none | BE55: none | BG55: none | BI55: none | BK55: none | BM55: none | BO55: none | BQ55: none | CA55: 未入力 | CM55: None | CQ55: None | CW55: None | DC55: None | DK55: FALSE | DM55: None | EA55: =B55 | EB55: =D55 | EC55: =F55 | ED55: =CA55 | EE55: =CE55 | EF55: ="SummonEnemy" | EG55: =H55 | EI55: =CI55 | EJ55: =CG55 | EK55: =CM55 | EL55: =CO55 | EM55: =CQ55 | EN55: =CU55 | EO55: =CW55 | EP55: =DA55 | EQ55: =DC55 | ER55: =DG55 | ES55: =DI55 | ET55: =DK55 | EV55: =V55 | EW55: =X55 | EX55: =AD55 | EY55: =AH55 | EZ55: ="1" | FA55: =BS55 | FB55: 0 | FC55: =CK55 | FD55: =DM55
L56: none | P56: none | R56: none | T56: none | V56: Default | X56: Normal | AB56: none | AD56: 1 | AF56: none | AH56: 1 | AJ56: none | AL56: none | AN56: =iferror(AF56*(50/(AJ56+AL56)),"攻撃力に数値を入力") | AP56: none | AT56: none | AY56: none | BA56: none | BC56: none | BE56: none | BG56: none | BI56: none | BK56: none | BM56: none | BO56: none | BQ56: none | CA56: 未入力 | CM56: None | CQ56: None | CW56: None | DC56: None | DK56: FALSE | DM56: None | EA56: =B56 | EB56: =D56 | EC56: =F56 | ED56: =CA56 | EE56: =CE56 | EF56: ="SummonEnemy" | EG56: =H56 | EI56: =CI56 | EJ56: =CG56 | EK56: =CM56 | EL56: =CO56 | EM56: =CQ56 | EN56: =CU56 | EO56: =CW56 | EP56: =DA56 | EQ56: =DC56 | ER56: =DG56 | ES56: =DI56 | ET56: =DK56 | EV56: =V56 | EW56: =X56 | EX56: =AD56 | EY56: =AH56 | EZ56: ="1" | FA56: =BS56 | FB56: 0 | FC56: =CK56 | FD56: =DM56
L57: none | P57: none | R57: none | T57: none | V57: Default | X57: Normal | AB57: none | AD57: 1 | AF57: none | AH57: 1 | AJ57: none | AL57: none | AN57: =iferror(AF57*(50/(AJ57+AL57)),"攻撃力に数値を入力") | AP57: none | AT57: none | AY57: none | BA57: none | BC57: none | BE57: none | BG57: none | BI57: none | BK57: none | BM57: none | BO57: none | BQ57: none | CA57: 未入力 | CM57: None | CQ57: None | CW57: None | DC57: None | DK57: FALSE | DM57: None | EA57: =B57 | EB57: =D57 | EC57: =F57 | ED57: =CA57 | EE57: =CE57 | EF57: ="SummonEnemy" | EG57: =H57 | EI57: =CI57 | EJ57: =CG57 | EK57: =CM57 | EL57: =CO57 | EM57: =CQ57 | EN57: =CU57 | EO57: =CW57 | EP57: =DA57 | EQ57: =DC57 | ER57: =DG57 | ES57: =DI57 | ET57: =DK57 | EV57: =V57 | EW57: =X57 | EX57: =AD57 | EY57: =AH57 | EZ57: ="1" | FA57: =BS57 | FB57: 0 | FC57: =CK57 | FD57: =DM57
L58: none | P58: none | R58: none | T58: none | V58: Default | X58: Normal | AB58: none | AD58: 1 | AF58: none | AH58: 1 | AJ58: none | AL58: none | AN58: =iferror(AF58*(50/(AJ58+AL58)),"攻撃力に数値を入力") | AP58: none | AT58: none | AY58: none | BA58: none | BC58: none | BE58: none | BG58: none | BI58: none | BK58: none | BM58: none | BO58: none | BQ58: none | CA58: 未入力 | CM58: None | CQ58: None | CW58: None | DC58: None | DK58: FALSE | DM58: None | EA58: =B58 | EB58: =D58 | EC58: =F58 | ED58: =CA58 | EE58: =CE58 | EF58: ="SummonEnemy" | EG58: =H58 | EI58: =CI58 | EJ58: =CG58 | EK58: =CM58 | EL58: =CO58 | EM58: =CQ58 | EN58: =CU58 | EO58: =CW58 | EP58: =DA58 | EQ58: =DC58 | ER58: =DG58 | ES58: =DI58 | ET58: =DK58 | EV58: =V58 | EW58: =X58 | EX58: =AD58 | EY58: =AH58 | EZ58: ="1" | FA58: =BS58 | FB58: 0 | FC58: =CK58 | FD58: =DM58
L59: none | P59: none | R59: none | T59: none | V59: Default | X59: Normal | AB59: none | AD59: 1 | AF59: none | AH59: 1 | AJ59: none | AL59: none | AN59: =iferror(AF59*(50/(AJ59+AL59)),"攻撃力に数値を入力") | AP59: none | AT59: none | AY59: none | BA59: none | BC59: none | BE59: none | BG59: none | BI59: none | BK59: none | BM59: none | BO59: none | BQ59: none | CA59: 未入力 | CM59: None | CQ59: None | CW59: None | DC59: None | DK59: FALSE | DM59: None | EA59: =B59 | EB59: =D59 | EC59: =F59 | ED59: =CA59 | EE59: =CE59 | EF59: ="SummonEnemy" | EG59: =H59 | EI59: =CI59 | EJ59: =CG59 | EK59: =CM59 | EL59: =CO59 | EM59: =CQ59 | EN59: =CU59 | EO59: =CW59 | EP59: =DA59 | EQ59: =DC59 | ER59: =DG59 | ES59: =DI59 | ET59: =DK59 | EV59: =V59 | EW59: =X59 | EX59: =AD59 | EY59: =AH59 | EZ59: ="1" | FA59: =BS59 | FB59: 0 | FC59: =CK59 | FD59: =DM59

Sheet 敗北tips
B2: mst_in_game_id | E2: language | G2: result_tips | P2: 文字数
B3: event_jig1_charaget01_00001 | E3: ja | G3: キャラを強化してみよう! | Q3: =len(G3)
B4: event_jig1_charaget01_00002 | E4: ja | G4: キャラを強化してみよう! | Q4: =len(G4)
B5: event_jig1_charaget01_00003 | E5: ja | G5: 緑属性のキャラを編成してみよう! | Q5: =len(G5)
B6: event_jig1_charaget01_00004 | E6: ja | G6: 赤属性のキャラを編成してみよう! | Q6: =len(G6)
B7: event_jig1_charaget01_00005 | E7: ja | G7: キャラを強化してみよう! | Q7: =len(G7)
B8: event_jig1_charaget01_00006 | E8: ja | G8: キャラを強化してみよう! | Q8: =len(G8)
E9: ja | Q9: =len(G9)
E10: ja | Q10: =len(G10)
E11: ja | Q11: =len(G11)
E12: ja | Q12: =len(G12)
E13: ja | Q13: =len(G13)
E14: ja | Q14: =len(G14)
E15: ja | Q15: =len(G15)

Sheet 参照用▶︎

Sheet スタミナ表
B2: 要求スタミナ | C2: メイン | F2: イベント
B3: 1 | F3: 1日1回
B4: 5 | C4: メインNormal1~3
B5: 10 | C5: メインNormal4~6 | F5: SRキャラGET1 | G5: SSRキャラGET1 | H5: 原画1-2 | I5: スコチャレ1
B6: 15 | C6: メインNormal7~10 | I6: スコチャレ2
B7: 20 | C7: メインNormal11~14 | D7: メインHard1-6 | F7: SRキャラGET2 | G7: SSRキャラGET2 | H7: 原画3 | I7: スコチャレ3
B8: 25 | C8: メインNormal15~16 | I8: スコチャレ4
B9: 30 | D9: メインHard7-12 | E9: メインVHard1-8 | F9: SRキャラGET3 | H9: 原画4 | I9: スコチャレ5 | J9: 高難度1
B10: 35
B11: 40 | D11: メインHard13~16 | E11: メインVHard9-16 | G11: SSRキャラGET3
B12: 45
B13: 50 | J13: 高難度2

Sheet 行パターン
A1: 行パターンID | B1: コマ数 | C1: パターン | D1: コマ幅1 | E1: コマ幅2 | F1: コマ幅3 | G1: コマ幅4 | H1: 使用可能デプロイ
A2: 1 | B2: 1コマ | C2: 1コマのみ | D2: 1 | H2: 実装済み
A3: 2 | B3: 2コマ | C3: 右ちょい長2コマ | D3: 0.6 | E3: 0.4 | H3: 実装済み
A4: 3 | B4: 2コマ | C4: 左ちょい長2コマ | D4: 0.4 | E4: 0.6 | H4: 実装済み
A5: 4 | B5: 2コマ | C5: がっつり右長2コマ | D5: 0.75 | E5: 0.25 | H5: 実装済み
A6: 5 | B6: 2コマ | C6: がっつり左長2コマ | D6: 0.25 | E6: 0.75 | H6: 実装済み
A7: 6 | B7: 2コマ | C7: 2等分 | D7: 0.5 | E7: 0.5 | H7: 実装済み
A8: 7 | B8: 3コマ | C8: 3等分 | D8: 0.33 | E8: 0.34 | F8: 0.33 | H8: 実装済み
A9: 8 | B9: 3コマ | C9: 右広い | D9: 0.5 | E9: 0.25 | F9: 0.25 | H9: 実装済み
A10: 9 | B10: 3コマ | C10: 中央広い | D10: 0.25 | E10: 0.5 | F10: 0.25 | H10: 実装済み
A11: 10 | B11: 3コマ | C11: 左広い | D11: 0.25 | E11: 0.25 | F11: 0.5 | H11: 実装済み
A12: 11 | B12: 3コマ | C12: 中央狭い | D12: 0.4 | E12: 0.2 | F12: 0.4 | H12: 実装済み
A13: 12 | B13: 4コマ | C13: 4等分 | D13: 0.25 | E13: 0.25 | F13: 0.25 | G13: 0.25 | H13: 実装済み

Sheet コマ効果
A1: 効果内容 | B1: 効果param
A2: 攻撃力upコマ | B2: AttackPowerUp
A3: 攻撃力downコマ | B3: AttackPowerDown
A4: 移動スピードupコマ | B4: MoveSpeedUp
A5: ダメージコマ | B5: SlipDamage
A6: 突風コマ | B6: Gust
A7: 毒コマ | B7: Poison
A8: 暗闇コマ | B8: Darkness
A9: 火傷コマ | B9: Burn

Sheet エネミー出現
A1: param | B1: 出現トリガー説明 | D1: param | E1: 登場内容 | G1: param | H1: 歩き出し内容 | J1: param | K1: 移動停止 | M1: transformationConditionType | N1: 変身条件 | P1: aura_type | Q1: 内容 | S1: death_type
A2: 未入力 | D2: None | E2: ノーマル | G2: None | H2: なにもなし | J2: None | K2: なにもなし | M2: None | N2: なにもなし | P2: Default | Q2: オーラなし | S2: Normal | T2: 通常死亡
A3: ElapsedTime | B3: 時間経過毎 | D3: Fall0 | E3: 高さ0登場 | G3: ElapsedTime | H3: 時間経過歩き出し | J3: ElapsedTime | K3: 時間経過停止 | M3: HpPercentage | N3: HPパーセンテージ | P3: Boss | Q3: 通常ボスオーラ（※kindがbossの場合使用なし） | S3: Escape | T3: 撤退
A4: OutpostDamage | B4: ゲートHPがn値削れたら | D4: Fall | E4: 落下登場 | G4: FoeEnterSameKoma | H4: 自分のコマ侵入時 | J4: TargetPosition | K4: 特定ポジションまで | M4: StageTime | N4: バトル開始時間 | P4: AdventBoss1 | Q4: 降臨バトルオーラ1
A5: OutpostHpPercentage | B5: ゲートHPがn%削れたら | D5: Fall4 | E5: とても高いところから登場 | G5: EnterTargetKoma | H5: 指定コマ侵入時 | J5: PassedKomaCount | K5: 移動開始してからの移動したコマ数 | P5: AdventBoss2 | Q5: 降臨バトルオーラ2
A6: InitialSummon | B6: nコマ目に配置指定 | G6: Damage | H6: 自身がダメージを受けたら | P6: AdventBoss3 | Q6: 降臨バトルオーラ3
A7: EnterTargetKomaIndex | B7: nコマ目にキャラが侵入したら | G7: DeadFriendUnitCount | H7: ファントムがX体倒されたら
A8: DarknessKomaCleared | B8: nコマ目の暗闇コマが晴れたら
A9: FriendUnitDead | B9: sequence_element_id、「n」のエネミーが死んだら
A10: FriendUnitTransform | B10: sequence_element_id、「n」のエネミーが変身したら
A11: ElapsedTimeSinceSequenceGroupActivated | B11: sequence_group_id、「n」が活性化したら
A12: None
A13: FriendUnitSummoned | B13: ユニットが召喚されたら

Sheet 変身設定について
B2: 事前準備
B4: 変身先になるEnemyIDやステータスを以下に登録しておく
B5: ・MstEnemyCharacter
B6: ・MstEnemyCharacterI18n
B7: ・MstEnemyStageParameter
B8: ・MstAttack
B9: ・MstAttackI18n
B10: ・MstAttackElement
B12: 設定方法
B14: ・「MstEnemyStageParameter」のT列「mstTransformationEnemyStageParameterId」に変身先の「MstEnemyCharacter ID」を入力
B15: ・「MstEnemyStageParameter」のU列「transformationConditionType」に変身条件を入力
B16: →HpPercentageなど
B17: ・「MstEnemyStageParameter」のV列「transformationConditionValue」に変身条件数値を入力

Sheet ファントムマスター_イベント
A1: =IFERROR(__xludf.DUMMYFUNCTION("IMPORTRANGE(""https://docs.google.com/spreadsheets/d/1-a-cwR6zd3n4WYdDeMbaZ8h8KRnYlL8SOdp0o28XPPQ/edit#gid=0"",""ファントムマスター_イベント!A:ad"")"),"") | B1: =IFERROR(__xludf.DUMMYFUNCTION("""COMPUTED_VALUE"""),"※同IDが存在してないように使用用途を識別に入力する。 「general」や「normal_01only」など") | I1: =IFERROR(__xludf.DUMMYFUNCTION("""COMPUTED_VALUE"""),"※手打ち可能")
B2: =IFERROR(__xludf.DUMMYFUNCTION("""COMPUTED_VALUE"""),"master_id") | C2: =IFERROR(__xludf.DUMMYFUNCTION("""COMPUTED_VALUE"""),"識別") | D2: =IFERROR(__xludf.DUMMYFUNCTION("""COMPUTED_VALUE"""),"enemy_ID") | E2: =IFERROR(__xludf.DUMMYFUNCTION("""COMPUTED_VALUE"""),"作品") | F2: =IFERROR(__xludf.DUMMYFUNCTION("""COMPUTED_VALUE"""),"キャラ名(監修名)") | G2: =IFERROR(__xludf.DUMMYFUNCTION("""COMPUTED_VALUE"""),"識別キャラ名") | H2: =IFERROR(__xludf.DUMMYFUNCTION("""COMPUTED_VALUE"""),"unit_kind") | I2: =IFERROR(__xludf.DUMMYFUNCTION("""COMPUTED_VALUE"""),"role_type") | J2: =IFERROR(__xludf.DUMMYFUNCTION("""COMPUTED_VALUE"""),"color") | K2: =IFERROR(__xludf.DUMMYFUNCTION("""COMPUTED_VALUE"""),"HP") | L2: =IFERROR(__xludf.DUMMYFUNCTION("""COMPUTED_VALUE"""),"knock_back") | M2: =IFERROR(__xludf.DUMMYFUNCTION("""COMPUTED_VALUE"""),"move_speed") | N2: =IFERROR(__xludf.DUMMYFUNCTION("""COMPUTED_VALUE"""),"well_distance") | O2: =IFERROR(__xludf.DUMMYFUNCTION("""COMPUTED_VALUE"""),"attack_power") | P2: =IFERROR(__xludf.DUMMYFUNCTION("""COMPUTED_VALUE"""),"start_range") | Q2: =IFERROR(__xludf.DUMMYFUNCTION("""COMPUTED_VALUE"""),"end_range") | R2: =IFERROR(__xludf.DUMMYFUNCTION("""COMPUTED_VALUE"""),"攻撃範囲") | S2: =IFERROR(__xludf.DUMMYFUNCTION("""COMPUTED_VALUE"""),"撃破リーダーP") | T2: =IFERROR(__xludf.DUMMYFUNCTION("""COMPUTED_VALUE"""),"通常攻撃モーション秒") | U2: =IFERROR(__xludf.DUMMYFUNCTION("""COMPUTED_VALUE"""),"通常攻撃発生秒") | V2: =IFERROR(__xludf.DUMMYFUNCTION("""COMPUTED_VALUE"""),"通常攻撃CDF") | W2: =IFERROR(__xludf.DUMMYFUNCTION("""COMPUTED_VALUE"""),"必殺攻撃モーション秒") | X2: =IFERROR(__xludf.DUMMYFUNCTION("""COMPUTED_VALUE"""),"必殺攻撃発生秒") | Y2: =IFERROR(__xludf.DUMMYFUNCTION("""COMPUTED_VALUE"""),"必殺ワザ内容") | Z2: =IFERROR(__xludf.DUMMYFUNCTION("""COMPUTED_VALUE"""),"必殺発動回数") | AA2: =IFERROR(__xludf.DUMMYFUNCTION("""COMPUTED_VALUE"""),"特性") | AB2: =IFERROR(__xludf.DUMMYFUNCTION("""COMPUTED_VALUE"""),"オノマトペ") | AC2: =IFERROR(__xludf.DUMMYFUNCTION("""COMPUTED_VALUE"""),"通常攻撃備考") | AD2: =IFERROR(__xludf.DUMMYFUNCTION("""COMPUTED_VALUE"""),"備考")
D3: =IFERROR(__xludf.DUMMYFUNCTION("""COMPUTED_VALUE"""),"__Normal_") | E3: =IFERROR(__xludf.DUMMYFUNCTION("""COMPUTED_VALUE"""),"none") | F3: =IFERROR(__xludf.DUMMYFUNCTION("""COMPUTED_VALUE"""),"none") | G3: =IFERROR(__xludf.DUMMYFUNCTION("""COMPUTED_VALUE"""),"none") | H3: =IFERROR(__xludf.DUMMYFUNCTION("""COMPUTED_VALUE"""),"Normal") | I3: =IFERROR(__xludf.DUMMYFUNCTION("""COMPUTED_VALUE"""),"none") | T3: =IFERROR(__xludf.DUMMYFUNCTION("""COMPUTED_VALUE"""),"none") | U3: =IFERROR(__xludf.DUMMYFUNCTION("""COMPUTED_VALUE"""),"none") | W3: =IFERROR(__xludf.DUMMYFUNCTION("""COMPUTED_VALUE"""),"none") | X3: =IFERROR(__xludf.DUMMYFUNCTION("""COMPUTED_VALUE"""),"none") | AB3: =IFERROR(__xludf.DUMMYFUNCTION("""COMPUTED_VALUE"""),"none")
B4: =IFERROR(__xludf.DUMMYFUNCTION("""COMPUTED_VALUE"""),"enemy_glo_00001") | C4: =IFERROR(__xludf.DUMMYFUNCTION("""COMPUTED_VALUE"""),"_event_spy1_artwork") | D4: =IFERROR(__xludf.DUMMYFUNCTION("""COMPUTED_VALUE"""),"e_glo_00001_event_spy1_artwork_Normal_Colorless") | E4: =IFERROR(__xludf.DUMMYFUNCTION("""COMPUTED_VALUE"""),"GLOW") | F4: =IFERROR(__xludf.DUMMYFUNCTION("""COMPUTED_VALUE"""),"ファントム") | G4: =IFERROR(__xludf.DUMMYFUNCTION("""COMPUTED_VALUE"""),"ファントム_event_spy1_artwork") | H4: =IFERROR(__xludf.DUMMYFUNCTION("""COMPUTED_VALUE"""),"Normal") | I4: =IFERROR(__xludf.DUMMYFUNCTION("""COMPUTED_VALUE"""),"Attack") | J4: =IFERROR(__xludf.DUMMYFUNCTION("""COMPUTED_VALUE"""),"Colorless") | K4: =IFERROR(__xludf.DUMMYFUNCTION("""COMPUTED_VALUE"""),3000.0) | L4: =IFERROR(__xludf.DUMMYFUNCTION("""COMPUTED_VALUE"""),3.0) | M4: =IFERROR(__xludf.DUMMYFUNCTION("""COMPUTED_VALUE"""),34.0) | N4: =IFERROR(__xludf.DUMMYFUNCTION("""COMPUTED_VALUE"""),0.22) | O4: =IFERROR(__xludf.DUMMYFUNCTION("""COMPUTED_VALUE"""),100.0) | P4: =IFERROR(__xludf.DUMMYFUNCTION("""COMPUTED_VALUE"""),0.0) | Q4: =IFERROR(__xludf.DUMMYFUNCTION("""COMPUTED_VALUE"""),0.23) | R4: =IFERROR(__xludf.DUMMYFUNCTION("""COMPUTED_VALUE"""),1.0) | S4: =IFERROR(__xludf.DUMMYFUNCTION("""COMPUTED_VALUE"""),300.0) | T4: =IFERROR(__xludf.DUMMYFUNCTION("""COMPUTED_VALUE"""),"1.00") | U4: =IFERROR(__xludf.DUMMYFUNCTION("""COMPUTED_VALUE"""),"0.50") | V4: =IFERROR(__xludf.DUMMYFUNCTION("""COMPUTED_VALUE"""),50.0) | AB4: =IFERROR(__xludf.DUMMYFUNCTION("""COMPUTED_VALUE"""),"dageki_1") | AC4: =IFERROR(__xludf.DUMMYFUNCTION("""COMPUTED_VALUE"""),"test")
B5: =IFERROR(__xludf.DUMMYFUNCTION("""COMPUTED_VALUE"""),"enemy_glo_00001") | C5: =IFERROR(__xludf.DUMMYFUNCTION("""COMPUTED_VALUE"""),"_event_spy1_artwork") | D5: =IFERROR(__xludf.DUMMYFUNCTION("""COMPUTED_VALUE"""),"e_glo_00001_event_spy1_artwork_Boss_Colorless") | E5: =IFERROR(__xludf.DUMMYFUNCTION("""COMPUTED_VALUE"""),"GLOW") | F5: =IFERROR(__xludf.DUMMYFUNCTION("""COMPUTED_VALUE"""),"ファントム") | G5: =IFERROR(__xludf.DUMMYFUNCTION("""COMPUTED_VALUE"""),"ファントム_event_spy1_artwork") | H5: =IFERROR(__xludf.DUMMYFUNCTION("""COMPUTED_VALUE"""),"Boss") | I5: =IFERROR(__xludf.DUMMYFUNCTION("""COMPUTED_VALUE"""),"Attack") | J5: =IFERROR(__xludf.DUMMYFUNCTION("""COMPUTED_VALUE"""),"Colorless") | K5: =IFERROR(__xludf.DUMMYFUNCTION("""COMPUTED_VALUE"""),5000.0) | L5: =IFERROR(__xludf.DUMMYFUNCTION("""COMPUTED_VALUE"""),2.0) | M5: =IFERROR(__xludf.DUMMYFUNCTION("""COMPUTED_VALUE"""),25.0) | N5: =IFERROR(__xludf.DUMMYFUNCTION("""COMPUTED_VALUE"""),0.25) | O5: =IFERROR(__xludf.DUMMYFUNCTION("""COMPUTED_VALUE"""),100.0) | P5: =IFERROR(__xludf.DUMMYFUNCTION("""COMPUTED_VALUE"""),0.0) | Q5: =IFERROR(__xludf.DUMMYFUNCTION("""COMPUTED_VALUE"""),0.23) | R5: =IFERROR(__xludf.DUMMYFUNCTION("""COMPUTED_VALUE"""),1.0) | S5: =IFERROR(__xludf.DUMMYFUNCTION("""COMPUTED_VALUE"""),500.0) | T5: =IFERROR(__xludf.DUMMYFUNCTION("""COMPUTED_VALUE"""),"1.00") | U5: =IFERROR(__xludf.DUMMYFUNCTION("""COMPUTED_VALUE"""),"0.50") | V5: =IFERROR(__xludf.DUMMYFUNCTION("""COMPUTED_VALUE"""),100.0) | AB5: =IFERROR(__xludf.DUMMYFUNCTION("""COMPUTED_VALUE"""),"dageki_1")
B6: =IFERROR(__xludf.DUMMYFUNCTION("""COMPUTED_VALUE"""),"enemy_glo_00001") | C6: =IFERROR(__xludf.DUMMYFUNCTION("""COMPUTED_VALUE"""),"_event_spy1_artwork") | D6: =IFERROR(__xludf.DUMMYFUNCTION("""COMPUTED_VALUE"""),"e_glo_00001_event_spy1_artwork_Boss_Yellow") | E6: =IFERROR(__xludf.DUMMYFUNCTION("""COMPUTED_VALUE"""),"GLOW") | F6: =IFERROR(__xludf.DUMMYFUNCTION("""COMPUTED_VALUE"""),"ファントム") | G6: =IFERROR(__xludf.DUMMYFUNCTION("""COMPUTED_VALUE"""),"ファントム_event_spy1_artwork") | H6: =IFERROR(__xludf.DUMMYFUNCTION("""COMPUTED_VALUE"""),"Boss") | I6: =IFERROR(__xludf.DUMMYFUNCTION("""COMPUTED_VALUE"""),"Attack") | J6: =IFERROR(__xludf.DUMMYFUNCTION("""COMPUTED_VALUE"""),"Yellow") | K6: =IFERROR(__xludf.DUMMYFUNCTION("""COMPUTED_VALUE"""),5000.0) | L6: =IFERROR(__xludf.DUMMYFUNCTION("""COMPUTED_VALUE"""),2.0) | M6: =IFERROR(__xludf.DUMMYFUNCTION("""COMPUTED_VALUE"""),25.0) | N6: =IFERROR(__xludf.DUMMYFUNCTION("""COMPUTED_VALUE"""),0.25) | O6: =IFERROR(__xludf.DUMMYFUNCTION("""COMPUTED_VALUE"""),300.0) | P6: =IFERROR(__xludf.DUMMYFUNCTION("""COMPUTED_VALUE"""),0.0) | Q6: =IFERROR(__xludf.DUMMYFUNCTION("""COMPUTED_VALUE"""),0.26) | R6: =IFERROR(__xludf.DUMMYFUNCTION("""COMPUTED_VALUE"""),1.0) | S6: =IFERROR(__xludf.DUMMYFUNCTION("""COMPUTED_VALUE"""),500.0) | T6: =IFERROR(__xludf.DUMMYFUNCTION("""COMPUTED_VALUE"""),"1.00") | U6: =IFERROR(__xludf.DUMMYFUNCTION("""COMPUTED_VALUE"""),"0.50") | V6: =IFERROR(__xludf.DUMMYFUNCTION("""COMPUTED_VALUE"""),100.0) | AB6: =IFERROR(__xludf.DUMMYFUNCTION("""COMPUTED_VALUE"""),"dageki_1")
B7: =IFERROR(__xludf.DUMMYFUNCTION("""COMPUTED_VALUE"""),"enemy_glo_00001") | C7: =IFERROR(__xludf.DUMMYFUNCTION("""COMPUTED_VALUE"""),"_event_spy1_artwork") | D7: =IFERROR(__xludf.DUMMYFUNCTION("""COMPUTED_VALUE"""),"e_glo_00001_event_spy1_artwork_Boss_Blue") | E7: =IFERROR(__xludf.DUMMYFUNCTION("""COMPUTED_VALUE"""),"GLOW") | F7: =IFERROR(__xludf.DUMMYFUNCTION("""COMPUTED_VALUE"""),"ファントム") | G7: =IFERROR(__xludf.DUMMYFUNCTION("""COMPUTED_VALUE"""),"ファントム_event_spy1_artwork") | H7: =IFERROR(__xludf.DUMMYFUNCTION("""COMPUTED_VALUE"""),"Boss") | I7: =IFERROR(__xludf.DUMMYFUNCTION("""COMPUTED_VALUE"""),"Attack") | J7: =IFERROR(__xludf.DUMMYFUNCTION("""COMPUTED_VALUE"""),"Blue") | K7: =IFERROR(__xludf.DUMMYFUNCTION("""COMPUTED_VALUE"""),5000.0) | L7: =IFERROR(__xludf.DUMMYFUNCTION("""COMPUTED_VALUE"""),2.0) | M7: =IFERROR(__xludf.DUMMYFUNCTION("""COMPUTED_VALUE"""),25.0) | N7: =IFERROR(__xludf.DUMMYFUNCTION("""COMPUTED_VALUE"""),0.25) | O7: =IFERROR(__xludf.DUMMYFUNCTION("""COMPUTED_VALUE"""),300.0) | P7: =IFERROR(__xludf.DUMMYFUNCTION("""COMPUTED_VALUE"""),0.0) | Q7: =IFERROR(__xludf.DUMMYFUNCTION("""COMPUTED_VALUE"""),0.26) | R7: =IFERROR(__xludf.DUMMYFUNCTION("""COMPUTED_VALUE"""),1.0) | S7: =IFERROR(__xludf.DUMMYFUNCTION("""COMPUTED_VALUE"""),500.0) | T7: =IFERROR(__xludf.DUMMYFUNCTION("""COMPUTED_VALUE"""),"1.00") | U7: =IFERROR(__xludf.DUMMYFUNCTION("""COMPUTED_VALUE"""),"0.50") | V7: =IFERROR(__xludf.DUMMYFUNCTION("""COMPUTED_VALUE"""),100.0) | AB7: =IFERROR(__xludf.DUMMYFUNCTION("""COMPUTED_VALUE"""),"dageki_1")
B8: =IFERROR(__xludf.DUMMYFUNCTION("""COMPUTED_VALUE"""),"enemy_glo_00001") | C8: =IFERROR(__xludf.DUMMYFUNCTION("""COMPUTED_VALUE"""),"_isaoget") | D8: =IFERROR(__xludf.DUMMYFUNCTION("""COMPUTED_VALUE"""),"e_glo_00001_isaoget_Normal_Yellow") | E8: =IFERROR(__xludf.DUMMYFUNCTION("""COMPUTED_VALUE"""),"GLOW") | F8: =IFERROR(__xludf.DUMMYFUNCTION("""COMPUTED_VALUE"""),"ファントム") | G8: =IFERROR(__xludf.DUMMYFUNCTION("""COMPUTED_VALUE"""),"ファントム_isaoget") | H8: =IFERROR(__xludf.DUMMYFUNCTION("""COMPUTED_VALUE"""),"Normal") | I8: =IFERROR(__xludf.DUMMYFUNCTION("""COMPUTED_VALUE"""),"Attack") | J8: =IFERROR(__xludf.DUMMYFUNCTION("""COMPUTED_VALUE"""),"Yellow") | K8: =IFERROR(__xludf.DUMMYFUNCTION("""COMPUTED_VALUE"""),5000.0) | L8: =IFERROR(__xludf.DUMMYFUNCTION("""COMPUTED_VALUE"""),2.0) | M8: =IFERROR(__xludf.DUMMYFUNCTION("""COMPUTED_VALUE"""),31.0) | N8: =IFERROR(__xludf.DUMMYFUNCTION("""COMPUTED_VALUE"""),0.2) | O8: =IFERROR(__xludf.DUMMYFUNCTION("""COMPUTED_VALUE"""),300.0) | P8: =IFERROR(__xludf.DUMMYFUNCTION("""COMPUTED_VALUE"""),0.0) | Q8: =IFERROR(__xludf.DUMMYFUNCTION("""COMPUTED_VALUE"""),0.21) | R8: =IFERROR(__xludf.DUMMYFUNCTION("""COMPUTED_VALUE"""),1.0) | S8: =IFERROR(__xludf.DUMMYFUNCTION("""COMPUTED_VALUE"""),150.0) | T8: =IFERROR(__xludf.DUMMYFUNCTION("""COMPUTED_VALUE"""),"1.00") | U8: =IFERROR(__xludf.DUMMYFUNCTION("""COMPUTED_VALUE"""),"0.50") | V8: =IFERROR(__xludf.DUMMYFUNCTION("""COMPUTED_VALUE"""),100.0) | AB8: =IFERROR(__xludf.DUMMYFUNCTION("""COMPUTED_VALUE"""),"dageki_1")
F9: =IFERROR(__xludf.DUMMYFUNCTION("""COMPUTED_VALUE"""),"none") | AB9: =IFERROR(__xludf.DUMMYFUNCTION("""COMPUTED_VALUE"""),"none")
B10: =IFERROR(__xludf.DUMMYFUNCTION("""COMPUTED_VALUE"""),"chara_kai_00001") | C10: =IFERROR(__xludf.DUMMYFUNCTION("""COMPUTED_VALUE"""),"_1d1c") | D10: =IFERROR(__xludf.DUMMYFUNCTION("""COMPUTED_VALUE"""),"c_kai_00001_1d1c_Boss_Colorless") | E10: =IFERROR(__xludf.DUMMYFUNCTION("""COMPUTED_VALUE"""),"怪獣８号") | F10: =IFERROR(__xludf.DUMMYFUNCTION("""COMPUTED_VALUE"""),"日比野 カフカ") | G10: =IFERROR(__xludf.DUMMYFUNCTION("""COMPUTED_VALUE"""),"日比野 カフカ_1d1c") | H10: =IFERROR(__xludf.DUMMYFUNCTION("""COMPUTED_VALUE"""),"Boss") | I10: =IFERROR(__xludf.DUMMYFUNCTION("""COMPUTED_VALUE"""),"Attack") | J10: =IFERROR(__xludf.DUMMYFUNCTION("""COMPUTED_VALUE"""),"Colorless") | K10: =IFERROR(__xludf.DUMMYFUNCTION("""COMPUTED_VALUE"""),10000.0) | L10: =IFERROR(__xludf.DUMMYFUNCTION("""COMPUTED_VALUE"""),2.0) | M10: =IFERROR(__xludf.DUMMYFUNCTION("""COMPUTED_VALUE"""),10.0) | N10: =IFERROR(__xludf.DUMMYFUNCTION("""COMPUTED_VALUE"""),0.17) | O10: =IFERROR(__xludf.DUMMYFUNCTION("""COMPUTED_VALUE"""),100.0) | P10: =IFERROR(__xludf.DUMMYFUNCTION("""COMPUTED_VALUE"""),0.0) | Q10: =IFERROR(__xludf.DUMMYFUNCTION("""COMPUTED_VALUE"""),0.23) | R10: =IFERROR(__xludf.DUMMYFUNCTION("""COMPUTED_VALUE"""),100.0) | S10: =IFERROR(__xludf.DUMMYFUNCTION("""COMPUTED_VALUE"""),1000.0) | T10: =IFERROR(__xludf.DUMMYFUNCTION("""COMPUTED_VALUE"""),"1.83") | U10: =IFERROR(__xludf.DUMMYFUNCTION("""COMPUTED_VALUE"""),"1.00") | V10: =IFERROR(__xludf.DUMMYFUNCTION("""COMPUTED_VALUE"""),75.0) | W10: =IFERROR(__xludf.DUMMYFUNCTION("""COMPUTED_VALUE"""),"2.33") | X10: =IFERROR(__xludf.DUMMYFUNCTION("""COMPUTED_VALUE"""),"1.33") | Y10: =IFERROR(__xludf.DUMMYFUNCTION("""COMPUTED_VALUE"""),"単体に攻撃") | Z10: =IFERROR(__xludf.DUMMYFUNCTION("""COMPUTED_VALUE"""),5.0) | AB10: =IFERROR(__xludf.DUMMYFUNCTION("""COMPUTED_VALUE"""),"dageki_1") | AD10: =IFERROR(__xludf.DUMMYFUNCTION("""COMPUTED_VALUE"""),"アニメーションを見せるだけ")
B11: =IFERROR(__xludf.DUMMYFUNCTION("""COMPUTED_VALUE"""),"chara_kai_00001") | C11: =IFERROR(__xludf.DUMMYFUNCTION("""COMPUTED_VALUE"""),"_iharuget") | D11: =IFERROR(__xludf.DUMMYFUNCTION("""COMPUTED_VALUE"""),"c_kai_00001_iharuget_Normal_Yellow") | E11: =IFERROR(__xludf.DUMMYFUNCTION("""COMPUTED_VALUE"""),"怪獣８号") | F11: =IFERROR(__xludf.DUMMYFUNCTION("""COMPUTED_VALUE"""),"日比野 カフカ") | G11: =IFERROR(__xludf.DUMMYFUNCTION("""COMPUTED_VALUE"""),"日比野 カフカ_iharuget") | H11: =IFERROR(__xludf.DUMMYFUNCTION("""COMPUTED_VALUE"""),"Normal") | I11: =IFERROR(__xludf.DUMMYFUNCTION("""COMPUTED_VALUE"""),"Defense") | J11: =IFERROR(__xludf.DUMMYFUNCTION("""COMPUTED_VALUE"""),"Yellow") | K11: =IFERROR(__xludf.DUMMYFUNCTION("""COMPUTED_VALUE"""),10000.0) | L11: =IFERROR(__xludf.DUMMYFUNCTION("""COMPUTED_VALUE"""),2.0) | M11: =IFERROR(__xludf.DUMMYFUNCTION("""COMPUTED_VALUE"""),10.0) | N11: =IFERROR(__xludf.DUMMYFUNCTION("""COMPUTED_VALUE"""),0.17) | O11: =IFERROR(__xludf.DUMMYFUNCTION("""COMPUTED_VALUE"""),100.0) | P11: =IFERROR(__xludf.DUMMYFUNCTION("""COMPUTED_VALUE"""),0.0) | Q11: =IFERROR(__xludf.DUMMYFUNCTION("""COMPUTED_VALUE"""),0.23) | R11: =IFERROR(__xludf.DUMMYFUNCTION("""COMPUTED_VALUE"""),100.0) | S11: =IFERROR(__xludf.DUMMYFUNCTION("""COMPUTED_VALUE"""),500.0) | T11: =IFERROR(__xludf.DUMMYFUNCTION("""COMPUTED_VALUE"""),"1.83") | U11: =IFERROR(__xludf.DUMMYFUNCTION("""COMPUTED_VALUE"""),"1.00") | V11: =IFERROR(__xludf.DUMMYFUNCTION("""COMPUTED_VALUE"""),75.0) | W11: =IFERROR(__xludf.DUMMYFUNCTION("""COMPUTED_VALUE"""),"2.33") | X11: =IFERROR(__xludf.DUMMYFUNCTION("""COMPUTED_VALUE"""),"1.33") | Y11: =IFERROR(__xludf.DUMMYFUNCTION("""COMPUTED_VALUE"""),"単体に攻撃") | Z11: =IFERROR(__xludf.DUMMYFUNCTION("""COMPUTED_VALUE"""),5.0) | AB11: =IFERROR(__xludf.DUMMYFUNCTION("""COMPUTED_VALUE"""),"dageki_1") | AD11: =IFERROR(__xludf.DUMMYFUNCTION("""COMPUTED_VALUE"""),"アニメーションを見せるだけ")
B12: =IFERROR(__xludf.DUMMYFUNCTION("""COMPUTED_VALUE"""),"chara_kai_00601") | C12: =IFERROR(__xludf.DUMMYFUNCTION("""COMPUTED_VALUE"""),"_iharuget") | D12: =IFERROR(__xludf.DUMMYFUNCTION("""COMPUTED_VALUE"""),"c_kai_00601_iharuget_Normal_Yellow") | E12: =IFERROR(__xludf.DUMMYFUNCTION("""COMPUTED_VALUE"""),"怪獣８号") | F12: =IFERROR(__xludf.DUMMYFUNCTION("""COMPUTED_VALUE"""),"古橋 伊春") | G12: =IFERROR(__xludf.DUMMYFUNCTION("""COMPUTED_VALUE"""),"古橋 伊春_iharuget") | H12: =IFERROR(__xludf.DUMMYFUNCTION("""COMPUTED_VALUE"""),"Normal") | I12: =IFERROR(__xludf.DUMMYFUNCTION("""COMPUTED_VALUE"""),"Attack") | J12: =IFERROR(__xludf.DUMMYFUNCTION("""COMPUTED_VALUE"""),"Yellow") | K12: =IFERROR(__xludf.DUMMYFUNCTION("""COMPUTED_VALUE"""),10000.0) | L12: =IFERROR(__xludf.DUMMYFUNCTION("""COMPUTED_VALUE"""),3.0) | M12: =IFERROR(__xludf.DUMMYFUNCTION("""COMPUTED_VALUE"""),25.0) | N12: =IFERROR(__xludf.DUMMYFUNCTION("""COMPUTED_VALUE"""),0.3) | O12: =IFERROR(__xludf.DUMMYFUNCTION("""COMPUTED_VALUE"""),500.0) | P12: =IFERROR(__xludf.DUMMYFUNCTION("""COMPUTED_VALUE"""),0.0) | Q12: =IFERROR(__xludf.DUMMYFUNCTION("""COMPUTED_VALUE"""),0.31) | R12: =IFERROR(__xludf.DUMMYFUNCTION("""COMPUTED_VALUE"""),1.0) | S12: =IFERROR(__xludf.DUMMYFUNCTION("""COMPUTED_VALUE"""),500.0) | T12: =IFERROR(__xludf.DUMMYFUNCTION("""COMPUTED_VALUE"""),"1.37") | U12: =IFERROR(__xludf.DUMMYFUNCTION("""COMPUTED_VALUE"""),"stop有:1回目 0.71") | V12: =IFERROR(__xludf.DUMMYFUNCTION("""COMPUTED_VALUE"""),25.0) | W12: =IFERROR(__xludf.DUMMYFUNCTION("""COMPUTED_VALUE"""),"1.83") | X12: =IFERROR(__xludf.DUMMYFUNCTION("""COMPUTED_VALUE"""),"stop無:1回目 0.93") | Y12: =IFERROR(__xludf.DUMMYFUNCTION("""COMPUTED_VALUE"""),"次回(1回)の攻撃力100%Up") | Z12: =IFERROR(__xludf.DUMMYFUNCTION("""COMPUTED_VALUE"""),4.0) | AB12: =IFERROR(__xludf.DUMMYFUNCTION("""COMPUTED_VALUE"""),"shageki_1")
B13: =IFERROR(__xludf.DUMMYFUNCTION("""COMPUTED_VALUE"""),"chara_kai_00601") | C13: =IFERROR(__xludf.DUMMYFUNCTION("""COMPUTED_VALUE"""),"_iharuget") | D13: =IFERROR(__xludf.DUMMYFUNCTION("""COMPUTED_VALUE"""),"c_kai_00601_iharuget_Boss_Red") | E13: =IFERROR(__xludf.DUMMYFUNCTION("""COMPUTED_VALUE"""),"怪獣８号") | F13: =IFERROR(__xludf.DUMMYFUNCTION("""COMPUTED_VALUE"""),"古橋 伊春") | G13: =IFERROR(__xludf.DUMMYFUNCTION("""COMPUTED_VALUE"""),"古橋 伊春_iharuget") | H13: =IFERROR(__xludf.DUMMYFUNCTION("""COMPUTED_VALUE"""),"Boss") | I13: =IFERROR(__xludf.DUMMYFUNCTION("""COMPUTED_VALUE"""),"Attack") | J13: =IFERROR(__xludf.DUMMYFUNCTION("""COMPUTED_VALUE"""),"Red") | K13: =IFERROR(__xludf.DUMMYFUNCTION("""COMPUTED_VALUE"""),100000.0) | L13: =IFERROR(__xludf.DUMMYFUNCTION("""COMPUTED_VALUE"""),3.0) | M13: =IFERROR(__xludf.DUMMYFUNCTION("""COMPUTED_VALUE"""),25.0) | N13: =IFERROR(__xludf.DUMMYFUNCTION("""COMPUTED_VALUE"""),0.3) | O13: =IFERROR(__xludf.DUMMYFUNCTION("""COMPUTED_VALUE"""),500.0) | P13: =IFERROR(__xludf.DUMMYFUNCTION("""COMPUTED_VALUE"""),0.0) | Q13: =IFERROR(__xludf.DUMMYFUNCTION("""COMPUTED_VALUE"""),0.31) | R13: =IFERROR(__xludf.DUMMYFUNCTION("""COMPUTED_VALUE"""),1.0) | S13: =IFERROR(__xludf.DUMMYFUNCTION("""COMPUTED_VALUE"""),500.0) | T13: =IFERROR(__xludf.DUMMYFUNCTION("""COMPUTED_VALUE"""),"1.37") | U13: =IFERROR(__xludf.DUMMYFUNCTION("""COMPUTED_VALUE"""),"stop有:1回目 0.71") | V13: =IFERROR(__xludf.DUMMYFUNCTION("""COMPUTED_VALUE"""),25.0) | W13: =IFERROR(__xludf.DUMMYFUNCTION("""COMPUTED_VALUE"""),"1.83") | X13: =IFERROR(__xludf.DUMMYFUNCTION("""COMPUTED_VALUE"""),"stop無:1回目 0.93") | Y13: =IFERROR(__xludf.DUMMYFUNCTION("""COMPUTED_VALUE"""),"次回(1回)の攻撃力100%Up") | Z13: =IFERROR(__xludf.DUMMYFUNCTION("""COMPUTED_VALUE"""),4.0) | AB13: =IFERROR(__xludf.DUMMYFUNCTION("""COMPUTED_VALUE"""),"shageki_1")
B14: =IFERROR(__xludf.DUMMYFUNCTION("""COMPUTED_VALUE"""),"chara_kai_00101") | C14: =IFERROR(__xludf.DUMMYFUNCTION("""COMPUTED_VALUE"""),"_iharuget") | D14: =IFERROR(__xludf.DUMMYFUNCTION("""COMPUTED_VALUE"""),"c_kai_00101_iharuget_Normal_Yellow") | E14: =IFERROR(__xludf.DUMMYFUNCTION("""COMPUTED_VALUE"""),"怪獣８号") | F14: =IFERROR(__xludf.DUMMYFUNCTION("""COMPUTED_VALUE"""),"市川 レノ") | G14: =IFERROR(__xludf.DUMMYFUNCTION("""COMPUTED_VALUE"""),"市川 レノ_iharuget") | H14: =IFERROR(__xludf.DUMMYFUNCTION("""COMPUTED_VALUE"""),"Normal") | I14: =IFERROR(__xludf.DUMMYFUNCTION("""COMPUTED_VALUE"""),"Technical") | J14: =IFERROR(__xludf.DUMMYFUNCTION("""COMPUTED_VALUE"""),"Yellow") | K14: =IFERROR(__xludf.DUMMYFUNCTION("""COMPUTED_VALUE"""),10000.0) | L14: =IFERROR(__xludf.DUMMYFUNCTION("""COMPUTED_VALUE"""),3.0) | M14: =IFERROR(__xludf.DUMMYFUNCTION("""COMPUTED_VALUE"""),36.0) | N14: =IFERROR(__xludf.DUMMYFUNCTION("""COMPUTED_VALUE"""),0.4) | O14: =IFERROR(__xludf.DUMMYFUNCTION("""COMPUTED_VALUE"""),100.0) | P14: =IFERROR(__xludf.DUMMYFUNCTION("""COMPUTED_VALUE"""),0.0) | Q14: =IFERROR(__xludf.DUMMYFUNCTION("""COMPUTED_VALUE"""),0.41) | R14: =IFERROR(__xludf.DUMMYFUNCTION("""COMPUTED_VALUE"""),1.0) | S14: =IFERROR(__xludf.DUMMYFUNCTION("""COMPUTED_VALUE"""),200.0) | T14: =IFERROR(__xludf.DUMMYFUNCTION("""COMPUTED_VALUE"""),"1.40") | U14: =IFERROR(__xludf.DUMMYFUNCTION("""COMPUTED_VALUE"""),"stop無:1回目 0.91") | V14: =IFERROR(__xludf.DUMMYFUNCTION("""COMPUTED_VALUE"""),100.0) | W14: =IFERROR(__xludf.DUMMYFUNCTION("""COMPUTED_VALUE"""),"3.17") | X14: =IFERROR(__xludf.DUMMYFUNCTION("""COMPUTED_VALUE"""),"stop無:1回目 1.05 stop無:2回目 1.33 stop無:3回目 1.76") | Y14: =IFERROR(__xludf.DUMMYFUNCTION("""COMPUTED_VALUE"""),"単体に攻撃＋攻撃力30%DOWN") | Z14: =IFERROR(__xludf.DUMMYFUNCTION("""COMPUTED_VALUE"""),4.0) | AB14: =IFERROR(__xludf.DUMMYFUNCTION("""COMPUTED_VALUE"""),"shageki_1")
B15: =IFERROR(__xludf.DUMMYFUNCTION("""COMPUTED_VALUE"""),"enemy_kai_00201") | C15: =IFERROR(__xludf.DUMMYFUNCTION("""COMPUTED_VALUE"""),"_iharuget") | D15: =IFERROR(__xludf.DUMMYFUNCTION("""COMPUTED_VALUE"""),"e_kai_00201_iharuget_Normal_Colorless") | E15: =IFERROR(__xludf.DUMMYFUNCTION("""COMPUTED_VALUE"""),"怪獣８号") | F15: =IFERROR(__xludf.DUMMYFUNCTION("""COMPUTED_VALUE"""),"怪獣９号") | G15: =IFERROR(__xludf.DUMMYFUNCTION("""COMPUTED_VALUE"""),"怪獣９号_iharuget") | H15: =IFERROR(__xludf.DUMMYFUNCTION("""COMPUTED_VALUE"""),"Normal") | I15: =IFERROR(__xludf.DUMMYFUNCTION("""COMPUTED_VALUE"""),"Attack") | J15: =IFERROR(__xludf.DUMMYFUNCTION("""COMPUTED_VALUE"""),"Colorless") | K15: =IFERROR(__xludf.DUMMYFUNCTION("""COMPUTED_VALUE"""),100000.0) | L15: =IFERROR(__xludf.DUMMYFUNCTION("""COMPUTED_VALUE"""),3.0) | M15: =IFERROR(__xludf.DUMMYFUNCTION("""COMPUTED_VALUE"""),40.0) | N15: =IFERROR(__xludf.DUMMYFUNCTION("""COMPUTED_VALUE"""),0.35) | O15: =IFERROR(__xludf.DUMMYFUNCTION("""COMPUTED_VALUE"""),1000.0) | P15: =IFERROR(__xludf.DUMMYFUNCTION("""COMPUTED_VALUE"""),0.0) | Q15: =IFERROR(__xludf.DUMMYFUNCTION("""COMPUTED_VALUE"""),0.5) | R15: =IFERROR(__xludf.DUMMYFUNCTION("""COMPUTED_VALUE"""),100.0) | S15: =IFERROR(__xludf.DUMMYFUNCTION("""COMPUTED_VALUE"""),250.0) | T15: =IFERROR(__xludf.DUMMYFUNCTION("""COMPUTED_VALUE"""),"2.47") | U15: =IFERROR(__xludf.DUMMYFUNCTION("""COMPUTED_VALUE"""),"stop有:1回目 1.26") | V15: =IFERROR(__xludf.DUMMYFUNCTION("""COMPUTED_VALUE"""),75.0) | W15: =IFERROR(__xludf.DUMMYFUNCTION("""COMPUTED_VALUE"""),"-") | X15: =IFERROR(__xludf.DUMMYFUNCTION("""COMPUTED_VALUE"""),"-") | Z15: =IFERROR(__xludf.DUMMYFUNCTION("""COMPUTED_VALUE"""),"-") | AB15: =IFERROR(__xludf.DUMMYFUNCTION("""COMPUTED_VALUE"""),"shageki_1")
B16: =IFERROR(__xludf.DUMMYFUNCTION("""COMPUTED_VALUE"""),"enemy_kai_00201") | C16: =IFERROR(__xludf.DUMMYFUNCTION("""COMPUTED_VALUE"""),"_iharuget") | D16: =IFERROR(__xludf.DUMMYFUNCTION("""COMPUTED_VALUE"""),"e_kai_00201_iharuget_Boss_Blue") | E16: =IFERROR(__xludf.DUMMYFUNCTION("""COMPUTED_VALUE"""),"怪獣８号") | F16: =IFERROR(__xludf.DUMMYFUNCTION("""COMPUTED_VALUE"""),"怪獣９号") | G16: =IFERROR(__xludf.DUMMYFUNCTION("""COMPUTED_VALUE"""),"怪獣９号_iharuget") | H16: =IFERROR(__xludf.DUMMYFUNCTION("""COMPUTED_VALUE"""),"Boss") | I16: =IFERROR(__xludf.DUMMYFUNCTION("""COMPUTED_VALUE"""),"Attack") | J16: =IFERROR(__xludf.DUMMYFUNCTION("""COMPUTED_VALUE"""),"Blue") | K16: =IFERROR(__xludf.DUMMYFUNCTION("""COMPUTED_VALUE"""),100000.0) | L16: =IFERROR(__xludf.DUMMYFUNCTION("""COMPUTED_VALUE"""),3.0) | M16: =IFERROR(__xludf.DUMMYFUNCTION("""COMPUTED_VALUE"""),31.0) | N16: =IFERROR(__xludf.DUMMYFUNCTION("""COMPUTED_VALUE"""),0.35) | O16: =IFERROR(__xludf.DUMMYFUNCTION("""COMPUTED_VALUE"""),1000.0) | P16: =IFERROR(__xludf.DUMMYFUNCTION("""COMPUTED_VALUE"""),0.0) | Q16: =IFERROR(__xludf.DUMMYFUNCTION("""COMPUTED_VALUE"""),0.5) | R16: =IFERROR(__xludf.DUMMYFUNCTION("""COMPUTED_VALUE"""),100.0) | S16: =IFERROR(__xludf.DUMMYFUNCTION("""COMPUTED_VALUE"""),250.0) | T16: =IFERROR(__xludf.DUMMYFUNCTION("""COMPUTED_VALUE"""),"2.47") | U16: =IFERROR(__xludf.DUMMYFUNCTION("""COMPUTED_VALUE"""),"stop有:1回目 1.26") | V16: =IFERROR(__xludf.DUMMYFUNCTION("""COMPUTED_VALUE"""),200.0) | W16: =IFERROR(__xludf.DUMMYFUNCTION("""COMPUTED_VALUE"""),"-") | X16: =IFERROR(__xludf.DUMMYFUNCTION("""COMPUTED_VALUE"""),"-") | Z16: =IFERROR(__xludf.DUMMYFUNCTION("""COMPUTED_VALUE"""),"-") | AB16: =IFERROR(__xludf.DUMMYFUNCTION("""COMPUTED_VALUE"""),"shageki_1")
B17: =IFERROR(__xludf.DUMMYFUNCTION("""COMPUTED_VALUE"""),"chara_kai_00401") | C17: =IFERROR(__xludf.DUMMYFUNCTION("""COMPUTED_VALUE"""),"_iharuget") | D17: =IFERROR(__xludf.DUMMYFUNCTION("""COMPUTED_VALUE"""),"c_kai_00401_iharuget_Normal_Yellow") | E17: =IFERROR(__xludf.DUMMYFUNCTION("""COMPUTED_VALUE"""),"怪獣８号") | F17: =IFERROR(__xludf.DUMMYFUNCTION("""COMPUTED_VALUE"""),"保科 宗四郎") | G17: =IFERROR(__xludf.DUMMYFUNCTION("""COMPUTED_VALUE"""),"保科 宗四郎_iharuget") | H17: =IFERROR(__xludf.DUMMYFUNCTION("""COMPUTED_VALUE"""),"Normal") | I17: =IFERROR(__xludf.DUMMYFUNCTION("""COMPUTED_VALUE"""),"Attack") | J17: =IFERROR(__xludf.DUMMYFUNCTION("""COMPUTED_VALUE"""),"Yellow") | K17: =IFERROR(__xludf.DUMMYFUNCTION("""COMPUTED_VALUE"""),10000.0) | L17: =IFERROR(__xludf.DUMMYFUNCTION("""COMPUTED_VALUE"""),3.0) | M17: =IFERROR(__xludf.DUMMYFUNCTION("""COMPUTED_VALUE"""),35.0) | N17: =IFERROR(__xludf.DUMMYFUNCTION("""COMPUTED_VALUE"""),0.24) | O17: =IFERROR(__xludf.DUMMYFUNCTION("""COMPUTED_VALUE"""),100.0) | P17: =IFERROR(__xludf.DUMMYFUNCTION("""COMPUTED_VALUE"""),0.0) | Q17: =IFERROR(__xludf.DUMMYFUNCTION("""COMPUTED_VALUE"""),0.25) | R17: =IFERROR(__xludf.DUMMYFUNCTION("""COMPUTED_VALUE"""),1.0) | S17: =IFERROR(__xludf.DUMMYFUNCTION("""COMPUTED_VALUE"""),300.0) | T17: =IFERROR(__xludf.DUMMYFUNCTION("""COMPUTED_VALUE"""),"1.27") | U17: =IFERROR(__xludf.DUMMYFUNCTION("""COMPUTED_VALUE"""),"stop有:1回目 0.43") | V17: =IFERROR(__xludf.DUMMYFUNCTION("""COMPUTED_VALUE"""),75.0) | W17: =IFERROR(__xludf.DUMMYFUNCTION("""COMPUTED_VALUE"""),"2.67") | X17: =IFERROR(__xludf.DUMMYFUNCTION("""COMPUTED_VALUE"""),"stop無:1回目 0.25 stop無:2回目 0.91 stop無:3回目 1.05 stop無:4回目 1.15 stop有:5回目 1.66") | Y17: =IFERROR(__xludf.DUMMYFUNCTION("""COMPUTED_VALUE"""),"単体に攻撃") | Z17: =IFERROR(__xludf.DUMMYFUNCTION("""COMPUTED_VALUE"""),5.0) | AB17: =IFERROR(__xludf.DUMMYFUNCTION("""COMPUTED_VALUE"""),"zangeki_1")
F18: =IFERROR(__xludf.DUMMYFUNCTION("""COMPUTED_VALUE"""),"none")
B19: =IFERROR(__xludf.DUMMYFUNCTION("""COMPUTED_VALUE"""),"chara_kai_00401") | C19: =IFERROR(__xludf.DUMMYFUNCTION("""COMPUTED_VALUE"""),"_isaoget") | D19: =IFERROR(__xludf.DUMMYFUNCTION("""COMPUTED_VALUE"""),"c_kai_00401_isaoget_Normal_Blue") | E19: =IFERROR(__xludf.DUMMYFUNCTION("""COMPUTED_VALUE"""),"怪獣８号") | F19: =IFERROR(__xludf.DUMMYFUNCTION("""COMPUTED_VALUE"""),"保科 宗四郎") | G19: =IFERROR(__xludf.DUMMYFUNCTION("""COMPUTED_VALUE"""),"保科 宗四郎_isaoget") | H19: =IFERROR(__xludf.DUMMYFUNCTION("""COMPUTED_VALUE"""),"Normal") | I19: =IFERROR(__xludf.DUMMYFUNCTION("""COMPUTED_VALUE"""),"Attack") | J19: =IFERROR(__xludf.DUMMYFUNCTION("""COMPUTED_VALUE"""),"Blue") | K19: =IFERROR(__xludf.DUMMYFUNCTION("""COMPUTED_VALUE"""),10000.0) | L19: =IFERROR(__xludf.DUMMYFUNCTION("""COMPUTED_VALUE"""),3.0) | M19: =IFERROR(__xludf.DUMMYFUNCTION("""COMPUTED_VALUE"""),41.0) | N19: =IFERROR(__xludf.DUMMYFUNCTION("""COMPUTED_VALUE"""),0.24) | O19: =IFERROR(__xludf.DUMMYFUNCTION("""COMPUTED_VALUE"""),100.0) | P19: =IFERROR(__xludf.DUMMYFUNCTION("""COMPUTED_VALUE"""),0.0) | Q19: =IFERROR(__xludf.DUMMYFUNCTION("""COMPUTED_VALUE"""),0.25) | R19: =IFERROR(__xludf.DUMMYFUNCTION("""COMPUTED_VALUE"""),1.0) | S19: =IFERROR(__xludf.DUMMYFUNCTION("""COMPUTED_VALUE"""),300.0) | T19: =IFERROR(__xludf.DUMMYFUNCTION("""COMPUTED_VALUE"""),"1.27") | U19: =IFERROR(__xludf.DUMMYFUNCTION("""COMPUTED_VALUE"""),"stop有:1回目 0.43") | V19: =IFERROR(__xludf.DUMMYFUNCTION("""COMPUTED_VALUE"""),75.0) | W19: =IFERROR(__xludf.DUMMYFUNCTION("""COMPUTED_VALUE"""),"2.67") | X19: =IFERROR(__xludf.DUMMYFUNCTION("""COMPUTED_VALUE"""),"stop無:1回目 0.25 stop無:2回目 0.91 stop無:3回目 1.05 stop無:4回目 1.15 stop有:5回目 1.66") | Y19: =IFERROR(__xludf.DUMMYFUNCTION("""COMPUTED_VALUE"""),"単体に攻撃") | Z19: =IFERROR(__xludf.DUMMYFUNCTION("""COMPUTED_VALUE"""),5.0) | AB19: =IFERROR(__xludf.DUMMYFUNCTION("""COMPUTED_VALUE"""),"zangeki_1")
B20: =IFERROR(__xludf.DUMMYFUNCTION("""COMPUTED_VALUE"""),"chara_kai_00501") | C20: =IFERROR(__xludf.DUMMYFUNCTION("""COMPUTED_VALUE"""),"_isaoget") | D20: =IFERROR(__xludf.DUMMYFUNCTION("""COMPUTED_VALUE"""),"c_kai_00501_isaoget_Boss_Yellow") | E20: =IFERROR(__xludf.DUMMYFUNCTION("""COMPUTED_VALUE"""),"怪獣８号") | F20: =IFERROR(__xludf.DUMMYFUNCTION("""COMPUTED_VALUE"""),"四ノ宮 功") | G20: =IFERROR(__xludf.DUMMYFUNCTION("""COMPUTED_VALUE"""),"四ノ宮 功_isaoget") | H20: =IFERROR(__xludf.DUMMYFUNCTION("""COMPUTED_VALUE"""),"Boss") | I20: =IFERROR(__xludf.DUMMYFUNCTION("""COMPUTED_VALUE"""),"Technical") | J20: =IFERROR(__xludf.DUMMYFUNCTION("""COMPUTED_VALUE"""),"Yellow") | K20: =IFERROR(__xludf.DUMMYFUNCTION("""COMPUTED_VALUE"""),100000.0) | L20: =IFERROR(__xludf.DUMMYFUNCTION("""COMPUTED_VALUE"""),1.0) | M20: =IFERROR(__xludf.DUMMYFUNCTION("""COMPUTED_VALUE"""),25.0) | N20: =IFERROR(__xludf.DUMMYFUNCTION("""COMPUTED_VALUE"""),0.25) | O20: =IFERROR(__xludf.DUMMYFUNCTION("""COMPUTED_VALUE"""),1000.0) | P20: =IFERROR(__xludf.DUMMYFUNCTION("""COMPUTED_VALUE"""),0.0) | Q20: =IFERROR(__xludf.DUMMYFUNCTION("""COMPUTED_VALUE"""),0.26) | R20: =IFERROR(__xludf.DUMMYFUNCTION("""COMPUTED_VALUE"""),1.0) | S20: =IFERROR(__xludf.DUMMYFUNCTION("""COMPUTED_VALUE"""),400.0) | T20: =IFERROR(__xludf.DUMMYFUNCTION("""COMPUTED_VALUE"""),"1.97") | U20: =IFERROR(__xludf.DUMMYFUNCTION("""COMPUTED_VALUE"""),"1.10") | V20: =IFERROR(__xludf.DUMMYFUNCTION("""COMPUTED_VALUE"""),75.0) | W20: =IFERROR(__xludf.DUMMYFUNCTION("""COMPUTED_VALUE"""),"2.67") | X20: =IFERROR(__xludf.DUMMYFUNCTION("""COMPUTED_VALUE"""),"1.62") | Y20: =IFERROR(__xludf.DUMMYFUNCTION("""COMPUTED_VALUE"""),"自信の体力を10%回復") | Z20: =IFERROR(__xludf.DUMMYFUNCTION("""COMPUTED_VALUE"""),4.0) | AB20: =IFERROR(__xludf.DUMMYFUNCTION("""COMPUTED_VALUE"""),"dageki_1")
B21: =IFERROR(__xludf.DUMMYFUNCTION("""COMPUTED_VALUE"""),"chara_kai_00501") | C21: =IFERROR(__xludf.DUMMYFUNCTION("""COMPUTED_VALUE"""),"_isaoget") | D21: =IFERROR(__xludf.DUMMYFUNCTION("""COMPUTED_VALUE"""),"c_kai_00501_isaoget_Normal_Blue") | E21: =IFERROR(__xludf.DUMMYFUNCTION("""COMPUTED_VALUE"""),"怪獣８号") | F21: =IFERROR(__xludf.DUMMYFUNCTION("""COMPUTED_VALUE"""),"四ノ宮 功") | G21: =IFERROR(__xludf.DUMMYFUNCTION("""COMPUTED_VALUE"""),"四ノ宮 功_isaoget") | H21: =IFERROR(__xludf.DUMMYFUNCTION("""COMPUTED_VALUE"""),"Normal") | I21: =IFERROR(__xludf.DUMMYFUNCTION("""COMPUTED_VALUE"""),"Technical") | J21: =IFERROR(__xludf.DUMMYFUNCTION("""COMPUTED_VALUE"""),"Blue") | K21: =IFERROR(__xludf.DUMMYFUNCTION("""COMPUTED_VALUE"""),100000.0) | L21: =IFERROR(__xludf.DUMMYFUNCTION("""COMPUTED_VALUE"""),1.0) | M21: =IFERROR(__xludf.DUMMYFUNCTION("""COMPUTED_VALUE"""),25.0) | N21: =IFERROR(__xludf.DUMMYFUNCTION("""COMPUTED_VALUE"""),0.25) | O21: =IFERROR(__xludf.DUMMYFUNCTION("""COMPUTED_VALUE"""),1000.0) | P21: =IFERROR(__xludf.DUMMYFUNCTION("""COMPUTED_VALUE"""),0.0) | Q21: =IFERROR(__xludf.DUMMYFUNCTION("""COMPUTED_VALUE"""),0.26) | R21: =IFERROR(__xludf.DUMMYFUNCTION("""COMPUTED_VALUE"""),1.0) | S21: =IFERROR(__xludf.DUMMYFUNCTION("""COMPUTED_VALUE"""),400.0) | T21: =IFERROR(__xludf.DUMMYFUNCTION("""COMPUTED_VALUE"""),"1.97") | U21: =IFERROR(__xludf.DUMMYFUNCTION("""COMPUTED_VALUE"""),"1.10") | V21: =IFERROR(__xludf.DUMMYFUNCTION("""COMPUTED_VALUE"""),75.0) | W21: =IFERROR(__xludf.DUMMYFUNCTION("""COMPUTED_VALUE"""),"2.67") | X21: =IFERROR(__xludf.DUMMYFUNCTION("""COMPUTED_VALUE"""),"1.62") | Y21: =IFERROR(__xludf.DUMMYFUNCTION("""COMPUTED_VALUE"""),"自信の体力を10%回復") | Z21: =IFERROR(__xludf.DUMMYFUNCTION("""COMPUTED_VALUE"""),4.0) | AB21: =IFERROR(__xludf.DUMMYFUNCTION("""COMPUTED_VALUE"""),"dageki_1")
B22: =IFERROR(__xludf.DUMMYFUNCTION("""COMPUTED_VALUE"""),"chara_kai_00002") | C22: =IFERROR(__xludf.DUMMYFUNCTION("""COMPUTED_VALUE"""),"_isaoget") | D22: =IFERROR(__xludf.DUMMYFUNCTION("""COMPUTED_VALUE"""),"c_kai_00002_isaoget_Normal_Blue") | E22: =IFERROR(__xludf.DUMMYFUNCTION("""COMPUTED_VALUE"""),"怪獣８号") | F22: =IFERROR(__xludf.DUMMYFUNCTION("""COMPUTED_VALUE"""),"隠された英雄の姿 怪獣８号") | G22: =IFERROR(__xludf.DUMMYFUNCTION("""COMPUTED_VALUE"""),"隠された英雄の姿 怪獣８号_isaoget") | H22: =IFERROR(__xludf.DUMMYFUNCTION("""COMPUTED_VALUE"""),"Normal") | I22: =IFERROR(__xludf.DUMMYFUNCTION("""COMPUTED_VALUE"""),"Attack") | J22: =IFERROR(__xludf.DUMMYFUNCTION("""COMPUTED_VALUE"""),"Blue") | K22: =IFERROR(__xludf.DUMMYFUNCTION("""COMPUTED_VALUE"""),100000.0) | L22: =IFERROR(__xludf.DUMMYFUNCTION("""COMPUTED_VALUE"""),2.0) | M22: =IFERROR(__xludf.DUMMYFUNCTION("""COMPUTED_VALUE"""),35.0) | N22: =IFERROR(__xludf.DUMMYFUNCTION("""COMPUTED_VALUE"""),0.21) | O22: =IFERROR(__xludf.DUMMYFUNCTION("""COMPUTED_VALUE"""),500.0) | P22: =IFERROR(__xludf.DUMMYFUNCTION("""COMPUTED_VALUE"""),0.0) | Q22: =IFERROR(__xludf.DUMMYFUNCTION("""COMPUTED_VALUE"""),0.22) | R22: =IFERROR(__xludf.DUMMYFUNCTION("""COMPUTED_VALUE"""),1.0) | S22: =IFERROR(__xludf.DUMMYFUNCTION("""COMPUTED_VALUE"""),500.0) | T22: =IFERROR(__xludf.DUMMYFUNCTION("""COMPUTED_VALUE"""),"1.50") | U22: =IFERROR(__xludf.DUMMYFUNCTION("""COMPUTED_VALUE"""),"stop無:1回目 0.54") | V22: =IFERROR(__xludf.DUMMYFUNCTION("""COMPUTED_VALUE"""),100.0) | W22: =IFERROR(__xludf.DUMMYFUNCTION("""COMPUTED_VALUE"""),"2.40") | X22: =IFERROR(__xludf.DUMMYFUNCTION("""COMPUTED_VALUE"""),"stop有:1回目 1.00 stop無:2回目 1.37 stop無:3回目 1.54 stop無:4回目 1.70 stop無:5回目 1.87 stop無:6回目 2.04") | Y22: =IFERROR(__xludf.DUMMYFUNCTION("""COMPUTED_VALUE"""),"単体に300%攻撃") | Z22: =IFERROR(__xludf.DUMMYFUNCTION("""COMPUTED_VALUE"""),5.0) | AB22: =IFERROR(__xludf.DUMMYFUNCTION("""COMPUTED_VALUE"""),"dageki_1")
B23: =IFERROR(__xludf.DUMMYFUNCTION("""COMPUTED_VALUE"""),"chara_kai_00002") | C23: =IFERROR(__xludf.DUMMYFUNCTION("""COMPUTED_VALUE"""),"_isaoget") | D23: =IFERROR(__xludf.DUMMYFUNCTION("""COMPUTED_VALUE"""),"c_kai_00002_isaoget_Boss_Blue") | E23: =IFERROR(__xludf.DUMMYFUNCTION("""COMPUTED_VALUE"""),"怪獣８号") | F23: =IFERROR(__xludf.DUMMYFUNCTION("""COMPUTED_VALUE"""),"隠された英雄の姿 怪獣８号") | G23: =IFERROR(__xludf.DUMMYFUNCTION("""COMPUTED_VALUE"""),"隠された英雄の姿 怪獣８号_isaoget") | H23: =IFERROR(__xludf.DUMMYFUNCTION("""COMPUTED_VALUE"""),"Boss") | I23: =IFERROR(__xludf.DUMMYFUNCTION("""COMPUTED_VALUE"""),"Attack") | J23: =IFERROR(__xludf.DUMMYFUNCTION("""COMPUTED_VALUE"""),"Blue") | K23: =IFERROR(__xludf.DUMMYFUNCTION("""COMPUTED_VALUE"""),100000.0) | L23: =IFERROR(__xludf.DUMMYFUNCTION("""COMPUTED_VALUE"""),2.0) | M23: =IFERROR(__xludf.DUMMYFUNCTION("""COMPUTED_VALUE"""),40.0) | N23: =IFERROR(__xludf.DUMMYFUNCTION("""COMPUTED_VALUE"""),0.21) | O23: =IFERROR(__xludf.DUMMYFUNCTION("""COMPUTED_VALUE"""),500.0) | P23: =IFERROR(__xludf.DUMMYFUNCTION("""COMPUTED_VALUE"""),0.0) | Q23: =IFERROR(__xludf.DUMMYFUNCTION("""COMPUTED_VALUE"""),0.22) | R23: =IFERROR(__xludf.DUMMYFUNCTION("""COMPUTED_VALUE"""),1.0) | S23: =IFERROR(__xludf.DUMMYFUNCTION("""COMPUTED_VALUE"""),500.0) | T23: =IFERROR(__xludf.DUMMYFUNCTION("""COMPUTED_VALUE"""),"1.50") | U23: =IFERROR(__xludf.DUMMYFUNCTION("""COMPUTED_VALUE"""),"stop無:1回目 0.54") | V23: =IFERROR(__xludf.DUMMYFUNCTION("""COMPUTED_VALUE"""),100.0) | W23: =IFERROR(__xludf.DUMMYFUNCTION("""COMPUTED_VALUE"""),"2.40") | X23: =IFERROR(__xludf.DUMMYFUNCTION("""COMPUTED_VALUE"""),"stop有:1回目 1.00 stop無:2回目 1.37 stop無:3回目 1.54 stop無:4回目 1.70 stop無:5回目 1.87 stop無:6回目 2.04") | Y23: =IFERROR(__xludf.DUMMYFUNCTION("""COMPUTED_VALUE"""),"単体に300%攻撃") | Z23: =IFERROR(__xludf.DUMMYFUNCTION("""COMPUTED_VALUE"""),5.0) | AB23: =IFERROR(__xludf.DUMMYFUNCTION("""COMPUTED_VALUE"""),"dageki_1")
B24: =IFERROR(__xludf.DUMMYFUNCTION("""COMPUTED_VALUE"""),"enemy_kai_00401") | C24: =IFERROR(__xludf.DUMMYFUNCTION("""COMPUTED_VALUE"""),"_isaoget") | D24: =IFERROR(__xludf.DUMMYFUNCTION("""COMPUTED_VALUE"""),"e_kai_00401_isaoget_Normal_Yellow") | E24: =IFERROR(__xludf.DUMMYFUNCTION("""COMPUTED_VALUE"""),"怪獣８号") | F24: =IFERROR(__xludf.DUMMYFUNCTION("""COMPUTED_VALUE"""),"怪獣１０号") | G24: =IFERROR(__xludf.DUMMYFUNCTION("""COMPUTED_VALUE"""),"怪獣１０号_isaoget") | H24: =IFERROR(__xludf.DUMMYFUNCTION("""COMPUTED_VALUE"""),"Normal") | I24: =IFERROR(__xludf.DUMMYFUNCTION("""COMPUTED_VALUE"""),"Attack") | J24: =IFERROR(__xludf.DUMMYFUNCTION("""COMPUTED_VALUE"""),"Yellow") | K24: =IFERROR(__xludf.DUMMYFUNCTION("""COMPUTED_VALUE"""),100000.0) | L24: =IFERROR(__xludf.DUMMYFUNCTION("""COMPUTED_VALUE"""),2.0) | M24: =IFERROR(__xludf.DUMMYFUNCTION("""COMPUTED_VALUE"""),45.0) | N24: =IFERROR(__xludf.DUMMYFUNCTION("""COMPUTED_VALUE"""),0.3) | O24: =IFERROR(__xludf.DUMMYFUNCTION("""COMPUTED_VALUE"""),500.0) | P24: =IFERROR(__xludf.DUMMYFUNCTION("""COMPUTED_VALUE"""),0.0) | Q24: =IFERROR(__xludf.DUMMYFUNCTION("""COMPUTED_VALUE"""),0.31) | R24: =IFERROR(__xludf.DUMMYFUNCTION("""COMPUTED_VALUE"""),1.0) | S24: =IFERROR(__xludf.DUMMYFUNCTION("""COMPUTED_VALUE"""),500.0) | T24: =IFERROR(__xludf.DUMMYFUNCTION("""COMPUTED_VALUE"""),"1.30") | U24: =IFERROR(__xludf.DUMMYFUNCTION("""COMPUTED_VALUE"""),"stop有:1回目 0.55") | V24: =IFERROR(__xludf.DUMMYFUNCTION("""COMPUTED_VALUE"""),25.0) | W24: =IFERROR(__xludf.DUMMYFUNCTION("""COMPUTED_VALUE"""),"-") | X24: =IFERROR(__xludf.DUMMYFUNCTION("""COMPUTED_VALUE"""),"-") | Z24: =IFERROR(__xludf.DUMMYFUNCTION("""COMPUTED_VALUE"""),"-") | AB24: =IFERROR(__xludf.DUMMYFUNCTION("""COMPUTED_VALUE"""),"dageki_1")
B25: =IFERROR(__xludf.DUMMYFUNCTION("""COMPUTED_VALUE"""),"enemy_kai_00401") | C25: =IFERROR(__xludf.DUMMYFUNCTION("""COMPUTED_VALUE"""),"_isaoget") | D25: =IFERROR(__xludf.DUMMYFUNCTION("""COMPUTED_VALUE"""),"e_kai_00401_isaoget_Normal_Blue") | E25: =IFERROR(__xludf.DUMMYFUNCTION("""COMPUTED_VALUE"""),"怪獣８号") | F25: =IFERROR(__xludf.DUMMYFUNCTION("""COMPUTED_VALUE"""),"怪獣１０号") | G25: =IFERROR(__xludf.DUMMYFUNCTION("""COMPUTED_VALUE"""),"怪獣１０号_isaoget") | H25: =IFERROR(__xludf.DUMMYFUNCTION("""COMPUTED_VALUE"""),"Normal") | I25: =IFERROR(__xludf.DUMMYFUNCTION("""COMPUTED_VALUE"""),"Attack") | J25: =IFERROR(__xludf.DUMMYFUNCTION("""COMPUTED_VALUE"""),"Blue") | K25: =IFERROR(__xludf.DUMMYFUNCTION("""COMPUTED_VALUE"""),100000.0) | L25: =IFERROR(__xludf.DUMMYFUNCTION("""COMPUTED_VALUE"""),3.0) | M25: =IFERROR(__xludf.DUMMYFUNCTION("""COMPUTED_VALUE"""),40.0) | N25: =IFERROR(__xludf.DUMMYFUNCTION("""COMPUTED_VALUE"""),0.3) | O25: =IFERROR(__xludf.DUMMYFUNCTION("""COMPUTED_VALUE"""),500.0) | P25: =IFERROR(__xludf.DUMMYFUNCTION("""COMPUTED_VALUE"""),0.0) | Q25: =IFERROR(__xludf.DUMMYFUNCTION("""COMPUTED_VALUE"""),0.31) | R25: =IFERROR(__xludf.DUMMYFUNCTION("""COMPUTED_VALUE"""),1.0) | S25: =IFERROR(__xludf.DUMMYFUNCTION("""COMPUTED_VALUE"""),500.0) | T25: =IFERROR(__xludf.DUMMYFUNCTION("""COMPUTED_VALUE"""),"1.30") | U25: =IFERROR(__xludf.DUMMYFUNCTION("""COMPUTED_VALUE"""),"stop有:1回目 0.55") | V25: =IFERROR(__xludf.DUMMYFUNCTION("""COMPUTED_VALUE"""),25.0) | W25: =IFERROR(__xludf.DUMMYFUNCTION("""COMPUTED_VALUE"""),"-") | X25: =IFERROR(__xludf.DUMMYFUNCTION("""COMPUTED_VALUE"""),"-") | Z25: =IFERROR(__xludf.DUMMYFUNCTION("""COMPUTED_VALUE"""),"-") | AB25: =IFERROR(__xludf.DUMMYFUNCTION("""COMPUTED_VALUE"""),"dageki_1")
D26: =IFERROR(__xludf.DUMMYFUNCTION("""COMPUTED_VALUE"""),"___") | E26: =IFERROR(__xludf.DUMMYFUNCTION("""COMPUTED_VALUE"""),"none") | F26: =IFERROR(__xludf.DUMMYFUNCTION("""COMPUTED_VALUE"""),"none") | G26: =IFERROR(__xludf.DUMMYFUNCTION("""COMPUTED_VALUE"""),"none") | I26: =IFERROR(__xludf.DUMMYFUNCTION("""COMPUTED_VALUE"""),"none") | T26: =IFERROR(__xludf.DUMMYFUNCTION("""COMPUTED_VALUE"""),"none") | U26: =IFERROR(__xludf.DUMMYFUNCTION("""COMPUTED_VALUE"""),"none") | W26: =IFERROR(__xludf.DUMMYFUNCTION("""COMPUTED_VALUE"""),"none") | X26: =IFERROR(__xludf.DUMMYFUNCTION("""COMPUTED_VALUE"""),"none") | Z26: =IFERROR(__xludf.DUMMYFUNCTION("""COMPUTED_VALUE"""),"-") | AB26: =IFERROR(__xludf.DUMMYFUNCTION("""COMPUTED_VALUE"""),"none")
B27: =IFERROR(__xludf.DUMMYFUNCTION("""COMPUTED_VALUE"""),"enemy_kai_00101") | C27: =IFERROR(__xludf.DUMMYFUNCTION("""COMPUTED_VALUE"""),"_eventchallenge01") | D27: =IFERROR(__xludf.DUMMYFUNCTION("""COMPUTED_VALUE"""),"e_kai_00101_eventchallenge01_Normal_Colorless") | E27: =IFERROR(__xludf.DUMMYFUNCTION("""COMPUTED_VALUE"""),"怪獣８号") | F27: =IFERROR(__xludf.DUMMYFUNCTION("""COMPUTED_VALUE"""),"怪獣 余獣") | G27: =IFERROR(__xludf.DUMMYFUNCTION("""COMPUTED_VALUE"""),"怪獣 余獣_eventchallenge01") | H27: =IFERROR(__xludf.DUMMYFUNCTION("""COMPUTED_VALUE"""),"Normal") | I27: =IFERROR(__xludf.DUMMYFUNCTION("""COMPUTED_VALUE"""),"Attack") | J27: =IFERROR(__xludf.DUMMYFUNCTION("""COMPUTED_VALUE"""),"Colorless") | K27: =IFERROR(__xludf.DUMMYFUNCTION("""COMPUTED_VALUE"""),10000.0) | L27: =IFERROR(__xludf.DUMMYFUNCTION("""COMPUTED_VALUE"""),3.0) | M27: =IFERROR(__xludf.DUMMYFUNCTION("""COMPUTED_VALUE"""),21.0) | N27: =IFERROR(__xludf.DUMMYFUNCTION("""COMPUTED_VALUE"""),0.22) | O27: =IFERROR(__xludf.DUMMYFUNCTION("""COMPUTED_VALUE"""),500.0) | P27: =IFERROR(__xludf.DUMMYFUNCTION("""COMPUTED_VALUE"""),0.0) | Q27: =IFERROR(__xludf.DUMMYFUNCTION("""COMPUTED_VALUE"""),0.23) | R27: =IFERROR(__xludf.DUMMYFUNCTION("""COMPUTED_VALUE"""),1.0) | S27: =IFERROR(__xludf.DUMMYFUNCTION("""COMPUTED_VALUE"""),200.0) | T27: =IFERROR(__xludf.DUMMYFUNCTION("""COMPUTED_VALUE"""),"1.23") | U27: =IFERROR(__xludf.DUMMYFUNCTION("""COMPUTED_VALUE"""),"stop有:1回目 0.56") | V27: =IFERROR(__xludf.DUMMYFUNCTION("""COMPUTED_VALUE"""),50.0) | W27: =IFERROR(__xludf.DUMMYFUNCTION("""COMPUTED_VALUE"""),"-") | X27: =IFERROR(__xludf.DUMMYFUNCTION("""COMPUTED_VALUE"""),"-") | Z27: =IFERROR(__xludf.DUMMYFUNCTION("""COMPUTED_VALUE"""),"-") | AB27: =IFERROR(__xludf.DUMMYFUNCTION("""COMPUTED_VALUE"""),"dageki_1")
B28: =IFERROR(__xludf.DUMMYFUNCTION("""COMPUTED_VALUE"""),"enemy_kai_00101") | C28: =IFERROR(__xludf.DUMMYFUNCTION("""COMPUTED_VALUE"""),"_eventchallenge01") | D28: =IFERROR(__xludf.DUMMYFUNCTION("""COMPUTED_VALUE"""),"e_kai_00101_eventchallenge01_Normal_Blue") | E28: =IFERROR(__xludf.DUMMYFUNCTION("""COMPUTED_VALUE"""),"怪獣８号") | F28: =IFERROR(__xludf.DUMMYFUNCTION("""COMPUTED_VALUE"""),"怪獣 余獣") | G28: =IFERROR(__xludf.DUMMYFUNCTION("""COMPUTED_VALUE"""),"怪獣 余獣_eventchallenge01") | H28: =IFERROR(__xludf.DUMMYFUNCTION("""COMPUTED_VALUE"""),"Normal") | I28: =IFERROR(__xludf.DUMMYFUNCTION("""COMPUTED_VALUE"""),"Attack") | J28: =IFERROR(__xludf.DUMMYFUNCTION("""COMPUTED_VALUE"""),"Blue") | K28: =IFERROR(__xludf.DUMMYFUNCTION("""COMPUTED_VALUE"""),10000.0) | L28: =IFERROR(__xludf.DUMMYFUNCTION("""COMPUTED_VALUE"""),3.0) | M28: =IFERROR(__xludf.DUMMYFUNCTION("""COMPUTED_VALUE"""),23.0) | N28: =IFERROR(__xludf.DUMMYFUNCTION("""COMPUTED_VALUE"""),0.25) | O28: =IFERROR(__xludf.DUMMYFUNCTION("""COMPUTED_VALUE"""),500.0) | P28: =IFERROR(__xludf.DUMMYFUNCTION("""COMPUTED_VALUE"""),0.0) | Q28: =IFERROR(__xludf.DUMMYFUNCTION("""COMPUTED_VALUE"""),0.26) | R28: =IFERROR(__xludf.DUMMYFUNCTION("""COMPUTED_VALUE"""),1.0) | S28: =IFERROR(__xludf.DUMMYFUNCTION("""COMPUTED_VALUE"""),200.0) | T28: =IFERROR(__xludf.DUMMYFUNCTION("""COMPUTED_VALUE"""),"1.23") | U28: =IFERROR(__xludf.DUMMYFUNCTION("""COMPUTED_VALUE"""),"stop有:1回目 0.56") | V28: =IFERROR(__xludf.DUMMYFUNCTION("""COMPUTED_VALUE"""),75.0) | W28: =IFERROR(__xludf.DUMMYFUNCTION("""COMPUTED_VALUE"""),"-") | X28: =IFERROR(__xludf.DUMMYFUNCTION("""COMPUTED_VALUE"""),"-") | Z28: =IFERROR(__xludf.DUMMYFUNCTION("""COMPUTED_VALUE"""),"-") | AB28: =IFERROR(__xludf.DUMMYFUNCTION("""COMPUTED_VALUE"""),"dageki_1")
B29: =IFERROR(__xludf.DUMMYFUNCTION("""COMPUTED_VALUE"""),"enemy_kai_00101") | C29: =IFERROR(__xludf.DUMMYFUNCTION("""COMPUTED_VALUE"""),"_eventchallenge01") | D29: =IFERROR(__xludf.DUMMYFUNCTION("""COMPUTED_VALUE"""),"e_kai_00101_eventchallenge01_Normal_Green") | E29: =IFERROR(__xludf.DUMMYFUNCTION("""COMPUTED_VALUE"""),"怪獣８号") | F29: =IFERROR(__xludf.DUMMYFUNCTION("""COMPUTED_VALUE"""),"怪獣 余獣") | G29: =IFERROR(__xludf.DUMMYFUNCTION("""COMPUTED_VALUE"""),"怪獣 余獣_eventchallenge01") | H29: =IFERROR(__xludf.DUMMYFUNCTION("""COMPUTED_VALUE"""),"Normal") | I29: =IFERROR(__xludf.DUMMYFUNCTION("""COMPUTED_VALUE"""),"Attack") | J29: =IFERROR(__xludf.DUMMYFUNCTION("""COMPUTED_VALUE"""),"Green") | K29: =IFERROR(__xludf.DUMMYFUNCTION("""COMPUTED_VALUE"""),10000.0) | L29: =IFERROR(__xludf.DUMMYFUNCTION("""COMPUTED_VALUE"""),3.0) | M29: =IFERROR(__xludf.DUMMYFUNCTION("""COMPUTED_VALUE"""),35.0) | N29: =IFERROR(__xludf.DUMMYFUNCTION("""COMPUTED_VALUE"""),0.24) | O29: =IFERROR(__xludf.DUMMYFUNCTION("""COMPUTED_VALUE"""),500.0) | P29: =IFERROR(__xludf.DUMMYFUNCTION("""COMPUTED_VALUE"""),0.0) | Q29: =IFERROR(__xludf.DUMMYFUNCTION("""COMPUTED_VALUE"""),0.25) | R29: =IFERROR(__xludf.DUMMYFUNCTION("""COMPUTED_VALUE"""),1.0) | S29: =IFERROR(__xludf.DUMMYFUNCTION("""COMPUTED_VALUE"""),200.0) | T29: =IFERROR(__xludf.DUMMYFUNCTION("""COMPUTED_VALUE"""),"1.23") | U29: =IFERROR(__xludf.DUMMYFUNCTION("""COMPUTED_VALUE"""),"stop有:1回目 0.56") | V29: =IFERROR(__xludf.DUMMYFUNCTION("""COMPUTED_VALUE"""),75.0) | W29: =IFERROR(__xludf.DUMMYFUNCTION("""COMPUTED_VALUE"""),"-") | X29: =IFERROR(__xludf.DUMMYFUNCTION("""COMPUTED_VALUE"""),"-") | Z29: =IFERROR(__xludf.DUMMYFUNCTION("""COMPUTED_VALUE"""),"-") | AB29: =IFERROR(__xludf.DUMMYFUNCTION("""COMPUTED_VALUE"""),"dageki_1")
B30: =IFERROR(__xludf.DUMMYFUNCTION("""COMPUTED_VALUE"""),"enemy_kai_00101") | C30: =IFERROR(__xludf.DUMMYFUNCTION("""COMPUTED_VALUE"""),"_eventchallenge01") | D30: =IFERROR(__xludf.DUMMYFUNCTION("""COMPUTED_VALUE"""),"e_kai_00101_eventchallenge01_Normal_Red") | E30: =IFERROR(__xludf.DUMMYFUNCTION("""COMPUTED_VALUE"""),"怪獣８号") | F30: =IFERROR(__xludf.DUMMYFUNCTION("""COMPUTED_VALUE"""),"怪獣 余獣") | G30: =IFERROR(__xludf.DUMMYFUNCTION("""COMPUTED_VALUE"""),"怪獣 余獣_eventchallenge01") | H30: =IFERROR(__xludf.DUMMYFUNCTION("""COMPUTED_VALUE"""),"Normal") | I30: =IFERROR(__xludf.DUMMYFUNCTION("""COMPUTED_VALUE"""),"Attack") | J30: =IFERROR(__xludf.DUMMYFUNCTION("""COMPUTED_VALUE"""),"Red") | K30: =IFERROR(__xludf.DUMMYFUNCTION("""COMPUTED_VALUE"""),10000.0) | L30: =IFERROR(__xludf.DUMMYFUNCTION("""COMPUTED_VALUE"""),3.0) | M30: =IFERROR(__xludf.DUMMYFUNCTION("""COMPUTED_VALUE"""),20.0) | N30: =IFERROR(__xludf.DUMMYFUNCTION("""COMPUTED_VALUE"""),0.19) | O30: =IFERROR(__xludf.DUMMYFUNCTION("""COMPUTED_VALUE"""),500.0) | P30: =IFERROR(__xludf.DUMMYFUNCTION("""COMPUTED_VALUE"""),0.0) | Q30: =IFERROR(__xludf.DUMMYFUNCTION("""COMPUTED_VALUE"""),0.2) | R30: =IFERROR(__xludf.DUMMYFUNCTION("""COMPUTED_VALUE"""),1.0) | S30: =IFERROR(__xludf.DUMMYFUNCTION("""COMPUTED_VALUE"""),200.0) | T30: =IFERROR(__xludf.DUMMYFUNCTION("""COMPUTED_VALUE"""),"1.23") | U30: =IFERROR(__xludf.DUMMYFUNCTION("""COMPUTED_VALUE"""),"stop有:1回目 0.56") | V30: =IFERROR(__xludf.DUMMYFUNCTION("""COMPUTED_VALUE"""),75.0) | W30: =IFERROR(__xludf.DUMMYFUNCTION("""COMPUTED_VALUE"""),"-") | X30: =IFERROR(__xludf.DUMMYFUNCTION("""COMPUTED_VALUE"""),"-") | Z30: =IFERROR(__xludf.DUMMYFUNCTION("""COMPUTED_VALUE"""),"-") | AB30: =IFERROR(__xludf.DUMMYFUNCTION("""COMPUTED_VALUE"""),"dageki_1")
