Workbook

Sheet 報酬
B1: 限界チャレンジ_報酬
B3: ▼基本情報 | F3: MstAutoPlayerSequenceがやばいのでvdのmasterdataに固有で同じのを設定できるようにしたい
B4: 開始日 | C4: 46125.625 | F4: カード効果は以下を参照する
B5: 終了日 | C5: 無期限 | F5: https://docs.google.com/spreadsheets/d/1D5JYX9W2KpGQQrejkP6grv6Qds1GhjyAd6eNjJVa6eM/edit?gid=1084645352#gid=1084645352
B6: 備考 | C6: 毎月04:00にフロア到達報酬はリセット | F6: https://docs.google.com/spreadsheets/d/1D5JYX9W2KpGQQrejkP6grv6Qds1GhjyAd6eNjJVa6eM/edit?gid=1301003540#gid=1301003540
B8: ◆クリア報酬
B9: ・限界チャレンジを1回プレイし、ボスフロアがクリア扱いになる毎に報酬獲得された状態になり、リザルト画面でまとめて報酬獲得できます
B10: ▼ノーマルブロック報酬（全作品共通）
B11: クリア報酬
B12: 報酬内容 | C12: プリズム | D12: コイン
B13: 報酬数 | C13: 0 | D13: 100
B15: ランダムクリア報酬
B16: 報酬内容 | C16: プリズム | D16: コイン | E16: コイン | F16: コイン
B17: 報酬数 | C17: 0 | D17: 100 | E17: 300 | F17: 500
B18: ドロップ確率 | C18: 0 | D18: 0.6 | E18: 0.3 | F18: 0.1
B21: ▼ボスブロック報酬（全作品共通）
B22: クリア報酬
B23: 報酬内容 | C23: プリズム | D23: コイン
B24: 報酬数 | C24: 0 | D24: 500
B26: ランダムクリア報酬
B27: 報酬内容 | C27: プリズム | D27: コイン | E27: コイン | F27: コイン
B28: 報酬数 | C28: 0 | D28: 500 | E28: 750 | F28: 1000
B29: ドロップ確率 | C29: 0 | D29: 0.6 | E29: 0.3 | F29: 0.1
B32: ▼到達フロア報酬係数（作品ポイントにもクリア報酬にもかかる）
B33: 到達フロア数 | C33: 到達フロア報酬係数
B34: 1以上 | C34: 1 | D34: =1500*C34 -> 1500 | E34: =70*C34 -> 70
B35: 10以上 | C35: 1.2 | D35: =1500*C35 -> 1800 | E35: =70*C35 -> 84
B36: 20以上 | C36: 1.3 | D36: =1500*C36 -> 1950 | E36: =70*C36 -> 91
B37: 30以上 | C37: 1.5 | D37: =1500*C37 -> 2250 | E37: =70*C37 -> 105
B38: 40以上 | C38: 1.7 | D38: =1500*C38 -> 2550 | E38: =70*C38 -> 119
B39: 50以上 | C39: 2 | D39: =1500*C39 -> 3000 | E39: =70*C39 -> 140
B42: ◆到達フロア数報酬
B43: ・限界チャレンジは毎月初め04:00に実績がリセットされます。それまでの間の1ヶ月間で、あらかじめ設定されたフロア目標に到達することで報酬を獲得することができます。
B45: 到達フロア数 | C45: プリズム | D45: コイン | E45: ピックアップガシャチケット | F45: スペシャルガシャチケット | G45: メモリーフラグメント・初級 | H45: メモリーフラグメント・中級 | I45: メモリーフラグメント・上級
B46: 1 | C46: 0 | D46: 5000 | E46: 0 | F46: 0 | G46: 0 | H46: 0 | I46: 0
B47: 5 | C47: 0 | D47: 0 | E47: 0 | F47: 1 | G47: 0 | H47: 0 | I47: 0
B48: 10 | C48: 0 | D48: 10000 | E48: 0 | F48: 0 | G48: 0 | H48: 0 | I48: 0
B49: 15 | C49: 50 | D49: 0 | E49: 0 | F49: 0 | G49: 0 | H49: 0 | I49: 0
B50: 20 | C50: 0 | D50: 35000 | E50: 0 | F50: 0 | G50: 0 | H50: 0 | I50: 0
B51: 30 | C51: 100 | D51: 0 | E51: 0 | G51: 0 | H51: 0 | I51: 0
B53: 報酬合計数 | C53: =sum(C46:C51) -> 150 | D53: =sum(D46:D51) -> 50000 | E53: =sum(E46:E51) -> 0 | F53: =sum(F46:F51) -> 1 | G53: =sum(G46:G51) -> 0 | H53: =sum(H46:H51) -> 0 | I53: =sum(I46:I51) -> 0

Sheet 交換所
B1: 限界チャレンジ_交換所
B3: ▼基本情報 | G3: ユーザーレベル | H3: 最大スタミナ
B4: 交換所名称 | C4: 限界チャレンジ交換所 | G4: 10 | H4: 63
B5: 開始日 | C5: 46125.625 | G5: 30 | H5: 94
B6: 終了日 | C6: 無期限 | G6: 50 | H6: 127
B7: 備考 | C7: 毎月04:00に交換ラインナップ上限数リセット | G7: 90 | H7: 195
G8: 100 | H8: 212
B9: ▼収集アイテム | G9: 130 | H9: 264
B10: アイテム名 | C10: 単価
B11: 「作品名」ポイント | C11: =50*7.56 -> 378 | D11: ⇦50スタミナで1ブロックでもクリアすれば、10ポイント獲得できる
B14: ▼意図・調整方針
B15: 「作品名」ポイントは、作品ブロック単位毎でその作品のポイントが獲得できる。 そのため、各作品毎の交換所も交換ラインアップは共通かつ交換レートも共通の値を使用する。 唯一違うのは、作品交換所毎で合わせて『「作品名」の表紙』がラインナップにあるので、そこだけ違う。
I16: ⇩工数でv.1.6.0間に合わないかも
B17: 獲得先 | C17: 獲得ポイント種別 | D17: 基礎ポイント数 | E17: 1回挑戦でかかる平均フロア到達数からのフロア係数の値 | F17: 1回の挑戦で到達できる平均フロア数 | G17: 1日の最大挑戦回数平均 （200スタミナを上限基準） | H17: 総獲得ポイント数 | I17: 広告視聴の報酬量2倍ボーナスを適用時
B18: その作品の通常ブロック | C18: 「作品名」ポイント | D18: 20 | E18: 1.2 | F18: 10 | G18: =200/30 -> 6.6666667 | H18: =D18*E18*F18*G18 -> 1600 | I18: =H18*2 -> 3200
B19: その作品のボスブロック | C19: 「作品名」ポイント | D19: 40 | E19: 1.2 | F19: 5 | G19: =200/30 -> 6.6666667 | H19: =D19*E19*F19*G19 -> 1600 | I19: =H19*2 -> 3200
B20: ⬆︎このコンテンツに1回挑戦するのに必要なスタミナ量が30で、時間制限は300秒
B23: ▼交換所ラインナップ（「作品の表紙」以外は全ての交換所でラインナップは共通とする）
B24: アイテム区分 | C24: アイテム名称 | D24: 1回交換につき獲得できる数 | E24: 交換上限 | F24: 1回の交換に必要なpt数 | G24: 交換所リセット期間までの1ヶ月間の最大獲得数 | H24: 交換所リセット期間までの1ヶ月間の最大獲得数を交換するのに必要なポイント数 | I24: 単価
B25: 恒常 | C25: プリズム | D25: 50 | E25: 1 | F25: 5000 | G25: =D25*E25 -> 50 | H25: =E25*F25 -> 5000 | I25: 2
B26: 恒常 | C26: 「〇〇作品名」の表紙 | D26: 1 | E26: 40 | F26: 1000 | G26: =D26*E26 -> 40 | H26: =E26*F26 -> 40000 | I26: 378
B27: 恒常 | C27: 伝説のペン | D27: 1 | E27: 10 | F27: 500 | G27: =D27*E27 -> 10 | H27: =E27*F27 -> 5000 | I27: 226.8
B28: 恒常 | C28: 魂のインク | D28: 1 | E28: 30 | F28: 300 | G28: =D28*E28 -> 30 | H28: =E28*F28 -> 9000 | I28: 151.2
B29: 恒常 | C29: 普通の原稿用紙 | D29: 1 | E29: 50 | F29: 100 | G29: =D29*E29 -> 50 | H29: =E29*F29 -> 5000 | I29: 75.6
B30: 恒常 | C30: ピックアップガシャチケット | D30: 1 | E30: 1 | F30: 10000 | G30: =D30*E30 -> 1 | H30: =E30*F30 -> 10000 | I30: 300
B31: 恒常 | C31: メモリーフラグメント・上級 | D31: 1 | E31: 1 | F31: 500 | G31: =D31*E31 -> 1 | H31: =E31*F31 -> 500 | I31: 30
B32: 恒常 | C32: メモリーフラグメント・中級 | D32: 1 | E32: 15 | F32: 300 | G32: =D32*E32 -> 15 | H32: =E32*F32 -> 4500 | I32: 15
B33: 恒常 | C33: メモリーフラグメント・初級 | D33: 1 | E33: 30 | F33: 100 | G33: =D33*E33 -> 30 | H33: =E33*F33 -> 3000 | I33: 10
B34: 恒常 | C34: カラーメモリー・グレー | D34: 5 | E34: 10 | F34: 50 | G34: =D34*E34 -> 50 | H34: =E34*F34 -> 500 | I34: 0.27
B35: 恒常 | C35: カラーメモリー・レッド | D35: 5 | E35: 10 | F35: 50 | G35: =D35*E35 -> 50 | H35: =E35*F35 -> 500 | I35: 0.27
B36: 恒常 | C36: カラーメモリー・ブルー | D36: 5 | E36: 10 | F36: 50 | G36: =D36*E36 -> 50 | H36: =E36*F36 -> 500 | I36: 0.27
... B40: 恒常 | C40: コイン | D40: 100 | E40: 150 | F40: 10 | G40: =D40*E40 -> 15000 | H40: =E40*F40 -> 1500 | I40: 0.01
H42: =SUM(H25:H40)/sum(H18:H19) -> 27.1875 | I42: =H42*16 -> 435
B43: ▼v.1.6.1リリース時に設定される交換所と作品ポイント | H43: =H42*30 -> 815.625 | I43: =H43*16 -> 13050
B44: その作品のURの原画が追加されるタイミングに合わせて交換所と作品ポイントも追加する
B45: 交換所 | C45: 作品ポイント
B46: 『SPY×FAMILY』 の作品ポイント交換所 | C46: 『SPY×FAMILY』 の作品ポイント
B47: 『ダンダダン』 の作品ポイント交換所 | C47: 『ダンダダン』 の作品ポイント
B48: 『姫様“拷問”の時間です』 の作品ポイント交換所 | C48: 『姫様“拷問”の時間です』 の作品ポイント
B49: 『チェンソーマン』 の作品ポイント交換所 | C49: 『チェンソーマン』 の作品ポイント
B50: 『株式会社マジルミエ』 の作品ポイント交換所 | C50: 『株式会社マジルミエ』 の作品ポイント
B51: 『怪獣８号』 の作品ポイント交換所 | C51: 『怪獣８号』 の作品ポイント
B52: 『2.5次元の誘惑』 の作品ポイント交換所 | C52: 『2.5次元の誘惑』 の作品ポイント
B53: 『魔都精兵のスレイブ』 の作品ポイント交換所 | C53: 『魔都精兵のスレイブ』 の作品ポイント
B54: 『サマータイムレンダ』 の作品ポイント交換所 | C54: 『サマータイムレンダ』 の作品ポイント
B55: 『地獄楽』 の作品ポイント交換所 | C55: 『地獄楽』 の作品ポイント
B56: 『タコピーの原罪』 の作品ポイント交換所 | C56: 『タコピーの原罪』 の作品ポイント
... B61: 『あやかしトライアングル』 の作品ポイント交換所 | C61: 『あやかしトライアングル』 の作品ポイント

Sheet ミッション
B1: 限界チャレンジ_ミッション
B3: 項目 | C3: 内容
B4: 施策名称 | C4: 限界チャレンジ ミッション
B5: 開催期間 | C5: 46125.625 | D5: 〜 | E5: 無期限
B6: 備考 | C6: 毎月04:00に実績リセット
B8: ミッション内容/報酬カテゴリー | C8: プリズム | D8: コイン | E8: ピックアップガシャチケット | F8: スペシャルガシャチケット | G8: メモリーフラグメント・初級 | H8: メモリーフラグメント・中級 | I8: メモリーフラグメント・上級
B9: 限界チャレンジで強敵を累計1体撃破しよう | G9: 10
B10: 限界チャレンジで強敵を累計3体撃破しよう | H10: 5
B11: 限界チャレンジで強敵を累計5体撃破しよう | I11: 1
B12: 限界チャレンジで強敵を累計10体撃破しよう | E12: 1
B13: 限界チャレンジで累計10フロア到達しよう | D13: 5000
B14: 限界チャレンジで累計20フロア到達しよう | D14: 10000
B15: 限界チャレンジで累計30フロア到達しよう | D15: 15000
B16: 限界チャレンジで累計40フロア到達しよう | D16: 20000
B17: 限界チャレンジで累計50フロア到達しよう | D17: 25000
B18: 限界チャレンジで『SPY×FAMILY』作品の強敵を1体撃破しよう | C18: 20
B19: 限界チャレンジで『ダンダダン』作品の強敵を1体撃破しよう | C19: 20
B20: 限界チャレンジで『姫様“拷問”の時間です』作品の強敵を1体撃破しよう | C20: 20
B21: 限界チャレンジで『チェンソーマン』作品の強敵を1体撃破しよう | C21: 20
B22: 限界チャレンジで『株式会社マジルミエ』作品の強敵を1体撃破しよう | C22: 20
B23: 限界チャレンジで『怪獣８号』作品の強敵を1体撃破しよう | C23: 20
B24: 限界チャレンジで『2.5次元の誘惑』作品の強敵を1体撃破しよう | C24: 20
B25: 限界チャレンジで『魔都精兵のスレイブ』作品の強敵を1体撃破しよう | C25: 20
B26: 限界チャレンジで『サマータイムレンダ』作品の強敵を1体撃破しよう | C26: 20
B27: 限界チャレンジで『地獄楽』作品の強敵を1体撃破しよう | C27: 20
B28: 限界チャレンジで『タコピーの原罪』作品の強敵を1体撃破しよう | C28: 20
B29: 限界チャレンジで『【推しの子】』作品の強敵を1体撃破しよう | C29: 20
... B32: 限界チャレンジで『ふつうの軽音部』作品の強敵を1体撃破しよう | C32: 20
B34: 報酬合計数 | C34: =sum(C9:C32) -> 300 | D34: =sum(D9:D32) -> 75000 | E34: =sum(E9:E32) -> 1 | F34: =sum(F9:F32) -> 0 | G34: =sum(G9:G32) -> 10 | H34: =sum(H9:H32) -> 5 | I34: =sum(I9:I32) -> 1

Sheet インゲームその他設定
B1: 限界チャレンジ_報酬
B3: ▼基本情報 | F3: MstAutoPlayerSequenceがやばいのでvdのmasterdataに固有で同じのを設定できるようにしたい
B4: 開始日 | C4: 46125.625 | F4: カード効果は以下を参照する
B5: 終了日 | C5: 無期限 | F5: https://docs.google.com/spreadsheets/d/1D5JYX9W2KpGQQrejkP6grv6Qds1GhjyAd6eNjJVa6eM/edit?gid=1084645352#gid=1084645352
F6: https://docs.google.com/spreadsheets/d/1D5JYX9W2KpGQQrejkP6grv6Qds1GhjyAd6eNjJVa6eM/edit?gid=1301003540#gid=1301003540
B8: ◆カード効果
B9: ・限界チャレンジを1回プレイし、ボスフロアがクリア扱いになる毎に報酬獲得された状態になり、リザルト画面でまとめて報酬獲得できます
B10: ▼ノーマルブロック ・ルーレットゲージが溜まった時にルーレットを回し、カード効果をランダムに1枚獲得できる。 ・バトル中に一定確率で登場するレアファントムを撃破することで、ルーレットゲージのルーレットを回し、カード効果をランダムに1枚獲得できる。 ・カード効果は到達フロアの進捗数に応じて効果内容が強くなる（5フロア目で獲得できるカード効果は攻撃10%UPぐらいだが10フロア目だと20%の効果を得られるなど）。
B12: ▼到達フロア報酬係数
B13: 到達フロア数 | C13: 効果内容
B14: 1以上
B20: 10以上
B21: 20以上
B22: 30以上
B23: 40以上
B24: 50以上
B27: ◆敵ステータス変更フロア係数
B28: ・限界チャレンジは一定数のフロアに到達すると敵のステータス（攻撃と体力）に係数がかかり、登場する敵が強くなります。
B29: ▼フロアステータス係数 | E29: ▼基本ステータス数値
B30: 到達フロア数 | C30: 到達フロア報酬係数 | E30: キャラ種別/ステータス | F30: 攻撃 | G30: 体力
B31: 1以上 | C31: 1 | E31: 雑魚1体 | F31: 5000 | G31: 1000
B32: 5以上 | C32: 1.2 | E32: ボス1体 | F32: 20000 | G32: 10000
B33: 10以上 | C33: 1.4
B34: 20以上 | C34: 1.6
B35: 30以上 | C35: 1.8
B36: 40以上 | C36: 2
B37: 50以上 | C37: 2.5

Sheet 通常ブロック
B1: 通常ブロック_SPY×FAMILY
B3: ■基礎情報
B5: ステージコンセプト
B6: 雑魚敵はSPY×FAMILYの敵を使用する。 雑魚は体力は1000ほど、攻撃は5000、移動速度は、少し速い、必殺ワザの使用はなし。 ゴールドファントムの登場確率は1体のみ出現し、一律10%の確率で登場する。
B10: BGM
B11: ファイル名
E12: ⇩チュートリアルの敵原画固定 | K12: ⇩100固定
B13: 味方ゲートID | E13: 敵ゲートID | H13: 敵ゲートasset | K13: 敵ゲートHP | N13: リリースキー
B14: default | E14: 入力してね | H14: 入力してね | K14: 100 | N14: 入力してね
B16: ■コマ設計
B18: 行数 | D18: 行パターンID | F18: コマ数 | H18: コマ高さ | J18: コマ幅1 | L18: コマ幅2 | N18: コマ幅3 | P18: コマ幅4 | U18: コマ効果1 | Z18: 効果時間 | AB18: 効果数値 | AD18: コマ効果2 | AI18: 効果時間 | AK18: 効果数値 | AM18: コマ効果3 | AR18: 効果時間 | AT18: 効果数値 | AV18: コマ効果4 | BA18: 効果時間 | BC18: 効果数値
B19: 1行目 | D19: 1 | F19: =iferror(vlookup(D19,'行パターン'!$A$2:$C48,2,false),"error") -> error | H19: 0.55 | J19: =iferror(INDEX('行パターン'!D:D,MATCH(D19,'行パターン'!A:A,0),0),"error") -> error | L19: =iferror(if(sum(J19)=1,"none",INDEX('行パターン'!E:E,MATCH($D19,'行パターン'!$A:$A,0),0)),"") | N19: =iferror(if(sum(J19:M19)=1,"none",INDEX('行パターン'!F:F,MATCH($D19,'行パターン'!$A:$A,0),0)),"") | P19: =iferror(if(sum(J19:O19)=1,"none",INDEX('行パターン'!G:G,MATCH($D19,'行パターン'!$A:$A,0),0)),"")
B20: 2行目 | D20: 10 | F20: =iferror(vlookup(D20,'行パターン'!$A$2:$C49,2,false),"error") -> error | H20: 0.55 | J20: =iferror(INDEX('行パターン'!D:D,MATCH(D20,'行パターン'!A:A,0),0),"error") -> error | L20: =iferror(if(sum(J20)=1,"none",INDEX('行パターン'!E:E,MATCH($D20,'行パターン'!$A:$A,0),0)),"") | N20: =iferror(if(sum(J20:M20)=1,"none",INDEX('行パターン'!F:F,MATCH($D20,'行パターン'!$A:$A,0),0)),"") | P20: =iferror(if(sum(J20:O20)=1,"none",INDEX('行パターン'!G:G,MATCH($D20,'行パターン'!$A:$A,0),0)),"")
B21: 3行目 | F21: =iferror(vlookup(D21,'行パターン'!$A$2:$C48,2,false)," ") | J21: {=iferror(INDEX('行パターン'!D:D,MATCH(D21,'行パターン'!A:A,0),0)," ")} | L21: =iferror(if(sum(J21)=1,"none",INDEX('行パターン'!E:E,MATCH($D21,'行パターン'!$A:$A,0),0)),"") | N21: =iferror(if(sum(J21:M21)=1,"none",INDEX('行パターン'!F:F,MATCH($D21,'行パターン'!$A:$A,0),0)),"") | P21: {=iferror(if(sum(J21:O21)=1,"none",INDEX('行パターン'!H:H,MATCH($D21,'行パターン'!$A:$A,0),0)),"")}
B22: ※通常ブロックは3行(フロア)固定
B24: ■Enemyシーケンス | F24: ※コピペして使用
B26: sequence _group_id | D26: sequence_ element_id | F26: priority_sequence_element_id | H26: Enemy_ID | L26: ファントム名 | P26: unit_kind | R26: 属性 | T26: ロール | V26: オーラタイプ | X26: 死亡タイプ | Z26: 必殺ワザ有無 | AB26: 体力 | AD26: 体力係数 | AF26: 攻撃力 | AH26: 攻撃係数 | AJ26: 通常攻撃F | AL26: 通常攻撃CDF | AN26: 通常攻撃DPS | AP26: 通常攻撃備考 | AT26: 必殺技内容 | AY26: 必殺発動回数 | BA26: 必殺技F(秒) | BC26: 特性 | BE26: 移動速度 | BG26: well_distance | BI26: start_range | BK26: end_range | BM26: 攻撃範囲 | BO26: KB回数 | BQ26: 撃破p | BS26: 上書き撃破p | BU26: 変身先ID | BW26: 変身条件1 | BY26: 変身条件2 | CA26: 出撃条件 condition_type | CE26: 出撃開始値 condition_value | CG26: 出撃間隔値 summon_interval | CI26: 召喚回数 summon_count | CK26: アクション遅延 action_delay | CM26: 出撃 アニメーション | CO26: 召喚pos summon_position | CQ26: 移動開始条件 move_start_condition_type | CU26: 移動開始値 condition_value | CW26: 移動停止条件 move_stop_condition_type | DA26: 移動停止値 | DC26: 移動再スタート条件 move_restart_condition_type | DG26: 移動再スタート値 | DI26: 再スタート回数 move_loop_count | DK26: ゲート無敵化 | DM26: 出現停止条件 | DQ26: 停止条件値 | DS26: 備考 | EA26: sequence_group_id | EB26: sequence_element_id | EC26: priority_sequence_element_id | ED26: condition_type | EE26: condition_value | EF26: action_type | EG26: action_value | EH26: action_value2 | EI26: summon_count | EJ26: summon_interval | EK26: summon_animation_type | EL26: summon_position | EM26: move_start_condition_type | EN26: move_start_condition_value | EO26: move_stop_condition_type | EP26: move_stop_condition_value | EQ26: move_restart_condition_type | ER26: move_restart_condition_value | ES26: move_loop_count | ET26: is_summon_unit_outpost_damage_invalidation | EU26: last_boss_trigger | EV26: aura_type | EW26: death_type | EX26: enemy_hp_coef | EY26: enemy_attack_coef | EZ26: enemy_speed_coef | FA26: override_drop_battle_point | FB26: defeated_score | FC26: action_delay | FD26: deactivation_condition_type | FE26: deactivation_condition_value
D27: 1 | H27: c_spy_00101_general_n_Boss_Blue | L27: {=iferror(INDEX('ファントムマスター'!F:F,MATCH(H27,'ファントムマスター'!D:D,0),0),"error")} -> <黄昏> ロイド | P27: =iferror(INDEX('ファントムマスター'!H:H,MATCH(H27,'ファントムマスター'!D:D,0),0),"none") -> none | R27: =iferror(INDEX('ファントムマスター'!J:J,MATCH(H27,'ファントムマスター'!D:D,0),0),"none") -> none | T27: =iferror(INDEX('ファントムマスター'!I:I,MATCH(H27,'ファントムマスター'!D:D,0),0),"none") -> none | V27: Default | X27: Normal | AB27: =iferror(INDEX('ファントムマスター'!K:K,MATCH(H27,'ファントムマスター'!D:D,0),0)*AD27,"none") -> none | AD27: 1 | AF27: =iferror(INDEX('ファントムマスター'!O:O,MATCH(H27,'ファントムマスター'!D:D,0),0)*AH27,"none") -> none | AH27: 1 | AJ27: =iferror(right(INDEX('ファントムマスター'!T:T,MATCH(H27,'ファントムマスター'!D:D,0),0),4)*50,"none") -> none | AL27: =iferror(right(INDEX('ファントムマスター'!V:V,MATCH(H27,'ファントムマスター'!D:D,0),0),4),"none") -> none | AN27: =iferror(AF27*(50/(AJ27+AL27)),"攻撃力に数値を入力") -> 攻撃力に数値を入力 | AT27: =iferror(INDEX('ファントムマスター'!Y:Y,MATCH(H27,'ファントムマスター'!D:D,0),0),"none") -> none | AY27: =iferror(INDEX('ファントムマスター'!Z:Z,MATCH(H27,'ファントムマスター'!D:D,0),0),"none") -> none | BA27: =iferror(INDEX('ファントムマスター'!W:W,MATCH(H27,'ファントムマスター'!D:D,0),0)*50,"none") -> none | BC27: =iferror(INDEX('ファントムマスター'!AA:AA,MATCH(H27,'ファントムマスター'!D:D,0),0),"none") -> none | BE27: =iferror(INDEX('ファントムマスター'!M:M,MATCH(H27,'ファントムマスター'!D:D,0),0),"none") -> none | BG27: =iferror(INDEX('ファントムマスター'!N:N,MATCH(H27,'ファントムマスター'!D:D,0),0),"none") -> none | BI27: =iferror(INDEX('ファントムマスター'!P:P,MATCH(H27,'ファントムマスター'!D:D,0),0),"none") -> none | BK27: =iferror(INDEX('ファントムマスター'!Q:Q,MATCH(H27,'ファントムマスター'!D:D,0),0),"none") -> none | BM27: =iferror(INDEX('ファントムマスター'!R:R,MATCH(H27,'ファントムマスター'!D:D,0),0),"none") -> none | BO27: =iferror(INDEX('ファントムマスター'!L:L,MATCH(H27,'ファントムマスター'!D:D,0),0),"none") -> none | BQ27: =iferror(INDEX('ファントムマスター'!S:S,MATCH(H27,'ファントムマスター'!D:D,0),0),"none") -> none | CA27: 未入力 | CE27: 1 | CG27: 10 | CI27: 99 | CM27: None | CQ27: None | CW27: None | DC27: None | DK27: FALSE | DM27: None | EA27: =B27 | EB27: =D27 -> 1 | EC27: =F27 | ED27: =CA27 -> 未入力 | EE27: =CE27 -> 1 | EF27: ="SummonEnemy" -> SummonEnemy | EG27: =H27 -> c_spy_00101_general_n_Boss_Blue | EI27: =CI27 -> 99 | EJ27: =CG27 -> 10 | EK27: =CM27 -> None | EL27: =CO27 | EM27: =CQ27 -> None | EN27: =CU27 | EO27: =CW27 -> None | EP27: =DA27 | EQ27: =DC27 -> None | ER27: =DG27 | ES27: =DI27 | ET27: =DK27 -> FALSE | EV27: =V27 -> Default | EW27: =X27 -> Normal | EX27: =AD27 -> 1 | EY27: =AH27 -> 1 | EZ27: ="1" -> 1 | FA27: =BS27 | FB27: 0 | FC27: =CK27 | FD27: =DM27 -> None | FE27: =DQ27
L28: =iferror(INDEX('ファントムマスター'!F:F,MATCH(H28,'ファントムマスター'!D:D,0),0),"none") -> none | P28: =iferror(INDEX('ファントムマスター'!H:H,MATCH(H28,'ファントムマスター'!D:D,0),0),"none") -> none | R28: =iferror(INDEX('ファントムマスター'!J:J,MATCH(H28,'ファントムマスター'!D:D,0),0),"none") -> none | T28: =iferror(INDEX('ファントムマスター'!I:I,MATCH(H28,'ファントムマスター'!D:D,0),0),"none") -> none | V28: Default | X28: Normal | AB28: =iferror(INDEX('ファントムマスター'!K:K,MATCH(H28,'ファントムマスター'!D:D,0),0)*AD28,"none") -> none | AD28: 1 | AF28: =iferror(INDEX('ファントムマスター'!O:O,MATCH(H28,'ファントムマスター'!D:D,0),0)*AH28,"none") -> none | AH28: 1 | AJ28: =iferror(right(INDEX('ファントムマスター'!T:T,MATCH(H28,'ファントムマスター'!D:D,0),0),4)*50,"none") -> none | AL28: =iferror(right(INDEX('ファントムマスター'!V:V,MATCH(H28,'ファントムマスター'!D:D,0),0),4),"none") -> none | AN28: =iferror(AF28*(50/(AJ28+AL28)),"攻撃力に数値を入力") -> 攻撃力に数値を入力 | AT28: =iferror(INDEX('ファントムマスター'!Y:Y,MATCH(H28,'ファントムマスター'!D:D,0),0),"none") -> none | AY28: =iferror(INDEX('ファントムマスター'!Z:Z,MATCH(H28,'ファントムマスター'!D:D,0),0),"none") -> none | BA28: =iferror(INDEX('ファントムマスター'!W:W,MATCH(H28,'ファントムマスター'!D:D,0),0)*50,"none") -> none | BC28: =iferror(INDEX('ファントムマスター'!AA:AA,MATCH(H28,'ファントムマスター'!D:D,0),0),"none") -> none | BE28: =iferror(INDEX('ファントムマスター'!M:M,MATCH(H28,'ファントムマスター'!D:D,0),0),"none") -> none | BG28: =iferror(INDEX('ファントムマスター'!N:N,MATCH(H28,'ファントムマスター'!D:D,0),0),"none") -> none | BI28: =iferror(INDEX('ファントムマスター'!P:P,MATCH(H28,'ファントムマスター'!D:D,0),0),"none") -> none | BK28: =iferror(INDEX('ファントムマスター'!Q:Q,MATCH(H28,'ファントムマスター'!D:D,0),0),"none") -> none | BM28: =iferror(INDEX('ファントムマスター'!R:R,MATCH(H28,'ファントムマスター'!D:D,0),0),"none") -> none | BO28: =iferror(INDEX('ファントムマスター'!L:L,MATCH(H28,'ファントムマスター'!D:D,0),0),"none") -> none | BQ28: =iferror(INDEX('ファントムマスター'!S:S,MATCH(H28,'ファントムマスター'!D:D,0),0),"none") -> none | CA28: 未入力 | CM28: None | CQ28: None | CW28: None | DC28: None | DK28: FALSE | DM28: None | EA28: =B28 | EB28: =D28 | EC28: =F28 | ED28: =CA28 -> 未入力 | EE28: =CE28 | EF28: ="SummonEnemy" -> SummonEnemy | EG28: =H28 | EI28: =CI28 | EJ28: =CG28 | EK28: =CM28 -> None | EL28: =CO28 | EM28: =CQ28 -> None | EN28: =CU28 | EO28: =CW28 -> None | EP28: =DA28 | EQ28: =DC28 -> None | ER28: =DG28 | ES28: =DI28 | ET28: =DK28 -> FALSE | EV28: =V28 -> Default | EW28: =X28 -> Normal | EX28: =AD28 -> 1 | EY28: =AH28 -> 1 | EZ28: ="1" -> 1 | FA28: =BS28 | FB28: 0 | FC28: =CK28 | FD28: =DM28 -> None | FE28: =DQ28
L29: =iferror(INDEX('ファントムマスター'!F:F,MATCH(H29,'ファントムマスター'!D:D,0),0),"none") -> none | P29: =iferror(INDEX('ファントムマスター'!H:H,MATCH(H29,'ファントムマスター'!D:D,0),0),"none") -> none | R29: =iferror(INDEX('ファントムマスター'!J:J,MATCH(H29,'ファントムマスター'!D:D,0),0),"none") -> none | T29: =iferror(INDEX('ファントムマスター'!I:I,MATCH(H29,'ファントムマスター'!D:D,0),0),"none") -> none | V29: Default | X29: Normal | AB29: =iferror(INDEX('ファントムマスター'!K:K,MATCH(H29,'ファントムマスター'!D:D,0),0)*AD29,"none") -> none | AD29: 1 | AF29: =iferror(INDEX('ファントムマスター'!O:O,MATCH(H29,'ファントムマスター'!D:D,0),0)*AH29,"none") -> none | AH29: 1 | AJ29: =iferror(right(INDEX('ファントムマスター'!T:T,MATCH(H29,'ファントムマスター'!D:D,0),0),4)*50,"none") -> none | AL29: =iferror(right(INDEX('ファントムマスター'!V:V,MATCH(H29,'ファントムマスター'!D:D,0),0),4),"none") -> none | AN29: =iferror(AF29*(50/(AJ29+AL29)),"攻撃力に数値を入力") -> 攻撃力に数値を入力 | AT29: =iferror(INDEX('ファントムマスター'!Y:Y,MATCH(H29,'ファントムマスター'!D:D,0),0),"none") -> none | AY29: =iferror(INDEX('ファントムマスター'!Z:Z,MATCH(H29,'ファントムマスター'!D:D,0),0),"none") -> none | BA29: =iferror(INDEX('ファントムマスター'!W:W,MATCH(H29,'ファントムマスター'!D:D,0),0)*50,"none") -> none | BC29: =iferror(INDEX('ファントムマスター'!AA:AA,MATCH(H29,'ファントムマスター'!D:D,0),0),"none") -> none | BE29: =iferror(INDEX('ファントムマスター'!M:M,MATCH(H29,'ファントムマスター'!D:D,0),0),"none") -> none | BG29: =iferror(INDEX('ファントムマスター'!N:N,MATCH(H29,'ファントムマスター'!D:D,0),0),"none") -> none | BI29: =iferror(INDEX('ファントムマスター'!P:P,MATCH(H29,'ファントムマスター'!D:D,0),0),"none") -> none | BK29: =iferror(INDEX('ファントムマスター'!Q:Q,MATCH(H29,'ファントムマスター'!D:D,0),0),"none") -> none | BM29: =iferror(INDEX('ファントムマスター'!R:R,MATCH(H29,'ファントムマスター'!D:D,0),0),"none") -> none | BO29: =iferror(INDEX('ファントムマスター'!L:L,MATCH(H29,'ファントムマスター'!D:D,0),0),"none") -> none | BQ29: =iferror(INDEX('ファントムマスター'!S:S,MATCH(H29,'ファントムマスター'!D:D,0),0),"none") -> none | CA29: 未入力 | CM29: None | CQ29: None | CW29: None | DC29: None | DK29: FALSE | DM29: None | EA29: =B29 | EB29: =D29 | EC29: =F29 | ED29: =CA29 -> 未入力 | EE29: =CE29 | EF29: ="SummonEnemy" -> SummonEnemy | EG29: =H29 | EI29: =CI29 | EJ29: =CG29 | EK29: =CM29 -> None | EL29: =CO29 | EM29: =CQ29 -> None | EN29: =CU29 | EO29: =CW29 -> None | EP29: =DA29 | EQ29: =DC29 -> None | ER29: =DG29 | ES29: =DI29 | ET29: =DK29 -> FALSE | EV29: =V29 -> Default | EW29: =X29 -> Normal | EX29: =AD29 -> 1 | EY29: =AH29 -> 1 | EZ29: ="1" -> 1 | FA29: =BS29 | FB29: 0 | FC29: =CK29 | FD29: =DM29 -> None | FE29: =DQ29
L30: =iferror(INDEX('ファントムマスター'!F:F,MATCH(H30,'ファントムマスター'!D:D,0),0),"none") -> none | P30: =iferror(INDEX('ファントムマスター'!H:H,MATCH(H30,'ファントムマスター'!D:D,0),0),"none") -> none | R30: =iferror(INDEX('ファントムマスター'!J:J,MATCH(H30,'ファントムマスター'!D:D,0),0),"none") -> none | T30: =iferror(INDEX('ファントムマスター'!I:I,MATCH(H30,'ファントムマスター'!D:D,0),0),"none") -> none | V30: Default | X30: Normal | AB30: =iferror(INDEX('ファントムマスター'!K:K,MATCH(H30,'ファントムマスター'!D:D,0),0)*AD30,"none") -> none | AD30: 1 | AF30: =iferror(INDEX('ファントムマスター'!O:O,MATCH(H30,'ファントムマスター'!D:D,0),0)*AH30,"none") -> none | AH30: 1 | AJ30: =iferror(right(INDEX('ファントムマスター'!T:T,MATCH(H30,'ファントムマスター'!D:D,0),0),4)*50,"none") -> none | AL30: =iferror(right(INDEX('ファントムマスター'!V:V,MATCH(H30,'ファントムマスター'!D:D,0),0),4),"none") -> none | AN30: =iferror(AF30*(50/(AJ30+AL30)),"攻撃力に数値を入力") -> 攻撃力に数値を入力 | AT30: =iferror(INDEX('ファントムマスター'!Y:Y,MATCH(H30,'ファントムマスター'!D:D,0),0),"none") -> none | AY30: =iferror(INDEX('ファントムマスター'!Z:Z,MATCH(H30,'ファントムマスター'!D:D,0),0),"none") -> none | BA30: =iferror(INDEX('ファントムマスター'!W:W,MATCH(H30,'ファントムマスター'!D:D,0),0)*50,"none") -> none | BC30: =iferror(INDEX('ファントムマスター'!AA:AA,MATCH(H30,'ファントムマスター'!D:D,0),0),"none") -> none | BE30: =iferror(INDEX('ファントムマスター'!M:M,MATCH(H30,'ファントムマスター'!D:D,0),0),"none") -> none | BG30: =iferror(INDEX('ファントムマスター'!N:N,MATCH(H30,'ファントムマスター'!D:D,0),0),"none") -> none | BI30: =iferror(INDEX('ファントムマスター'!P:P,MATCH(H30,'ファントムマスター'!D:D,0),0),"none") -> none | BK30: =iferror(INDEX('ファントムマスター'!Q:Q,MATCH(H30,'ファントムマスター'!D:D,0),0),"none") -> none | BM30: =iferror(INDEX('ファントムマスター'!R:R,MATCH(H30,'ファントムマスター'!D:D,0),0),"none") -> none | BO30: =iferror(INDEX('ファントムマスター'!L:L,MATCH(H30,'ファントムマスター'!D:D,0),0),"none") -> none | BQ30: =iferror(INDEX('ファントムマスター'!S:S,MATCH(H30,'ファントムマスター'!D:D,0),0),"none") -> none | CA30: 未入力 | CM30: None | CQ30: None | CW30: None | DC30: None | DK30: FALSE | DM30: None | EA30: =B30 | EB30: =D30 | EC30: =F30 | ED30: =CA30 -> 未入力 | EE30: =CE30 | EF30: ="SummonEnemy" -> SummonEnemy | EG30: =H30 | EI30: =CI30 | EJ30: =CG30 | EK30: =CM30 -> None | EL30: =CO30 | EM30: =CQ30 -> None | EN30: =CU30 | EO30: =CW30 -> None | EP30: =DA30 | EQ30: =DC30 -> None | ER30: =DG30 | ES30: =DI30 | ET30: =DK30 -> FALSE | EV30: =V30 -> Default | EW30: =X30 -> Normal | EX30: =AD30 -> 1 | EY30: =AH30 -> 1 | EZ30: ="1" -> 1 | FA30: =BS30 | FB30: 0 | FC30: =CK30 | FD30: =DM30 -> None | FE30: =DQ30
L31: =iferror(INDEX('ファントムマスター'!F:F,MATCH(H31,'ファントムマスター'!D:D,0),0),"none") -> none | P31: =iferror(INDEX('ファントムマスター'!H:H,MATCH(H31,'ファントムマスター'!D:D,0),0),"none") -> none | R31: =iferror(INDEX('ファントムマスター'!J:J,MATCH(H31,'ファントムマスター'!D:D,0),0),"none") -> none | T31: =iferror(INDEX('ファントムマスター'!I:I,MATCH(H31,'ファントムマスター'!D:D,0),0),"none") -> none | V31: Default | X31: Normal | AB31: =iferror(INDEX('ファントムマスター'!K:K,MATCH(H31,'ファントムマスター'!D:D,0),0)*AD31,"none") -> none | AD31: 1 | AF31: =iferror(INDEX('ファントムマスター'!O:O,MATCH(H31,'ファントムマスター'!D:D,0),0)*AH31,"none") -> none | AH31: 1 | AJ31: =iferror(right(INDEX('ファントムマスター'!T:T,MATCH(H31,'ファントムマスター'!D:D,0),0),4)*50,"none") -> none | AL31: =iferror(right(INDEX('ファントムマスター'!V:V,MATCH(H31,'ファントムマスター'!D:D,0),0),4),"none") -> none | AN31: =iferror(AF31*(50/(AJ31+AL31)),"攻撃力に数値を入力") -> 攻撃力に数値を入力 | AT31: =iferror(INDEX('ファントムマスター'!Y:Y,MATCH(H31,'ファントムマスター'!D:D,0),0),"none") -> none | AY31: =iferror(INDEX('ファントムマスター'!Z:Z,MATCH(H31,'ファントムマスター'!D:D,0),0),"none") -> none | BA31: =iferror(INDEX('ファントムマスター'!W:W,MATCH(H31,'ファントムマスター'!D:D,0),0)*50,"none") -> none | BC31: =iferror(INDEX('ファントムマスター'!AA:AA,MATCH(H31,'ファントムマスター'!D:D,0),0),"none") -> none | BE31: =iferror(INDEX('ファントムマスター'!M:M,MATCH(H31,'ファントムマスター'!D:D,0),0),"none") -> none | BG31: =iferror(INDEX('ファントムマスター'!N:N,MATCH(H31,'ファントムマスター'!D:D,0),0),"none") -> none | BI31: =iferror(INDEX('ファントムマスター'!P:P,MATCH(H31,'ファントムマスター'!D:D,0),0),"none") -> none | BK31: =iferror(INDEX('ファントムマスター'!Q:Q,MATCH(H31,'ファントムマスター'!D:D,0),0),"none") -> none | BM31: =iferror(INDEX('ファントムマスター'!R:R,MATCH(H31,'ファントムマスター'!D:D,0),0),"none") -> none | BO31: =iferror(INDEX('ファントムマスター'!L:L,MATCH(H31,'ファントムマスター'!D:D,0),0),"none") -> none | BQ31: =iferror(INDEX('ファントムマスター'!S:S,MATCH(H31,'ファントムマスター'!D:D,0),0),"none") -> none | CA31: 未入力 | CM31: None | CQ31: None | CW31: None | DC31: None | DK31: FALSE | DM31: None | EA31: =B31 | EB31: =D31 | EC31: =F31 | ED31: =CA31 -> 未入力 | EE31: =CE31 | EF31: ="SummonEnemy" -> SummonEnemy | EG31: =H31 | EI31: =CI31 | EJ31: =CG31 | EK31: =CM31 -> None | EL31: =CO31 | EM31: =CQ31 -> None | EN31: =CU31 | EO31: =CW31 -> None | EP31: =DA31 | EQ31: =DC31 -> None | ER31: =DG31 | ES31: =DI31 | ET31: =DK31 -> FALSE | EV31: =V31 -> Default | EW31: =X31 -> Normal | EX31: =AD31 -> 1 | EY31: =AH31 -> 1 | EZ31: ="1" -> 1 | FA31: =BS31 | FB31: 0 | FC31: =CK31 | FD31: =DM31 -> None | FE31: =DQ31
L32: =iferror(INDEX('ファントムマスター'!F:F,MATCH(H32,'ファントムマスター'!D:D,0),0),"none") -> none | P32: =iferror(INDEX('ファントムマスター'!H:H,MATCH(H32,'ファントムマスター'!D:D,0),0),"none") -> none | R32: =iferror(INDEX('ファントムマスター'!J:J,MATCH(H32,'ファントムマスター'!D:D,0),0),"none") -> none | T32: =iferror(INDEX('ファントムマスター'!I:I,MATCH(H32,'ファントムマスター'!D:D,0),0),"none") -> none | V32: Default | X32: Normal | AB32: =iferror(INDEX('ファントムマスター'!K:K,MATCH(H32,'ファントムマスター'!D:D,0),0)*AD32,"none") -> none | AD32: 1 | AF32: =iferror(INDEX('ファントムマスター'!O:O,MATCH(H32,'ファントムマスター'!D:D,0),0)*AH32,"none") -> none | AH32: 1 | AJ32: =iferror(right(INDEX('ファントムマスター'!T:T,MATCH(H32,'ファントムマスター'!D:D,0),0),4)*50,"none") -> none | AL32: =iferror(right(INDEX('ファントムマスター'!V:V,MATCH(H32,'ファントムマスター'!D:D,0),0),4),"none") -> none | AN32: =iferror(AF32*(50/(AJ32+AL32)),"攻撃力に数値を入力") -> 攻撃力に数値を入力 | AT32: =iferror(INDEX('ファントムマスター'!Y:Y,MATCH(H32,'ファントムマスター'!D:D,0),0),"none") -> none | AY32: =iferror(INDEX('ファントムマスター'!Z:Z,MATCH(H32,'ファントムマスター'!D:D,0),0),"none") -> none | BA32: =iferror(INDEX('ファントムマスター'!W:W,MATCH(H32,'ファントムマスター'!D:D,0),0)*50,"none") -> none | BC32: =iferror(INDEX('ファントムマスター'!AA:AA,MATCH(H32,'ファントムマスター'!D:D,0),0),"none") -> none | BE32: =iferror(INDEX('ファントムマスター'!M:M,MATCH(H32,'ファントムマスター'!D:D,0),0),"none") -> none | BG32: =iferror(INDEX('ファントムマスター'!N:N,MATCH(H32,'ファントムマスター'!D:D,0),0),"none") -> none | BI32: =iferror(INDEX('ファントムマスター'!P:P,MATCH(H32,'ファントムマスター'!D:D,0),0),"none") -> none | BK32: =iferror(INDEX('ファントムマスター'!Q:Q,MATCH(H32,'ファントムマスター'!D:D,0),0),"none") -> none | BM32: =iferror(INDEX('ファントムマスター'!R:R,MATCH(H32,'ファントムマスター'!D:D,0),0),"none") -> none | BO32: =iferror(INDEX('ファントムマスター'!L:L,MATCH(H32,'ファントムマスター'!D:D,0),0),"none") -> none | BQ32: =iferror(INDEX('ファントムマスター'!S:S,MATCH(H32,'ファントムマスター'!D:D,0),0),"none") -> none | CA32: 未入力 | CM32: None | CQ32: None | CW32: None | DC32: None | DK32: FALSE | DM32: None | EA32: =B32 | EB32: =D32 | EC32: =F32 | ED32: =CA32 -> 未入力 | EE32: =CE32 | EF32: ="SummonEnemy" -> SummonEnemy | EG32: =H32 | EI32: =CI32 | EJ32: =CG32 | EK32: =CM32 -> None | EL32: =CO32 | EM32: =CQ32 -> None | EN32: =CU32 | EO32: =CW32 -> None | EP32: =DA32 | EQ32: =DC32 -> None | ER32: =DG32 | ES32: =DI32 | ET32: =DK32 -> FALSE | EV32: =V32 -> Default | EW32: =X32 -> Normal | EX32: =AD32 -> 1 | EY32: =AH32 -> 1 | EZ32: ="1" -> 1 | FA32: =BS32 | FB32: 0 | FC32: =CK32 | FD32: =DM32 -> None | FE32: =DQ32
L33: =iferror(INDEX('ファントムマスター'!F:F,MATCH(H33,'ファントムマスター'!D:D,0),0),"none") -> none | P33: =iferror(INDEX('ファントムマスター'!H:H,MATCH(H33,'ファントムマスター'!D:D,0),0),"none") -> none | R33: =iferror(INDEX('ファントムマスター'!J:J,MATCH(H33,'ファントムマスター'!D:D,0),0),"none") -> none | T33: =iferror(INDEX('ファントムマスター'!I:I,MATCH(H33,'ファントムマスター'!D:D,0),0),"none") -> none | V33: Default | X33: Normal | AB33: =iferror(INDEX('ファントムマスター'!K:K,MATCH(H33,'ファントムマスター'!D:D,0),0)*AD33,"none") -> none | AD33: 1 | AF33: =iferror(INDEX('ファントムマスター'!O:O,MATCH(H33,'ファントムマスター'!D:D,0),0)*AH33,"none") -> none | AH33: 1 | AJ33: =iferror(right(INDEX('ファントムマスター'!T:T,MATCH(H33,'ファントムマスター'!D:D,0),0),4)*50,"none") -> none | AL33: =iferror(right(INDEX('ファントムマスター'!V:V,MATCH(H33,'ファントムマスター'!D:D,0),0),4),"none") -> none | AN33: =iferror(AF33*(50/(AJ33+AL33)),"攻撃力に数値を入力") -> 攻撃力に数値を入力 | AT33: =iferror(INDEX('ファントムマスター'!Y:Y,MATCH(H33,'ファントムマスター'!D:D,0),0),"none") -> none | AY33: =iferror(INDEX('ファントムマスター'!Z:Z,MATCH(H33,'ファントムマスター'!D:D,0),0),"none") -> none | BA33: =iferror(INDEX('ファントムマスター'!W:W,MATCH(H33,'ファントムマスター'!D:D,0),0)*50,"none") -> none | BC33: =iferror(INDEX('ファントムマスター'!AA:AA,MATCH(H33,'ファントムマスター'!D:D,0),0),"none") -> none | BE33: =iferror(INDEX('ファントムマスター'!M:M,MATCH(H33,'ファントムマスター'!D:D,0),0),"none") -> none | BG33: =iferror(INDEX('ファントムマスター'!N:N,MATCH(H33,'ファントムマスター'!D:D,0),0),"none") -> none | BI33: =iferror(INDEX('ファントムマスター'!P:P,MATCH(H33,'ファントムマスター'!D:D,0),0),"none") -> none | BK33: =iferror(INDEX('ファントムマスター'!Q:Q,MATCH(H33,'ファントムマスター'!D:D,0),0),"none") -> none | BM33: =iferror(INDEX('ファントムマスター'!R:R,MATCH(H33,'ファントムマスター'!D:D,0),0),"none") -> none | BO33: =iferror(INDEX('ファントムマスター'!L:L,MATCH(H33,'ファントムマスター'!D:D,0),0),"none") -> none | BQ33: =iferror(INDEX('ファントムマスター'!S:S,MATCH(H33,'ファントムマスター'!D:D,0),0),"none") -> none | CA33: 未入力 | CM33: None | CQ33: None | CW33: None | DC33: None | DK33: FALSE | DM33: None | EA33: =B33 | EB33: =D33 | EC33: =F33 | ED33: =CA33 -> 未入力 | EE33: =CE33 | EF33: ="SummonEnemy" -> SummonEnemy | EG33: =H33 | EI33: =CI33 | EJ33: =CG33 | EK33: =CM33 -> None | EL33: =CO33 | EM33: =CQ33 -> None | EN33: =CU33 | EO33: =CW33 -> None | EP33: =DA33 | EQ33: =DC33 -> None | ER33: =DG33 | ES33: =DI33 | ET33: =DK33 -> FALSE | EV33: =V33 -> Default | EW33: =X33 -> Normal | EX33: =AD33 -> 1 | EY33: =AH33 -> 1 | EZ33: ="1" -> 1 | FA33: =BS33 | FB33: 0 | FC33: =CK33 | FD33: =DM33 -> None | FE33: =DQ33
L34: =iferror(INDEX('ファントムマスター'!F:F,MATCH(H34,'ファントムマスター'!D:D,0),0),"none") -> none | P34: =iferror(INDEX('ファントムマスター'!H:H,MATCH(H34,'ファントムマスター'!D:D,0),0),"none") -> none | R34: =iferror(INDEX('ファントムマスター'!J:J,MATCH(H34,'ファントムマスター'!D:D,0),0),"none") -> none | T34: =iferror(INDEX('ファントムマスター'!I:I,MATCH(H34,'ファントムマスター'!D:D,0),0),"none") -> none | V34: Default | X34: Normal | AB34: =iferror(INDEX('ファントムマスター'!K:K,MATCH(H34,'ファントムマスター'!D:D,0),0)*AD34,"none") -> none | AD34: 1 | AF34: =iferror(INDEX('ファントムマスター'!O:O,MATCH(H34,'ファントムマスター'!D:D,0),0)*AH34,"none") -> none | AH34: 1 | AJ34: =iferror(right(INDEX('ファントムマスター'!T:T,MATCH(H34,'ファントムマスター'!D:D,0),0),4)*50,"none") -> none | AL34: =iferror(right(INDEX('ファントムマスター'!V:V,MATCH(H34,'ファントムマスター'!D:D,0),0),4),"none") -> none | AN34: =iferror(AF34*(50/(AJ34+AL34)),"攻撃力に数値を入力") -> 攻撃力に数値を入力 | AT34: =iferror(INDEX('ファントムマスター'!Y:Y,MATCH(H34,'ファントムマスター'!D:D,0),0),"none") -> none | AY34: =iferror(INDEX('ファントムマスター'!Z:Z,MATCH(H34,'ファントムマスター'!D:D,0),0),"none") -> none | BA34: =iferror(INDEX('ファントムマスター'!W:W,MATCH(H34,'ファントムマスター'!D:D,0),0)*50,"none") -> none | BC34: =iferror(INDEX('ファントムマスター'!AA:AA,MATCH(H34,'ファントムマスター'!D:D,0),0),"none") -> none | BE34: =iferror(INDEX('ファントムマスター'!M:M,MATCH(H34,'ファントムマスター'!D:D,0),0),"none") -> none | BG34: =iferror(INDEX('ファントムマスター'!N:N,MATCH(H34,'ファントムマスター'!D:D,0),0),"none") -> none | BI34: =iferror(INDEX('ファントムマスター'!P:P,MATCH(H34,'ファントムマスター'!D:D,0),0),"none") -> none | BK34: =iferror(INDEX('ファントムマスター'!Q:Q,MATCH(H34,'ファントムマスター'!D:D,0),0),"none") -> none | BM34: =iferror(INDEX('ファントムマスター'!R:R,MATCH(H34,'ファントムマスター'!D:D,0),0),"none") -> none | BO34: =iferror(INDEX('ファントムマスター'!L:L,MATCH(H34,'ファントムマスター'!D:D,0),0),"none") -> none | BQ34: =iferror(INDEX('ファントムマスター'!S:S,MATCH(H34,'ファントムマスター'!D:D,0),0),"none") -> none | CA34: 未入力 | CM34: None | CQ34: None | CW34: None | DC34: None | DK34: FALSE | DM34: None | EA34: =B34 | EB34: =D34 | EC34: =F34 | ED34: =CA34 -> 未入力 | EE34: =CE34 | EF34: ="SummonEnemy" -> SummonEnemy | EG34: =H34 | EI34: =CI34 | EJ34: =CG34 | EK34: =CM34 -> None | EL34: =CO34 | EM34: =CQ34 -> None | EN34: =CU34 | EO34: =CW34 -> None | EP34: =DA34 | EQ34: =DC34 -> None | ER34: =DG34 | ES34: =DI34 | ET34: =DK34 -> FALSE | EV34: =V34 -> Default | EW34: =X34 -> Normal | EX34: =AD34 -> 1 | EY34: =AH34 -> 1 | EZ34: ="1" -> 1 | FA34: =BS34 | FB34: 0 | FC34: =CK34 | FD34: =DM34 -> None | FE34: =DQ34
L35: =iferror(INDEX('ファントムマスター'!F:F,MATCH(H35,'ファントムマスター'!D:D,0),0),"none") -> none | P35: =iferror(INDEX('ファントムマスター'!H:H,MATCH(H35,'ファントムマスター'!D:D,0),0),"none") -> none | R35: =iferror(INDEX('ファントムマスター'!J:J,MATCH(H35,'ファントムマスター'!D:D,0),0),"none") -> none | T35: =iferror(INDEX('ファントムマスター'!I:I,MATCH(H35,'ファントムマスター'!D:D,0),0),"none") -> none | V35: Default | X35: Normal | AB35: =iferror(INDEX('ファントムマスター'!K:K,MATCH(H35,'ファントムマスター'!D:D,0),0)*AD35,"none") -> none | AD35: 1 | AF35: =iferror(INDEX('ファントムマスター'!O:O,MATCH(H35,'ファントムマスター'!D:D,0),0)*AH35,"none") -> none | AH35: 1 | AJ35: =iferror(right(INDEX('ファントムマスター'!T:T,MATCH(H35,'ファントムマスター'!D:D,0),0),4)*50,"none") -> none | AL35: =iferror(right(INDEX('ファントムマスター'!V:V,MATCH(H35,'ファントムマスター'!D:D,0),0),4),"none") -> none | AN35: =iferror(AF35*(50/(AJ35+AL35)),"攻撃力に数値を入力") -> 攻撃力に数値を入力 | AT35: =iferror(INDEX('ファントムマスター'!Y:Y,MATCH(H35,'ファントムマスター'!D:D,0),0),"none") -> none | AY35: =iferror(INDEX('ファントムマスター'!Z:Z,MATCH(H35,'ファントムマスター'!D:D,0),0),"none") -> none | BA35: =iferror(INDEX('ファントムマスター'!W:W,MATCH(H35,'ファントムマスター'!D:D,0),0)*50,"none") -> none | BC35: =iferror(INDEX('ファントムマスター'!AA:AA,MATCH(H35,'ファントムマスター'!D:D,0),0),"none") -> none | BE35: =iferror(INDEX('ファントムマスター'!M:M,MATCH(H35,'ファントムマスター'!D:D,0),0),"none") -> none | BG35: =iferror(INDEX('ファントムマスター'!N:N,MATCH(H35,'ファントムマスター'!D:D,0),0),"none") -> none | BI35: =iferror(INDEX('ファントムマスター'!P:P,MATCH(H35,'ファントムマスター'!D:D,0),0),"none") -> none | BK35: =iferror(INDEX('ファントムマスター'!Q:Q,MATCH(H35,'ファントムマスター'!D:D,0),0),"none") -> none | BM35: =iferror(INDEX('ファントムマスター'!R:R,MATCH(H35,'ファントムマスター'!D:D,0),0),"none") -> none | BO35: =iferror(INDEX('ファントムマスター'!L:L,MATCH(H35,'ファントムマスター'!D:D,0),0),"none") -> none | BQ35: =iferror(INDEX('ファントムマスター'!S:S,MATCH(H35,'ファントムマスター'!D:D,0),0),"none") -> none | CA35: 未入力 | CM35: None | CQ35: None | CW35: None | DC35: None | DK35: FALSE | DM35: None | EA35: =B35 | EB35: =D35 | EC35: =F35 | ED35: =CA35 -> 未入力 | EE35: =CE35 | EF35: ="SummonEnemy" -> SummonEnemy | EG35: =H35 | EI35: =CI35 | EJ35: =CG35 | EK35: =CM35 -> None | EL35: =CO35 | EM35: =CQ35 -> None | EN35: =CU35 | EO35: =CW35 -> None | EP35: =DA35 | EQ35: =DC35 -> None | ER35: =DG35 | ES35: =DI35 | ET35: =DK35 -> FALSE | EV35: =V35 -> Default | EW35: =X35 -> Normal | EX35: =AD35 -> 1 | EY35: =AH35 -> 1 | EZ35: ="1" -> 1 | FA35: =BS35 | FB35: 0 | FC35: =CK35 | FD35: =DM35 -> None | FE35: =DQ35
L36: =iferror(INDEX('ファントムマスター'!F:F,MATCH(H36,'ファントムマスター'!D:D,0),0),"none") -> none | P36: =iferror(INDEX('ファントムマスター'!H:H,MATCH(H36,'ファントムマスター'!D:D,0),0),"none") -> none | R36: =iferror(INDEX('ファントムマスター'!J:J,MATCH(H36,'ファントムマスター'!D:D,0),0),"none") -> none | T36: =iferror(INDEX('ファントムマスター'!I:I,MATCH(H36,'ファントムマスター'!D:D,0),0),"none") -> none | V36: Default | X36: Normal | AB36: =iferror(INDEX('ファントムマスター'!K:K,MATCH(H36,'ファントムマスター'!D:D,0),0)*AD36,"none") -> none | AD36: 1 | AF36: =iferror(INDEX('ファントムマスター'!O:O,MATCH(H36,'ファントムマスター'!D:D,0),0)*AH36,"none") -> none | AH36: 1 | AJ36: =iferror(right(INDEX('ファントムマスター'!T:T,MATCH(H36,'ファントムマスター'!D:D,0),0),4)*50,"none") -> none | AL36: =iferror(right(INDEX('ファントムマスター'!V:V,MATCH(H36,'ファントムマスター'!D:D,0),0),4),"none") -> none | AN36: =iferror(AF36*(50/(AJ36+AL36)),"攻撃力に数値を入力") -> 攻撃力に数値を入力 | AT36: =iferror(INDEX('ファントムマスター'!Y:Y,MATCH(H36,'ファントムマスター'!D:D,0),0),"none") -> none | AY36: =iferror(INDEX('ファントムマスター'!Z:Z,MATCH(H36,'ファントムマスター'!D:D,0),0),"none") -> none | BA36: =iferror(INDEX('ファントムマスター'!W:W,MATCH(H36,'ファントムマスター'!D:D,0),0)*50,"none") -> none | BC36: =iferror(INDEX('ファントムマスター'!AA:AA,MATCH(H36,'ファントムマスター'!D:D,0),0),"none") -> none | BE36: =iferror(INDEX('ファントムマスター'!M:M,MATCH(H36,'ファントムマスター'!D:D,0),0),"none") -> none | BG36: =iferror(INDEX('ファントムマスター'!N:N,MATCH(H36,'ファントムマスター'!D:D,0),0),"none") -> none | BI36: =iferror(INDEX('ファントムマスター'!P:P,MATCH(H36,'ファントムマスター'!D:D,0),0),"none") -> none | BK36: =iferror(INDEX('ファントムマスター'!Q:Q,MATCH(H36,'ファントムマスター'!D:D,0),0),"none") -> none | BM36: =iferror(INDEX('ファントムマスター'!R:R,MATCH(H36,'ファントムマスター'!D:D,0),0),"none") -> none | BO36: =iferror(INDEX('ファントムマスター'!L:L,MATCH(H36,'ファントムマスター'!D:D,0),0),"none") -> none | BQ36: =iferror(INDEX('ファントムマスター'!S:S,MATCH(H36,'ファントムマスター'!D:D,0),0),"none") -> none | CA36: 未入力 | CM36: None | CQ36: None | CW36: None | DC36: None | DK36: FALSE | DM36: None | EA36: =B36 | EB36: =D36 | EC36: =F36 | ED36: =CA36 -> 未入力 | EE36: =CE36 | EF36: ="SummonEnemy" -> SummonEnemy | EG36: =H36 | EI36: =CI36 | EJ36: =CG36 | EK36: =CM36 -> None | EL36: =CO36 | EM36: =CQ36 -> None | EN36: =CU36 | EO36: =CW36 -> None | EP36: =DA36 | EQ36: =DC36 -> None | ER36: =DG36 | ES36: =DI36 | ET36: =DK36 -> FALSE | EV36: =V36 -> Default | EW36: =X36 -> Normal | EX36: =AD36 -> 1 | EY36: =AH36 -> 1 | EZ36: ="1" -> 1 | FA36: =BS36 | FB36: 0 | FC36: =CK36 | FD36: =DM36 -> None | FE36: =DQ36
L37: =iferror(INDEX('ファントムマスター'!F:F,MATCH(H37,'ファントムマスター'!D:D,0),0),"none") -> none | P37: =iferror(INDEX('ファントムマスター'!H:H,MATCH(H37,'ファントムマスター'!D:D,0),0),"none") -> none | R37: =iferror(INDEX('ファントムマスター'!J:J,MATCH(H37,'ファントムマスター'!D:D,0),0),"none") -> none | T37: =iferror(INDEX('ファントムマスター'!I:I,MATCH(H37,'ファントムマスター'!D:D,0),0),"none") -> none | V37: Default | X37: Normal | AB37: =iferror(INDEX('ファントムマスター'!K:K,MATCH(H37,'ファントムマスター'!D:D,0),0)*AD37,"none") -> none | AD37: 1 | AF37: =iferror(INDEX('ファントムマスター'!O:O,MATCH(H37,'ファントムマスター'!D:D,0),0)*AH37,"none") -> none | AH37: 1 | AJ37: =iferror(right(INDEX('ファントムマスター'!T:T,MATCH(H37,'ファントムマスター'!D:D,0),0),4)*50,"none") -> none | AL37: =iferror(right(INDEX('ファントムマスター'!V:V,MATCH(H37,'ファントムマスター'!D:D,0),0),4),"none") -> none | AN37: =iferror(AF37*(50/(AJ37+AL37)),"攻撃力に数値を入力") -> 攻撃力に数値を入力 | AT37: =iferror(INDEX('ファントムマスター'!Y:Y,MATCH(H37,'ファントムマスター'!D:D,0),0),"none") -> none | AY37: =iferror(INDEX('ファントムマスター'!Z:Z,MATCH(H37,'ファントムマスター'!D:D,0),0),"none") -> none | BA37: =iferror(INDEX('ファントムマスター'!W:W,MATCH(H37,'ファントムマスター'!D:D,0),0)*50,"none") -> none | BC37: =iferror(INDEX('ファントムマスター'!AA:AA,MATCH(H37,'ファントムマスター'!D:D,0),0),"none") -> none | BE37: =iferror(INDEX('ファントムマスター'!M:M,MATCH(H37,'ファントムマスター'!D:D,0),0),"none") -> none | BG37: =iferror(INDEX('ファントムマスター'!N:N,MATCH(H37,'ファントムマスター'!D:D,0),0),"none") -> none | BI37: =iferror(INDEX('ファントムマスター'!P:P,MATCH(H37,'ファントムマスター'!D:D,0),0),"none") -> none | BK37: =iferror(INDEX('ファントムマスター'!Q:Q,MATCH(H37,'ファントムマスター'!D:D,0),0),"none") -> none | BM37: =iferror(INDEX('ファントムマスター'!R:R,MATCH(H37,'ファントムマスター'!D:D,0),0),"none") -> none | BO37: =iferror(INDEX('ファントムマスター'!L:L,MATCH(H37,'ファントムマスター'!D:D,0),0),"none") -> none | BQ37: =iferror(INDEX('ファントムマスター'!S:S,MATCH(H37,'ファントムマスター'!D:D,0),0),"none") -> none | CA37: 未入力 | CM37: None | CQ37: None | CW37: None | DC37: None | DK37: FALSE | DM37: None | EA37: =B37 | EB37: =D37 | EC37: =F37 | ED37: =CA37 -> 未入力 | EE37: =CE37 | EF37: ="SummonEnemy" -> SummonEnemy | EG37: =H37 | EI37: =CI37 | EJ37: =CG37 | EK37: =CM37 -> None | EL37: =CO37 | EM37: =CQ37 -> None | EN37: =CU37 | EO37: =CW37 -> None | EP37: =DA37 | EQ37: =DC37 -> None | ER37: =DG37 | ES37: =DI37 | ET37: =DK37 -> FALSE | EV37: =V37 -> Default | EW37: =X37 -> Normal | EX37: =AD37 -> 1 | EY37: =AH37 -> 1 | EZ37: ="1" -> 1 | FA37: =BS37 | FB37: 0 | FC37: =CK37 | FD37: =DM37 -> None | FE37: =DQ37
L38: =iferror(INDEX('ファントムマスター'!F:F,MATCH(H38,'ファントムマスター'!D:D,0),0),"none") -> none | P38: =iferror(INDEX('ファントムマスター'!H:H,MATCH(H38,'ファントムマスター'!D:D,0),0),"none") -> none | R38: =iferror(INDEX('ファントムマスター'!J:J,MATCH(H38,'ファントムマスター'!D:D,0),0),"none") -> none | T38: =iferror(INDEX('ファントムマスター'!I:I,MATCH(H38,'ファントムマスター'!D:D,0),0),"none") -> none | V38: Default | X38: Normal | AB38: =iferror(INDEX('ファントムマスター'!K:K,MATCH(H38,'ファントムマスター'!D:D,0),0)*AD38,"none") -> none | AD38: 1 | AF38: =iferror(INDEX('ファントムマスター'!O:O,MATCH(H38,'ファントムマスター'!D:D,0),0)*AH38,"none") -> none | AH38: 1 | AJ38: =iferror(right(INDEX('ファントムマスター'!T:T,MATCH(H38,'ファントムマスター'!D:D,0),0),4)*50,"none") -> none | AL38: =iferror(right(INDEX('ファントムマスター'!V:V,MATCH(H38,'ファントムマスター'!D:D,0),0),4),"none") -> none | AN38: =iferror(AF38*(50/(AJ38+AL38)),"攻撃力に数値を入力") -> 攻撃力に数値を入力 | AT38: =iferror(INDEX('ファントムマスター'!Y:Y,MATCH(H38,'ファントムマスター'!D:D,0),0),"none") -> none | AY38: =iferror(INDEX('ファントムマスター'!Z:Z,MATCH(H38,'ファントムマスター'!D:D,0),0),"none") -> none | BA38: =iferror(INDEX('ファントムマスター'!W:W,MATCH(H38,'ファントムマスター'!D:D,0),0)*50,"none") -> none | BC38: =iferror(INDEX('ファントムマスター'!AA:AA,MATCH(H38,'ファントムマスター'!D:D,0),0),"none") -> none | BE38: =iferror(INDEX('ファントムマスター'!M:M,MATCH(H38,'ファントムマスター'!D:D,0),0),"none") -> none | BG38: =iferror(INDEX('ファントムマスター'!N:N,MATCH(H38,'ファントムマスター'!D:D,0),0),"none") -> none | BI38: =iferror(INDEX('ファントムマスター'!P:P,MATCH(H38,'ファントムマスター'!D:D,0),0),"none") -> none | BK38: =iferror(INDEX('ファントムマスター'!Q:Q,MATCH(H38,'ファントムマスター'!D:D,0),0),"none") -> none | BM38: =iferror(INDEX('ファントムマスター'!R:R,MATCH(H38,'ファントムマスター'!D:D,0),0),"none") -> none | BO38: =iferror(INDEX('ファントムマスター'!L:L,MATCH(H38,'ファントムマスター'!D:D,0),0),"none") -> none | BQ38: =iferror(INDEX('ファントムマスター'!S:S,MATCH(H38,'ファントムマスター'!D:D,0),0),"none") -> none | CA38: 未入力 | CM38: None | CQ38: None | CW38: None | DC38: None | DK38: FALSE | DM38: None | EA38: =B38 | EB38: =D38 | EC38: =F38 | ED38: =CA38 -> 未入力 | EE38: =CE38 | EF38: ="SummonEnemy" -> SummonEnemy | EG38: =H38 | EI38: =CI38 | EJ38: =CG38 | EK38: =CM38 -> None | EL38: =CO38 | EM38: =CQ38 -> None | EN38: =CU38 | EO38: =CW38 -> None | EP38: =DA38 | EQ38: =DC38 -> None | ER38: =DG38 | ES38: =DI38 | ET38: =DK38 -> FALSE | EV38: =V38 -> Default | EW38: =X38 -> Normal | EX38: =AD38 -> 1 | EY38: =AH38 -> 1 | EZ38: ="1" -> 1 | FA38: =BS38 | FB38: 0 | FC38: =CK38 | FD38: =DM38 -> None | FE38: =DQ38
L39: =iferror(INDEX('ファントムマスター'!F:F,MATCH(H39,'ファントムマスター'!D:D,0),0),"none") -> none | P39: =iferror(INDEX('ファントムマスター'!H:H,MATCH(H39,'ファントムマスター'!D:D,0),0),"none") -> none | R39: =iferror(INDEX('ファントムマスター'!J:J,MATCH(H39,'ファントムマスター'!D:D,0),0),"none") -> none | T39: =iferror(INDEX('ファントムマスター'!I:I,MATCH(H39,'ファントムマスター'!D:D,0),0),"none") -> none | V39: Default | X39: Normal | AB39: =iferror(INDEX('ファントムマスター'!K:K,MATCH(H39,'ファントムマスター'!D:D,0),0)*AD39,"none") -> none | AD39: 1 | AF39: =iferror(INDEX('ファントムマスター'!O:O,MATCH(H39,'ファントムマスター'!D:D,0),0)*AH39,"none") -> none | AH39: 1 | AJ39: =iferror(right(INDEX('ファントムマスター'!T:T,MATCH(H39,'ファントムマスター'!D:D,0),0),4)*50,"none") -> none | AL39: =iferror(right(INDEX('ファントムマスター'!V:V,MATCH(H39,'ファントムマスター'!D:D,0),0),4),"none") -> none | AN39: =iferror(AF39*(50/(AJ39+AL39)),"攻撃力に数値を入力") -> 攻撃力に数値を入力 | AT39: =iferror(INDEX('ファントムマスター'!Y:Y,MATCH(H39,'ファントムマスター'!D:D,0),0),"none") -> none | AY39: =iferror(INDEX('ファントムマスター'!Z:Z,MATCH(H39,'ファントムマスター'!D:D,0),0),"none") -> none | BA39: =iferror(INDEX('ファントムマスター'!W:W,MATCH(H39,'ファントムマスター'!D:D,0),0)*50,"none") -> none | BC39: =iferror(INDEX('ファントムマスター'!AA:AA,MATCH(H39,'ファントムマスター'!D:D,0),0),"none") -> none | BE39: =iferror(INDEX('ファントムマスター'!M:M,MATCH(H39,'ファントムマスター'!D:D,0),0),"none") -> none | BG39: =iferror(INDEX('ファントムマスター'!N:N,MATCH(H39,'ファントムマスター'!D:D,0),0),"none") -> none | BI39: =iferror(INDEX('ファントムマスター'!P:P,MATCH(H39,'ファントムマスター'!D:D,0),0),"none") -> none | BK39: =iferror(INDEX('ファントムマスター'!Q:Q,MATCH(H39,'ファントムマスター'!D:D,0),0),"none") -> none | BM39: =iferror(INDEX('ファントムマスター'!R:R,MATCH(H39,'ファントムマスター'!D:D,0),0),"none") -> none | BO39: =iferror(INDEX('ファントムマスター'!L:L,MATCH(H39,'ファントムマスター'!D:D,0),0),"none") -> none | BQ39: =iferror(INDEX('ファントムマスター'!S:S,MATCH(H39,'ファントムマスター'!D:D,0),0),"none") -> none | CA39: 未入力 | CM39: None | CQ39: None | CW39: None | DC39: None | DK39: FALSE | DM39: None | EA39: =B39 | EB39: =D39 | EC39: =F39 | ED39: =CA39 -> 未入力 | EE39: =CE39 | EF39: ="SummonEnemy" -> SummonEnemy | EG39: =H39 | EI39: =CI39 | EJ39: =CG39 | EK39: =CM39 -> None | EL39: =CO39 | EM39: =CQ39 -> None | EN39: =CU39 | EO39: =CW39 -> None | EP39: =DA39 | EQ39: =DC39 -> None | ER39: =DG39 | ES39: =DI39 | ET39: =DK39 -> FALSE | EV39: =V39 -> Default | EW39: =X39 -> Normal | EX39: =AD39 -> 1 | EY39: =AH39 -> 1 | EZ39: ="1" -> 1 | FA39: =BS39 | FB39: 0 | FC39: =CK39 | FD39: =DM39 -> None | FE39: =DQ39
... L46: =iferror(INDEX('ファントムマスター'!F:F,MATCH(H46,'ファントムマスター'!D:D,0),0),"none") -> none | P46: =iferror(INDEX('ファントムマスター'!H:H,MATCH(H46,'ファントムマスター'!D:D,0),0),"none") -> none | R46: =iferror(INDEX('ファントムマスター'!J:J,MATCH(H46,'ファントムマスター'!D:D,0),0),"none") -> none | T46: =iferror(INDEX('ファントムマスター'!I:I,MATCH(H46,'ファントムマスター'!D:D,0),0),"none") -> none | V46: Default | X46: Normal | AB46: =iferror(INDEX('ファントムマスター'!K:K,MATCH(H46,'ファントムマスター'!D:D,0),0)*AD46,"none") -> none | AD46: 1 | AF46: =iferror(INDEX('ファントムマスター'!O:O,MATCH(H46,'ファントムマスター'!D:D,0),0)*AH46,"none") -> none | AH46: 1 | AJ46: =iferror(right(INDEX('ファントムマスター'!T:T,MATCH(H46,'ファントムマスター'!D:D,0),0),4)*50,"none") -> none | AL46: =iferror(right(INDEX('ファントムマスター'!V:V,MATCH(H46,'ファントムマスター'!D:D,0),0),4),"none") -> none | AN46: =iferror(AF46*(50/(AJ46+AL46)),"攻撃力に数値を入力") -> 攻撃力に数値を入力 | AT46: =iferror(INDEX('ファントムマスター'!Y:Y,MATCH(H46,'ファントムマスター'!D:D,0),0),"none") -> none | AY46: =iferror(INDEX('ファントムマスター'!Z:Z,MATCH(H46,'ファントムマスター'!D:D,0),0),"none") -> none | BA46: =iferror(INDEX('ファントムマスター'!W:W,MATCH(H46,'ファントムマスター'!D:D,0),0)*50,"none") -> none | BC46: =iferror(INDEX('ファントムマスター'!AA:AA,MATCH(H46,'ファントムマスター'!D:D,0),0),"none") -> none | BE46: =iferror(INDEX('ファントムマスター'!M:M,MATCH(H46,'ファントムマスター'!D:D,0),0),"none") -> none | BG46: =iferror(INDEX('ファントムマスター'!N:N,MATCH(H46,'ファントムマスター'!D:D,0),0),"none") -> none | BI46: =iferror(INDEX('ファントムマスター'!P:P,MATCH(H46,'ファントムマスター'!D:D,0),0),"none") -> none | BK46: =iferror(INDEX('ファントムマスター'!Q:Q,MATCH(H46,'ファントムマスター'!D:D,0),0),"none") -> none | BM46: =iferror(INDEX('ファントムマスター'!R:R,MATCH(H46,'ファントムマスター'!D:D,0),0),"none") -> none | BO46: =iferror(INDEX('ファントムマスター'!L:L,MATCH(H46,'ファントムマスター'!D:D,0),0),"none") -> none | BQ46: =iferror(INDEX('ファントムマスター'!S:S,MATCH(H46,'ファントムマスター'!D:D,0),0),"none") -> none | CA46: 未入力 | CM46: None | CQ46: None | CW46: None | DC46: None | DK46: FALSE | DM46: None | EA46: =B46 | EB46: =D46 | EC46: =F46 | ED46: =CA46 -> 未入力 | EE46: =CE46 | EF46: ="SummonEnemy" -> SummonEnemy | EG46: =H46 | EI46: =CI46 | EJ46: =CG46 | EK46: =CM46 -> None | EL46: =CO46 | EM46: =CQ46 -> None | EN46: =CU46 | EO46: =CW46 -> None | EP46: =DA46 | EQ46: =DC46 -> None | ER46: =DG46 | ES46: =DI46 | ET46: =DK46 -> FALSE | EV46: =V46 -> Default | EW46: =X46 -> Normal | EX46: =AD46 -> 1 | EY46: =AH46 -> 1 | EZ46: ="1" -> 1 | FA46: =BS46 | FB46: 0 | FC46: =CK46 | FD46: =DM46 -> None | FE46: =DQ46

Sheet ボスブロック
B1: ボスブロック_SPY×FAMILY
B3: ■基礎情報
B5: ステージコンセプト
B6: SPY×FAMILYの「ロイド」を強敵オーラを付けて登場させます。 体力は50000ほど、攻撃は15000、移動速度は少し速い、必殺ワザの使用はあり。
B10: BGM
B11: ファイル名
E12: ⇩チュートリアルの敵原画固定 | K12: ⇩100固定
B13: 味方ゲートID | E13: 敵ゲートID | H13: 敵ゲートasset | K13: 敵ゲートHP | N13: リリースキー
B14: default | E14: 入力してね | H14: 入力してね | K14: 1000 | N14: 入力してね
B16: ■コマ設計
B18: 行数 | D18: 行パターンID | F18: コマ数 | H18: コマ高さ | J18: コマ幅1 | L18: コマ幅2 | N18: コマ幅3 | P18: コマ幅4 | U18: コマ効果1 | Z18: 効果時間 | AB18: 効果数値 | AD18: コマ効果2 | AI18: 効果時間 | AK18: 効果数値 | AM18: コマ効果3 | AR18: 効果時間 | AT18: 効果数値 | AV18: コマ効果4 | BA18: 効果時間 | BC18: 効果数値
B19: 1行目 | D19: 1 | F19: =iferror(vlookup(D19,'行パターン'!$A$2:$C46,2,false),"error") -> error | H19: 0.55 | J19: {=iferror(INDEX('行パターン'!D:D,MATCH(D19,'行パターン'!A:A,0),0),"error")} -> error | L19: {=iferror(if(sum(J19)=1,"none",INDEX('行パターン'!E:E,MATCH($D19,'行パターン'!$A:$A,0),0)),"")} | N19: {=iferror(if(sum(J19:M19)=1,"none",INDEX('行パターン'!F:F,MATCH($D19,'行パターン'!$A:$A,0),0)),"")} | P19: {=iferror(if(sum(J19:O19)=1,"none",INDEX('行パターン'!G:G,MATCH($D19,'行パターン'!$A:$A,0),0)),"")}
B20: ※ボスブロックは1行(フロア)固定
B22: ■Enemyシーケンス | F22: ※コピペして使用
B24: sequence _group_id | D24: sequence_ element_id | F24: priority_sequence_element_id | H24: Enemy_ID | L24: ファントム名 | P24: unit_kind | R24: 属性 | T24: ロール | V24: オーラタイプ | X24: 死亡タイプ | Z24: 必殺ワザ有無 | AB24: 体力 | AD24: 体力係数 | AF24: 攻撃力 | AH24: 攻撃係数 | AJ24: 通常攻撃F | AL24: 通常攻撃CDF | AN24: 通常攻撃DPS | AP24: 通常攻撃備考 | AT24: 必殺技内容 | AY24: 必殺発動回数 | BA24: 必殺技F(秒) | BC24: 特性 | BE24: 移動速度 | BG24: well_distance | BI24: start_range | BK24: end_range | BM24: 攻撃範囲 | BO24: KB回数 | BQ24: 撃破p | BS24: 上書き撃破p | BU24: 変身先ID | BW24: 変身条件1 | BY24: 変身条件2 | CA24: 出撃条件 condition_type | CE24: 出撃開始値 condition_value | CG24: 出撃間隔値 summon_interval | CI24: 召喚回数 summon_count | CK24: アクション遅延 action_delay | CM24: 出撃 アニメーション | CO24: 召喚pos summon_position | CQ24: 移動開始条件 move_start_condition_type | CU24: 移動開始値 condition_value | CW24: 移動停止条件 move_stop_condition_type | DA24: 移動停止値 | DC24: 移動再スタート条件 move_restart_condition_type | DG24: 移動再スタート値 | DI24: 再スタート回数 move_loop_count | DK24: ゲート無敵化 | DM24: 出現停止条件 | DQ24: 停止条件値 | DS24: 備考 | EA24: sequence_group_id | EB24: sequence_element_id | EC24: priority_sequence_element_id | ED24: condition_type | EE24: condition_value | EF24: action_type | EG24: action_value | EH24: action_value2 | EI24: summon_count | EJ24: summon_interval | EK24: summon_animation_type | EL24: summon_position | EM24: move_start_condition_type | EN24: move_start_condition_value | EO24: move_stop_condition_type | EP24: move_stop_condition_value | EQ24: move_restart_condition_type | ER24: move_restart_condition_value | ES24: move_loop_count | ET24: is_summon_unit_outpost_damage_invalidation | EU24: last_boss_trigger | EV24: aura_type | EW24: death_type | EX24: enemy_hp_coef | EY24: enemy_attack_coef | EZ24: enemy_speed_coef | FA24: override_drop_battle_point | FB24: defeated_score | FC24: action_delay | FD24: deactivation_condition_type | FE24: deactivation_condition_value
D25: 1 | H25: c_spy_00101_general_n_Boss_Blue | L25: {=iferror(INDEX('ファントムマスター'!F:F,MATCH(H25,'ファントムマスター'!D:D,0),0),"error")} -> error | P25: =iferror(INDEX('ファントムマスター'!H:H,MATCH(H25,'ファントムマスター'!D:D,0),0),"none") -> none | R25: =iferror(INDEX('ファントムマスター'!J:J,MATCH(H25,'ファントムマスター'!D:D,0),0),"none") -> none | T25: =iferror(INDEX('ファントムマスター'!I:I,MATCH(H25,'ファントムマスター'!D:D,0),0),"none") -> none | V25: Default | X25: Normal | AB25: =iferror(INDEX('ファントムマスター'!K:K,MATCH(H25,'ファントムマスター'!D:D,0),0)*AD25,"none") -> none | AD25: 1 | AF25: =iferror(INDEX('ファントムマスター'!O:O,MATCH(H25,'ファントムマスター'!D:D,0),0)*AH25,"none") -> none | AH25: 1 | AJ25: =iferror(right(INDEX('ファントムマスター'!T:T,MATCH(H25,'ファントムマスター'!D:D,0),0),4)*50,"none") -> none | AL25: =iferror(right(INDEX('ファントムマスター'!V:V,MATCH(H25,'ファントムマスター'!D:D,0),0),4),"none") -> none | AN25: =iferror(AF25*(50/(AJ25+AL25)),"攻撃力に数値を入力") -> 攻撃力に数値を入力 | AT25: =iferror(INDEX('ファントムマスター'!Y:Y,MATCH(H25,'ファントムマスター'!D:D,0),0),"none") -> none | AY25: =iferror(INDEX('ファントムマスター'!Z:Z,MATCH(H25,'ファントムマスター'!D:D,0),0),"none") -> none | BA25: =iferror(INDEX('ファントムマスター'!W:W,MATCH(H25,'ファントムマスター'!D:D,0),0)*50,"none") -> none | BC25: =iferror(INDEX('ファントムマスター'!AA:AA,MATCH(H25,'ファントムマスター'!D:D,0),0),"none") -> none | BE25: =iferror(INDEX('ファントムマスター'!M:M,MATCH(H25,'ファントムマスター'!D:D,0),0),"none") -> none | BG25: =iferror(INDEX('ファントムマスター'!N:N,MATCH(H25,'ファントムマスター'!D:D,0),0),"none") -> none | BI25: =iferror(INDEX('ファントムマスター'!P:P,MATCH(H25,'ファントムマスター'!D:D,0),0),"none") -> none | BK25: =iferror(INDEX('ファントムマスター'!Q:Q,MATCH(H25,'ファントムマスター'!D:D,0),0),"none") -> none | BM25: =iferror(INDEX('ファントムマスター'!R:R,MATCH(H25,'ファントムマスター'!D:D,0),0),"none") -> none | BO25: =iferror(INDEX('ファントムマスター'!L:L,MATCH(H25,'ファントムマスター'!D:D,0),0),"none") -> none | BQ25: =iferror(INDEX('ファントムマスター'!S:S,MATCH(H25,'ファントムマスター'!D:D,0),0),"none") -> none | CA25: 未入力 | CE25: 1 | CG25: 10 | CI25: 99 | CM25: None | CQ25: None | CW25: None | DC25: None | DK25: FALSE | DM25: None | EA25: =B25 | EB25: =D25 -> 1 | EC25: =F25 | ED25: =CA25 -> 未入力 | EE25: =CE25 -> 1 | EF25: ="SummonEnemy" -> SummonEnemy | EG25: =H25 -> c_spy_00101_general_n_Boss_Blue | EI25: =CI25 -> 99 | EJ25: =CG25 -> 10 | EK25: =CM25 -> None | EL25: =CO25 | EM25: =CQ25 -> None | EN25: =CU25 | EO25: =CW25 -> None | EP25: =DA25 | EQ25: =DC25 -> None | ER25: =DG25 | ES25: =DI25 | ET25: =DK25 -> FALSE | EV25: =V25 -> Default | EW25: =X25 -> Normal | EX25: =AD25 -> 1 | EY25: =AH25 -> 1 | EZ25: ="1" -> 1 | FA25: =BS25 | FB25: 0 | FC25: =CK25 | FD25: =DM25 -> None | FE25: =DQ25
L26: =iferror(INDEX('ファントムマスター'!F:F,MATCH(H26,'ファントムマスター'!D:D,0),0),"none") -> none | P26: =iferror(INDEX('ファントムマスター'!H:H,MATCH(H26,'ファントムマスター'!D:D,0),0),"none") -> none | R26: =iferror(INDEX('ファントムマスター'!J:J,MATCH(H26,'ファントムマスター'!D:D,0),0),"none") -> none | T26: =iferror(INDEX('ファントムマスター'!I:I,MATCH(H26,'ファントムマスター'!D:D,0),0),"none") -> none | V26: Default | X26: Normal | AB26: =iferror(INDEX('ファントムマスター'!K:K,MATCH(H26,'ファントムマスター'!D:D,0),0)*AD26,"none") -> none | AD26: 1 | AF26: =iferror(INDEX('ファントムマスター'!O:O,MATCH(H26,'ファントムマスター'!D:D,0),0)*AH26,"none") -> none | AH26: 1 | AJ26: =iferror(right(INDEX('ファントムマスター'!T:T,MATCH(H26,'ファントムマスター'!D:D,0),0),4)*50,"none") -> none | AL26: =iferror(right(INDEX('ファントムマスター'!V:V,MATCH(H26,'ファントムマスター'!D:D,0),0),4),"none") -> none | AN26: =iferror(AF26*(50/(AJ26+AL26)),"攻撃力に数値を入力") -> 攻撃力に数値を入力 | AT26: =iferror(INDEX('ファントムマスター'!Y:Y,MATCH(H26,'ファントムマスター'!D:D,0),0),"none") -> none | AY26: =iferror(INDEX('ファントムマスター'!Z:Z,MATCH(H26,'ファントムマスター'!D:D,0),0),"none") -> none | BA26: =iferror(INDEX('ファントムマスター'!W:W,MATCH(H26,'ファントムマスター'!D:D,0),0)*50,"none") -> none | BC26: =iferror(INDEX('ファントムマスター'!AA:AA,MATCH(H26,'ファントムマスター'!D:D,0),0),"none") -> none | BE26: =iferror(INDEX('ファントムマスター'!M:M,MATCH(H26,'ファントムマスター'!D:D,0),0),"none") -> none | BG26: =iferror(INDEX('ファントムマスター'!N:N,MATCH(H26,'ファントムマスター'!D:D,0),0),"none") -> none | BI26: =iferror(INDEX('ファントムマスター'!P:P,MATCH(H26,'ファントムマスター'!D:D,0),0),"none") -> none | BK26: =iferror(INDEX('ファントムマスター'!Q:Q,MATCH(H26,'ファントムマスター'!D:D,0),0),"none") -> none | BM26: =iferror(INDEX('ファントムマスター'!R:R,MATCH(H26,'ファントムマスター'!D:D,0),0),"none") -> none | BO26: =iferror(INDEX('ファントムマスター'!L:L,MATCH(H26,'ファントムマスター'!D:D,0),0),"none") -> none | BQ26: =iferror(INDEX('ファントムマスター'!S:S,MATCH(H26,'ファントムマスター'!D:D,0),0),"none") -> none | CA26: 未入力 | CM26: None | CQ26: None | CW26: None | DC26: None | DK26: FALSE | DM26: None | EA26: =B26 | EB26: =D26 | EC26: =F26 | ED26: =CA26 -> 未入力 | EE26: =CE26 | EF26: ="SummonEnemy" -> SummonEnemy | EG26: =H26 | EI26: =CI26 | EJ26: =CG26 | EK26: =CM26 -> None | EL26: =CO26 | EM26: =CQ26 -> None | EN26: =CU26 | EO26: =CW26 -> None | EP26: =DA26 | EQ26: =DC26 -> None | ER26: =DG26 | ES26: =DI26 | ET26: =DK26 -> FALSE | EV26: =V26 -> Default | EW26: =X26 -> Normal | EX26: =AD26 -> 1 | EY26: =AH26 -> 1 | EZ26: ="1" -> 1 | FA26: =BS26 | FB26: 0 | FC26: =CK26 | FD26: =DM26 -> None | FE26: =DQ26
L27: =iferror(INDEX('ファントムマスター'!F:F,MATCH(H27,'ファントムマスター'!D:D,0),0),"none") -> none | P27: =iferror(INDEX('ファントムマスター'!H:H,MATCH(H27,'ファントムマスター'!D:D,0),0),"none") -> none | R27: =iferror(INDEX('ファントムマスター'!J:J,MATCH(H27,'ファントムマスター'!D:D,0),0),"none") -> none | T27: =iferror(INDEX('ファントムマスター'!I:I,MATCH(H27,'ファントムマスター'!D:D,0),0),"none") -> none | V27: Default | X27: Normal | AB27: =iferror(INDEX('ファントムマスター'!K:K,MATCH(H27,'ファントムマスター'!D:D,0),0)*AD27,"none") -> none | AD27: 1 | AF27: =iferror(INDEX('ファントムマスター'!O:O,MATCH(H27,'ファントムマスター'!D:D,0),0)*AH27,"none") -> none | AH27: 1 | AJ27: =iferror(right(INDEX('ファントムマスター'!T:T,MATCH(H27,'ファントムマスター'!D:D,0),0),4)*50,"none") -> none | AL27: =iferror(right(INDEX('ファントムマスター'!V:V,MATCH(H27,'ファントムマスター'!D:D,0),0),4),"none") -> none | AN27: =iferror(AF27*(50/(AJ27+AL27)),"攻撃力に数値を入力") -> 攻撃力に数値を入力 | AT27: =iferror(INDEX('ファントムマスター'!Y:Y,MATCH(H27,'ファントムマスター'!D:D,0),0),"none") -> none | AY27: =iferror(INDEX('ファントムマスター'!Z:Z,MATCH(H27,'ファントムマスター'!D:D,0),0),"none") -> none | BA27: =iferror(INDEX('ファントムマスター'!W:W,MATCH(H27,'ファントムマスター'!D:D,0),0)*50,"none") -> none | BC27: =iferror(INDEX('ファントムマスター'!AA:AA,MATCH(H27,'ファントムマスター'!D:D,0),0),"none") -> none | BE27: =iferror(INDEX('ファントムマスター'!M:M,MATCH(H27,'ファントムマスター'!D:D,0),0),"none") -> none | BG27: =iferror(INDEX('ファントムマスター'!N:N,MATCH(H27,'ファントムマスター'!D:D,0),0),"none") -> none | BI27: =iferror(INDEX('ファントムマスター'!P:P,MATCH(H27,'ファントムマスター'!D:D,0),0),"none") -> none | BK27: =iferror(INDEX('ファントムマスター'!Q:Q,MATCH(H27,'ファントムマスター'!D:D,0),0),"none") -> none | BM27: =iferror(INDEX('ファントムマスター'!R:R,MATCH(H27,'ファントムマスター'!D:D,0),0),"none") -> none | BO27: =iferror(INDEX('ファントムマスター'!L:L,MATCH(H27,'ファントムマスター'!D:D,0),0),"none") -> none | BQ27: =iferror(INDEX('ファントムマスター'!S:S,MATCH(H27,'ファントムマスター'!D:D,0),0),"none") -> none | CA27: 未入力 | CM27: None | CQ27: None | CW27: None | DC27: None | DK27: FALSE | DM27: None | EA27: =B27 | EB27: =D27 | EC27: =F27 | ED27: =CA27 -> 未入力 | EE27: =CE27 | EF27: ="SummonEnemy" -> SummonEnemy | EG27: =H27 | EI27: =CI27 | EJ27: =CG27 | EK27: =CM27 -> None | EL27: =CO27 | EM27: =CQ27 -> None | EN27: =CU27 | EO27: =CW27 -> None | EP27: =DA27 | EQ27: =DC27 -> None | ER27: =DG27 | ES27: =DI27 | ET27: =DK27 -> FALSE | EV27: =V27 -> Default | EW27: =X27 -> Normal | EX27: =AD27 -> 1 | EY27: =AH27 -> 1 | EZ27: ="1" -> 1 | FA27: =BS27 | FB27: 0 | FC27: =CK27 | FD27: =DM27 -> None | FE27: =DQ27
L28: =iferror(INDEX('ファントムマスター'!F:F,MATCH(H28,'ファントムマスター'!D:D,0),0),"none") -> none | P28: =iferror(INDEX('ファントムマスター'!H:H,MATCH(H28,'ファントムマスター'!D:D,0),0),"none") -> none | R28: =iferror(INDEX('ファントムマスター'!J:J,MATCH(H28,'ファントムマスター'!D:D,0),0),"none") -> none | T28: =iferror(INDEX('ファントムマスター'!I:I,MATCH(H28,'ファントムマスター'!D:D,0),0),"none") -> none | V28: Default | X28: Normal | AB28: =iferror(INDEX('ファントムマスター'!K:K,MATCH(H28,'ファントムマスター'!D:D,0),0)*AD28,"none") -> none | AD28: 1 | AF28: =iferror(INDEX('ファントムマスター'!O:O,MATCH(H28,'ファントムマスター'!D:D,0),0)*AH28,"none") -> none | AH28: 1 | AJ28: =iferror(right(INDEX('ファントムマスター'!T:T,MATCH(H28,'ファントムマスター'!D:D,0),0),4)*50,"none") -> none | AL28: =iferror(right(INDEX('ファントムマスター'!V:V,MATCH(H28,'ファントムマスター'!D:D,0),0),4),"none") -> none | AN28: =iferror(AF28*(50/(AJ28+AL28)),"攻撃力に数値を入力") -> 攻撃力に数値を入力 | AT28: =iferror(INDEX('ファントムマスター'!Y:Y,MATCH(H28,'ファントムマスター'!D:D,0),0),"none") -> none | AY28: =iferror(INDEX('ファントムマスター'!Z:Z,MATCH(H28,'ファントムマスター'!D:D,0),0),"none") -> none | BA28: =iferror(INDEX('ファントムマスター'!W:W,MATCH(H28,'ファントムマスター'!D:D,0),0)*50,"none") -> none | BC28: =iferror(INDEX('ファントムマスター'!AA:AA,MATCH(H28,'ファントムマスター'!D:D,0),0),"none") -> none | BE28: =iferror(INDEX('ファントムマスター'!M:M,MATCH(H28,'ファントムマスター'!D:D,0),0),"none") -> none | BG28: =iferror(INDEX('ファントムマスター'!N:N,MATCH(H28,'ファントムマスター'!D:D,0),0),"none") -> none | BI28: =iferror(INDEX('ファントムマスター'!P:P,MATCH(H28,'ファントムマスター'!D:D,0),0),"none") -> none | BK28: =iferror(INDEX('ファントムマスター'!Q:Q,MATCH(H28,'ファントムマスター'!D:D,0),0),"none") -> none | BM28: =iferror(INDEX('ファントムマスター'!R:R,MATCH(H28,'ファントムマスター'!D:D,0),0),"none") -> none | BO28: =iferror(INDEX('ファントムマスター'!L:L,MATCH(H28,'ファントムマスター'!D:D,0),0),"none") -> none | BQ28: =iferror(INDEX('ファントムマスター'!S:S,MATCH(H28,'ファントムマスター'!D:D,0),0),"none") -> none | CA28: 未入力 | CM28: None | CQ28: None | CW28: None | DC28: None | DK28: FALSE | DM28: None | EA28: =B28 | EB28: =D28 | EC28: =F28 | ED28: =CA28 -> 未入力 | EE28: =CE28 | EF28: ="SummonEnemy" -> SummonEnemy | EG28: =H28 | EI28: =CI28 | EJ28: =CG28 | EK28: =CM28 -> None | EL28: =CO28 | EM28: =CQ28 -> None | EN28: =CU28 | EO28: =CW28 -> None | EP28: =DA28 | EQ28: =DC28 -> None | ER28: =DG28 | ES28: =DI28 | ET28: =DK28 -> FALSE | EV28: =V28 -> Default | EW28: =X28 -> Normal | EX28: =AD28 -> 1 | EY28: =AH28 -> 1 | EZ28: ="1" -> 1 | FA28: =BS28 | FB28: 0 | FC28: =CK28 | FD28: =DM28 -> None | FE28: =DQ28
L29: =iferror(INDEX('ファントムマスター'!F:F,MATCH(H29,'ファントムマスター'!D:D,0),0),"none") -> none | P29: =iferror(INDEX('ファントムマスター'!H:H,MATCH(H29,'ファントムマスター'!D:D,0),0),"none") -> none | R29: =iferror(INDEX('ファントムマスター'!J:J,MATCH(H29,'ファントムマスター'!D:D,0),0),"none") -> none | T29: =iferror(INDEX('ファントムマスター'!I:I,MATCH(H29,'ファントムマスター'!D:D,0),0),"none") -> none | V29: Default | X29: Normal | AB29: =iferror(INDEX('ファントムマスター'!K:K,MATCH(H29,'ファントムマスター'!D:D,0),0)*AD29,"none") -> none | AD29: 1 | AF29: =iferror(INDEX('ファントムマスター'!O:O,MATCH(H29,'ファントムマスター'!D:D,0),0)*AH29,"none") -> none | AH29: 1 | AJ29: =iferror(right(INDEX('ファントムマスター'!T:T,MATCH(H29,'ファントムマスター'!D:D,0),0),4)*50,"none") -> none | AL29: =iferror(right(INDEX('ファントムマスター'!V:V,MATCH(H29,'ファントムマスター'!D:D,0),0),4),"none") -> none | AN29: =iferror(AF29*(50/(AJ29+AL29)),"攻撃力に数値を入力") -> 攻撃力に数値を入力 | AT29: =iferror(INDEX('ファントムマスター'!Y:Y,MATCH(H29,'ファントムマスター'!D:D,0),0),"none") -> none | AY29: =iferror(INDEX('ファントムマスター'!Z:Z,MATCH(H29,'ファントムマスター'!D:D,0),0),"none") -> none | BA29: =iferror(INDEX('ファントムマスター'!W:W,MATCH(H29,'ファントムマスター'!D:D,0),0)*50,"none") -> none | BC29: =iferror(INDEX('ファントムマスター'!AA:AA,MATCH(H29,'ファントムマスター'!D:D,0),0),"none") -> none | BE29: =iferror(INDEX('ファントムマスター'!M:M,MATCH(H29,'ファントムマスター'!D:D,0),0),"none") -> none | BG29: =iferror(INDEX('ファントムマスター'!N:N,MATCH(H29,'ファントムマスター'!D:D,0),0),"none") -> none | BI29: =iferror(INDEX('ファントムマスター'!P:P,MATCH(H29,'ファントムマスター'!D:D,0),0),"none") -> none | BK29: =iferror(INDEX('ファントムマスター'!Q:Q,MATCH(H29,'ファントムマスター'!D:D,0),0),"none") -> none | BM29: =iferror(INDEX('ファントムマスター'!R:R,MATCH(H29,'ファントムマスター'!D:D,0),0),"none") -> none | BO29: =iferror(INDEX('ファントムマスター'!L:L,MATCH(H29,'ファントムマスター'!D:D,0),0),"none") -> none | BQ29: =iferror(INDEX('ファントムマスター'!S:S,MATCH(H29,'ファントムマスター'!D:D,0),0),"none") -> none | CA29: 未入力 | CM29: None | CQ29: None | CW29: None | DC29: None | DK29: FALSE | DM29: None | EA29: =B29 | EB29: =D29 | EC29: =F29 | ED29: =CA29 -> 未入力 | EE29: =CE29 | EF29: ="SummonEnemy" -> SummonEnemy | EG29: =H29 | EI29: =CI29 | EJ29: =CG29 | EK29: =CM29 -> None | EL29: =CO29 | EM29: =CQ29 -> None | EN29: =CU29 | EO29: =CW29 -> None | EP29: =DA29 | EQ29: =DC29 -> None | ER29: =DG29 | ES29: =DI29 | ET29: =DK29 -> FALSE | EV29: =V29 -> Default | EW29: =X29 -> Normal | EX29: =AD29 -> 1 | EY29: =AH29 -> 1 | EZ29: ="1" -> 1 | FA29: =BS29 | FB29: 0 | FC29: =CK29 | FD29: =DM29 -> None | FE29: =DQ29
L30: =iferror(INDEX('ファントムマスター'!F:F,MATCH(H30,'ファントムマスター'!D:D,0),0),"none") -> none | P30: =iferror(INDEX('ファントムマスター'!H:H,MATCH(H30,'ファントムマスター'!D:D,0),0),"none") -> none | R30: =iferror(INDEX('ファントムマスター'!J:J,MATCH(H30,'ファントムマスター'!D:D,0),0),"none") -> none | T30: =iferror(INDEX('ファントムマスター'!I:I,MATCH(H30,'ファントムマスター'!D:D,0),0),"none") -> none | V30: Default | X30: Normal | AB30: =iferror(INDEX('ファントムマスター'!K:K,MATCH(H30,'ファントムマスター'!D:D,0),0)*AD30,"none") -> none | AD30: 1 | AF30: =iferror(INDEX('ファントムマスター'!O:O,MATCH(H30,'ファントムマスター'!D:D,0),0)*AH30,"none") -> none | AH30: 1 | AJ30: =iferror(right(INDEX('ファントムマスター'!T:T,MATCH(H30,'ファントムマスター'!D:D,0),0),4)*50,"none") -> none | AL30: =iferror(right(INDEX('ファントムマスター'!V:V,MATCH(H30,'ファントムマスター'!D:D,0),0),4),"none") -> none | AN30: =iferror(AF30*(50/(AJ30+AL30)),"攻撃力に数値を入力") -> 攻撃力に数値を入力 | AT30: =iferror(INDEX('ファントムマスター'!Y:Y,MATCH(H30,'ファントムマスター'!D:D,0),0),"none") -> none | AY30: =iferror(INDEX('ファントムマスター'!Z:Z,MATCH(H30,'ファントムマスター'!D:D,0),0),"none") -> none | BA30: =iferror(INDEX('ファントムマスター'!W:W,MATCH(H30,'ファントムマスター'!D:D,0),0)*50,"none") -> none | BC30: =iferror(INDEX('ファントムマスター'!AA:AA,MATCH(H30,'ファントムマスター'!D:D,0),0),"none") -> none | BE30: =iferror(INDEX('ファントムマスター'!M:M,MATCH(H30,'ファントムマスター'!D:D,0),0),"none") -> none | BG30: =iferror(INDEX('ファントムマスター'!N:N,MATCH(H30,'ファントムマスター'!D:D,0),0),"none") -> none | BI30: =iferror(INDEX('ファントムマスター'!P:P,MATCH(H30,'ファントムマスター'!D:D,0),0),"none") -> none | BK30: =iferror(INDEX('ファントムマスター'!Q:Q,MATCH(H30,'ファントムマスター'!D:D,0),0),"none") -> none | BM30: =iferror(INDEX('ファントムマスター'!R:R,MATCH(H30,'ファントムマスター'!D:D,0),0),"none") -> none | BO30: =iferror(INDEX('ファントムマスター'!L:L,MATCH(H30,'ファントムマスター'!D:D,0),0),"none") -> none | BQ30: =iferror(INDEX('ファントムマスター'!S:S,MATCH(H30,'ファントムマスター'!D:D,0),0),"none") -> none | CA30: 未入力 | CM30: None | CQ30: None | CW30: None | DC30: None | DK30: FALSE | DM30: None | EA30: =B30 | EB30: =D30 | EC30: =F30 | ED30: =CA30 -> 未入力 | EE30: =CE30 | EF30: ="SummonEnemy" -> SummonEnemy | EG30: =H30 | EI30: =CI30 | EJ30: =CG30 | EK30: =CM30 -> None | EL30: =CO30 | EM30: =CQ30 -> None | EN30: =CU30 | EO30: =CW30 -> None | EP30: =DA30 | EQ30: =DC30 -> None | ER30: =DG30 | ES30: =DI30 | ET30: =DK30 -> FALSE | EV30: =V30 -> Default | EW30: =X30 -> Normal | EX30: =AD30 -> 1 | EY30: =AH30 -> 1 | EZ30: ="1" -> 1 | FA30: =BS30 | FB30: 0 | FC30: =CK30 | FD30: =DM30 -> None | FE30: =DQ30
L31: =iferror(INDEX('ファントムマスター'!F:F,MATCH(H31,'ファントムマスター'!D:D,0),0),"none") -> none | P31: =iferror(INDEX('ファントムマスター'!H:H,MATCH(H31,'ファントムマスター'!D:D,0),0),"none") -> none | R31: =iferror(INDEX('ファントムマスター'!J:J,MATCH(H31,'ファントムマスター'!D:D,0),0),"none") -> none | T31: =iferror(INDEX('ファントムマスター'!I:I,MATCH(H31,'ファントムマスター'!D:D,0),0),"none") -> none | V31: Default | X31: Normal | AB31: =iferror(INDEX('ファントムマスター'!K:K,MATCH(H31,'ファントムマスター'!D:D,0),0)*AD31,"none") -> none | AD31: 1 | AF31: =iferror(INDEX('ファントムマスター'!O:O,MATCH(H31,'ファントムマスター'!D:D,0),0)*AH31,"none") -> none | AH31: 1 | AJ31: =iferror(right(INDEX('ファントムマスター'!T:T,MATCH(H31,'ファントムマスター'!D:D,0),0),4)*50,"none") -> none | AL31: =iferror(right(INDEX('ファントムマスター'!V:V,MATCH(H31,'ファントムマスター'!D:D,0),0),4),"none") -> none | AN31: =iferror(AF31*(50/(AJ31+AL31)),"攻撃力に数値を入力") -> 攻撃力に数値を入力 | AT31: =iferror(INDEX('ファントムマスター'!Y:Y,MATCH(H31,'ファントムマスター'!D:D,0),0),"none") -> none | AY31: =iferror(INDEX('ファントムマスター'!Z:Z,MATCH(H31,'ファントムマスター'!D:D,0),0),"none") -> none | BA31: =iferror(INDEX('ファントムマスター'!W:W,MATCH(H31,'ファントムマスター'!D:D,0),0)*50,"none") -> none | BC31: =iferror(INDEX('ファントムマスター'!AA:AA,MATCH(H31,'ファントムマスター'!D:D,0),0),"none") -> none | BE31: =iferror(INDEX('ファントムマスター'!M:M,MATCH(H31,'ファントムマスター'!D:D,0),0),"none") -> none | BG31: =iferror(INDEX('ファントムマスター'!N:N,MATCH(H31,'ファントムマスター'!D:D,0),0),"none") -> none | BI31: =iferror(INDEX('ファントムマスター'!P:P,MATCH(H31,'ファントムマスター'!D:D,0),0),"none") -> none | BK31: =iferror(INDEX('ファントムマスター'!Q:Q,MATCH(H31,'ファントムマスター'!D:D,0),0),"none") -> none | BM31: =iferror(INDEX('ファントムマスター'!R:R,MATCH(H31,'ファントムマスター'!D:D,0),0),"none") -> none | BO31: =iferror(INDEX('ファントムマスター'!L:L,MATCH(H31,'ファントムマスター'!D:D,0),0),"none") -> none | BQ31: =iferror(INDEX('ファントムマスター'!S:S,MATCH(H31,'ファントムマスター'!D:D,0),0),"none") -> none | CA31: 未入力 | CM31: None | CQ31: None | CW31: None | DC31: None | DK31: FALSE | DM31: None | EA31: =B31 | EB31: =D31 | EC31: =F31 | ED31: =CA31 -> 未入力 | EE31: =CE31 | EF31: ="SummonEnemy" -> SummonEnemy | EG31: =H31 | EI31: =CI31 | EJ31: =CG31 | EK31: =CM31 -> None | EL31: =CO31 | EM31: =CQ31 -> None | EN31: =CU31 | EO31: =CW31 -> None | EP31: =DA31 | EQ31: =DC31 -> None | ER31: =DG31 | ES31: =DI31 | ET31: =DK31 -> FALSE | EV31: =V31 -> Default | EW31: =X31 -> Normal | EX31: =AD31 -> 1 | EY31: =AH31 -> 1 | EZ31: ="1" -> 1 | FA31: =BS31 | FB31: 0 | FC31: =CK31 | FD31: =DM31 -> None | FE31: =DQ31
L32: =iferror(INDEX('ファントムマスター'!F:F,MATCH(H32,'ファントムマスター'!D:D,0),0),"none") -> none | P32: =iferror(INDEX('ファントムマスター'!H:H,MATCH(H32,'ファントムマスター'!D:D,0),0),"none") -> none | R32: =iferror(INDEX('ファントムマスター'!J:J,MATCH(H32,'ファントムマスター'!D:D,0),0),"none") -> none | T32: =iferror(INDEX('ファントムマスター'!I:I,MATCH(H32,'ファントムマスター'!D:D,0),0),"none") -> none | V32: Default | X32: Normal | AB32: =iferror(INDEX('ファントムマスター'!K:K,MATCH(H32,'ファントムマスター'!D:D,0),0)*AD32,"none") -> none | AD32: 1 | AF32: =iferror(INDEX('ファントムマスター'!O:O,MATCH(H32,'ファントムマスター'!D:D,0),0)*AH32,"none") -> none | AH32: 1 | AJ32: =iferror(right(INDEX('ファントムマスター'!T:T,MATCH(H32,'ファントムマスター'!D:D,0),0),4)*50,"none") -> none | AL32: =iferror(right(INDEX('ファントムマスター'!V:V,MATCH(H32,'ファントムマスター'!D:D,0),0),4),"none") -> none | AN32: =iferror(AF32*(50/(AJ32+AL32)),"攻撃力に数値を入力") -> 攻撃力に数値を入力 | AT32: =iferror(INDEX('ファントムマスター'!Y:Y,MATCH(H32,'ファントムマスター'!D:D,0),0),"none") -> none | AY32: =iferror(INDEX('ファントムマスター'!Z:Z,MATCH(H32,'ファントムマスター'!D:D,0),0),"none") -> none | BA32: =iferror(INDEX('ファントムマスター'!W:W,MATCH(H32,'ファントムマスター'!D:D,0),0)*50,"none") -> none | BC32: =iferror(INDEX('ファントムマスター'!AA:AA,MATCH(H32,'ファントムマスター'!D:D,0),0),"none") -> none | BE32: =iferror(INDEX('ファントムマスター'!M:M,MATCH(H32,'ファントムマスター'!D:D,0),0),"none") -> none | BG32: =iferror(INDEX('ファントムマスター'!N:N,MATCH(H32,'ファントムマスター'!D:D,0),0),"none") -> none | BI32: =iferror(INDEX('ファントムマスター'!P:P,MATCH(H32,'ファントムマスター'!D:D,0),0),"none") -> none | BK32: =iferror(INDEX('ファントムマスター'!Q:Q,MATCH(H32,'ファントムマスター'!D:D,0),0),"none") -> none | BM32: =iferror(INDEX('ファントムマスター'!R:R,MATCH(H32,'ファントムマスター'!D:D,0),0),"none") -> none | BO32: =iferror(INDEX('ファントムマスター'!L:L,MATCH(H32,'ファントムマスター'!D:D,0),0),"none") -> none | BQ32: =iferror(INDEX('ファントムマスター'!S:S,MATCH(H32,'ファントムマスター'!D:D,0),0),"none") -> none | CA32: 未入力 | CM32: None | CQ32: None | CW32: None | DC32: None | DK32: FALSE | DM32: None | EA32: =B32 | EB32: =D32 | EC32: =F32 | ED32: =CA32 -> 未入力 | EE32: =CE32 | EF32: ="SummonEnemy" -> SummonEnemy | EG32: =H32 | EI32: =CI32 | EJ32: =CG32 | EK32: =CM32 -> None | EL32: =CO32 | EM32: =CQ32 -> None | EN32: =CU32 | EO32: =CW32 -> None | EP32: =DA32 | EQ32: =DC32 -> None | ER32: =DG32 | ES32: =DI32 | ET32: =DK32 -> FALSE | EV32: =V32 -> Default | EW32: =X32 -> Normal | EX32: =AD32 -> 1 | EY32: =AH32 -> 1 | EZ32: ="1" -> 1 | FA32: =BS32 | FB32: 0 | FC32: =CK32 | FD32: =DM32 -> None | FE32: =DQ32
L33: =iferror(INDEX('ファントムマスター'!F:F,MATCH(H33,'ファントムマスター'!D:D,0),0),"none") -> none | P33: =iferror(INDEX('ファントムマスター'!H:H,MATCH(H33,'ファントムマスター'!D:D,0),0),"none") -> none | R33: =iferror(INDEX('ファントムマスター'!J:J,MATCH(H33,'ファントムマスター'!D:D,0),0),"none") -> none | T33: =iferror(INDEX('ファントムマスター'!I:I,MATCH(H33,'ファントムマスター'!D:D,0),0),"none") -> none | V33: Default | X33: Normal | AB33: =iferror(INDEX('ファントムマスター'!K:K,MATCH(H33,'ファントムマスター'!D:D,0),0)*AD33,"none") -> none | AD33: 1 | AF33: =iferror(INDEX('ファントムマスター'!O:O,MATCH(H33,'ファントムマスター'!D:D,0),0)*AH33,"none") -> none | AH33: 1 | AJ33: =iferror(right(INDEX('ファントムマスター'!T:T,MATCH(H33,'ファントムマスター'!D:D,0),0),4)*50,"none") -> none | AL33: =iferror(right(INDEX('ファントムマスター'!V:V,MATCH(H33,'ファントムマスター'!D:D,0),0),4),"none") -> none | AN33: =iferror(AF33*(50/(AJ33+AL33)),"攻撃力に数値を入力") -> 攻撃力に数値を入力 | AT33: =iferror(INDEX('ファントムマスター'!Y:Y,MATCH(H33,'ファントムマスター'!D:D,0),0),"none") -> none | AY33: =iferror(INDEX('ファントムマスター'!Z:Z,MATCH(H33,'ファントムマスター'!D:D,0),0),"none") -> none | BA33: =iferror(INDEX('ファントムマスター'!W:W,MATCH(H33,'ファントムマスター'!D:D,0),0)*50,"none") -> none | BC33: =iferror(INDEX('ファントムマスター'!AA:AA,MATCH(H33,'ファントムマスター'!D:D,0),0),"none") -> none | BE33: =iferror(INDEX('ファントムマスター'!M:M,MATCH(H33,'ファントムマスター'!D:D,0),0),"none") -> none | BG33: =iferror(INDEX('ファントムマスター'!N:N,MATCH(H33,'ファントムマスター'!D:D,0),0),"none") -> none | BI33: =iferror(INDEX('ファントムマスター'!P:P,MATCH(H33,'ファントムマスター'!D:D,0),0),"none") -> none | BK33: =iferror(INDEX('ファントムマスター'!Q:Q,MATCH(H33,'ファントムマスター'!D:D,0),0),"none") -> none | BM33: =iferror(INDEX('ファントムマスター'!R:R,MATCH(H33,'ファントムマスター'!D:D,0),0),"none") -> none | BO33: =iferror(INDEX('ファントムマスター'!L:L,MATCH(H33,'ファントムマスター'!D:D,0),0),"none") -> none | BQ33: =iferror(INDEX('ファントムマスター'!S:S,MATCH(H33,'ファントムマスター'!D:D,0),0),"none") -> none | CA33: 未入力 | CM33: None | CQ33: None | CW33: None | DC33: None | DK33: FALSE | DM33: None | EA33: =B33 | EB33: =D33 | EC33: =F33 | ED33: =CA33 -> 未入力 | EE33: =CE33 | EF33: ="SummonEnemy" -> SummonEnemy | EG33: =H33 | EI33: =CI33 | EJ33: =CG33 | EK33: =CM33 -> None | EL33: =CO33 | EM33: =CQ33 -> None | EN33: =CU33 | EO33: =CW33 -> None | EP33: =DA33 | EQ33: =DC33 -> None | ER33: =DG33 | ES33: =DI33 | ET33: =DK33 -> FALSE | EV33: =V33 -> Default | EW33: =X33 -> Normal | EX33: =AD33 -> 1 | EY33: =AH33 -> 1 | EZ33: ="1" -> 1 | FA33: =BS33 | FB33: 0 | FC33: =CK33 | FD33: =DM33 -> None | FE33: =DQ33
L34: =iferror(INDEX('ファントムマスター'!F:F,MATCH(H34,'ファントムマスター'!D:D,0),0),"none") -> none | P34: =iferror(INDEX('ファントムマスター'!H:H,MATCH(H34,'ファントムマスター'!D:D,0),0),"none") -> none | R34: =iferror(INDEX('ファントムマスター'!J:J,MATCH(H34,'ファントムマスター'!D:D,0),0),"none") -> none | T34: =iferror(INDEX('ファントムマスター'!I:I,MATCH(H34,'ファントムマスター'!D:D,0),0),"none") -> none | V34: Default | X34: Normal | AB34: =iferror(INDEX('ファントムマスター'!K:K,MATCH(H34,'ファントムマスター'!D:D,0),0)*AD34,"none") -> none | AD34: 1 | AF34: =iferror(INDEX('ファントムマスター'!O:O,MATCH(H34,'ファントムマスター'!D:D,0),0)*AH34,"none") -> none | AH34: 1 | AJ34: =iferror(right(INDEX('ファントムマスター'!T:T,MATCH(H34,'ファントムマスター'!D:D,0),0),4)*50,"none") -> none | AL34: =iferror(right(INDEX('ファントムマスター'!V:V,MATCH(H34,'ファントムマスター'!D:D,0),0),4),"none") -> none | AN34: =iferror(AF34*(50/(AJ34+AL34)),"攻撃力に数値を入力") -> 攻撃力に数値を入力 | AT34: =iferror(INDEX('ファントムマスター'!Y:Y,MATCH(H34,'ファントムマスター'!D:D,0),0),"none") -> none | AY34: =iferror(INDEX('ファントムマスター'!Z:Z,MATCH(H34,'ファントムマスター'!D:D,0),0),"none") -> none | BA34: =iferror(INDEX('ファントムマスター'!W:W,MATCH(H34,'ファントムマスター'!D:D,0),0)*50,"none") -> none | BC34: =iferror(INDEX('ファントムマスター'!AA:AA,MATCH(H34,'ファントムマスター'!D:D,0),0),"none") -> none | BE34: =iferror(INDEX('ファントムマスター'!M:M,MATCH(H34,'ファントムマスター'!D:D,0),0),"none") -> none | BG34: =iferror(INDEX('ファントムマスター'!N:N,MATCH(H34,'ファントムマスター'!D:D,0),0),"none") -> none | BI34: =iferror(INDEX('ファントムマスター'!P:P,MATCH(H34,'ファントムマスター'!D:D,0),0),"none") -> none | BK34: =iferror(INDEX('ファントムマスター'!Q:Q,MATCH(H34,'ファントムマスター'!D:D,0),0),"none") -> none | BM34: =iferror(INDEX('ファントムマスター'!R:R,MATCH(H34,'ファントムマスター'!D:D,0),0),"none") -> none | BO34: =iferror(INDEX('ファントムマスター'!L:L,MATCH(H34,'ファントムマスター'!D:D,0),0),"none") -> none | BQ34: =iferror(INDEX('ファントムマスター'!S:S,MATCH(H34,'ファントムマスター'!D:D,0),0),"none") -> none | CA34: 未入力 | CM34: None | CQ34: None | CW34: None | DC34: None | DK34: FALSE | DM34: None | EA34: =B34 | EB34: =D34 | EC34: =F34 | ED34: =CA34 -> 未入力 | EE34: =CE34 | EF34: ="SummonEnemy" -> SummonEnemy | EG34: =H34 | EI34: =CI34 | EJ34: =CG34 | EK34: =CM34 -> None | EL34: =CO34 | EM34: =CQ34 -> None | EN34: =CU34 | EO34: =CW34 -> None | EP34: =DA34 | EQ34: =DC34 -> None | ER34: =DG34 | ES34: =DI34 | ET34: =DK34 -> FALSE | EV34: =V34 -> Default | EW34: =X34 -> Normal | EX34: =AD34 -> 1 | EY34: =AH34 -> 1 | EZ34: ="1" -> 1 | FA34: =BS34 | FB34: 0 | FC34: =CK34 | FD34: =DM34 -> None | FE34: =DQ34
L35: =iferror(INDEX('ファントムマスター'!F:F,MATCH(H35,'ファントムマスター'!D:D,0),0),"none") -> none | P35: =iferror(INDEX('ファントムマスター'!H:H,MATCH(H35,'ファントムマスター'!D:D,0),0),"none") -> none | R35: =iferror(INDEX('ファントムマスター'!J:J,MATCH(H35,'ファントムマスター'!D:D,0),0),"none") -> none | T35: =iferror(INDEX('ファントムマスター'!I:I,MATCH(H35,'ファントムマスター'!D:D,0),0),"none") -> none | V35: Default | X35: Normal | AB35: =iferror(INDEX('ファントムマスター'!K:K,MATCH(H35,'ファントムマスター'!D:D,0),0)*AD35,"none") -> none | AD35: 1 | AF35: =iferror(INDEX('ファントムマスター'!O:O,MATCH(H35,'ファントムマスター'!D:D,0),0)*AH35,"none") -> none | AH35: 1 | AJ35: =iferror(right(INDEX('ファントムマスター'!T:T,MATCH(H35,'ファントムマスター'!D:D,0),0),4)*50,"none") -> none | AL35: =iferror(right(INDEX('ファントムマスター'!V:V,MATCH(H35,'ファントムマスター'!D:D,0),0),4),"none") -> none | AN35: =iferror(AF35*(50/(AJ35+AL35)),"攻撃力に数値を入力") -> 攻撃力に数値を入力 | AT35: =iferror(INDEX('ファントムマスター'!Y:Y,MATCH(H35,'ファントムマスター'!D:D,0),0),"none") -> none | AY35: =iferror(INDEX('ファントムマスター'!Z:Z,MATCH(H35,'ファントムマスター'!D:D,0),0),"none") -> none | BA35: =iferror(INDEX('ファントムマスター'!W:W,MATCH(H35,'ファントムマスター'!D:D,0),0)*50,"none") -> none | BC35: =iferror(INDEX('ファントムマスター'!AA:AA,MATCH(H35,'ファントムマスター'!D:D,0),0),"none") -> none | BE35: =iferror(INDEX('ファントムマスター'!M:M,MATCH(H35,'ファントムマスター'!D:D,0),0),"none") -> none | BG35: =iferror(INDEX('ファントムマスター'!N:N,MATCH(H35,'ファントムマスター'!D:D,0),0),"none") -> none | BI35: =iferror(INDEX('ファントムマスター'!P:P,MATCH(H35,'ファントムマスター'!D:D,0),0),"none") -> none | BK35: =iferror(INDEX('ファントムマスター'!Q:Q,MATCH(H35,'ファントムマスター'!D:D,0),0),"none") -> none | BM35: =iferror(INDEX('ファントムマスター'!R:R,MATCH(H35,'ファントムマスター'!D:D,0),0),"none") -> none | BO35: =iferror(INDEX('ファントムマスター'!L:L,MATCH(H35,'ファントムマスター'!D:D,0),0),"none") -> none | BQ35: =iferror(INDEX('ファントムマスター'!S:S,MATCH(H35,'ファントムマスター'!D:D,0),0),"none") -> none | CA35: 未入力 | CM35: None | CQ35: None | CW35: None | DC35: None | DK35: FALSE | DM35: None | EA35: =B35 | EB35: =D35 | EC35: =F35 | ED35: =CA35 -> 未入力 | EE35: =CE35 | EF35: ="SummonEnemy" -> SummonEnemy | EG35: =H35 | EI35: =CI35 | EJ35: =CG35 | EK35: =CM35 -> None | EL35: =CO35 | EM35: =CQ35 -> None | EN35: =CU35 | EO35: =CW35 -> None | EP35: =DA35 | EQ35: =DC35 -> None | ER35: =DG35 | ES35: =DI35 | ET35: =DK35 -> FALSE | EV35: =V35 -> Default | EW35: =X35 -> Normal | EX35: =AD35 -> 1 | EY35: =AH35 -> 1 | EZ35: ="1" -> 1 | FA35: =BS35 | FB35: 0 | FC35: =CK35 | FD35: =DM35 -> None | FE35: =DQ35
L36: =iferror(INDEX('ファントムマスター'!F:F,MATCH(H36,'ファントムマスター'!D:D,0),0),"none") -> none | P36: =iferror(INDEX('ファントムマスター'!H:H,MATCH(H36,'ファントムマスター'!D:D,0),0),"none") -> none | R36: =iferror(INDEX('ファントムマスター'!J:J,MATCH(H36,'ファントムマスター'!D:D,0),0),"none") -> none | T36: =iferror(INDEX('ファントムマスター'!I:I,MATCH(H36,'ファントムマスター'!D:D,0),0),"none") -> none | V36: Default | X36: Normal | AB36: =iferror(INDEX('ファントムマスター'!K:K,MATCH(H36,'ファントムマスター'!D:D,0),0)*AD36,"none") -> none | AD36: 1 | AF36: =iferror(INDEX('ファントムマスター'!O:O,MATCH(H36,'ファントムマスター'!D:D,0),0)*AH36,"none") -> none | AH36: 1 | AJ36: =iferror(right(INDEX('ファントムマスター'!T:T,MATCH(H36,'ファントムマスター'!D:D,0),0),4)*50,"none") -> none | AL36: =iferror(right(INDEX('ファントムマスター'!V:V,MATCH(H36,'ファントムマスター'!D:D,0),0),4),"none") -> none | AN36: =iferror(AF36*(50/(AJ36+AL36)),"攻撃力に数値を入力") -> 攻撃力に数値を入力 | AT36: =iferror(INDEX('ファントムマスター'!Y:Y,MATCH(H36,'ファントムマスター'!D:D,0),0),"none") -> none | AY36: =iferror(INDEX('ファントムマスター'!Z:Z,MATCH(H36,'ファントムマスター'!D:D,0),0),"none") -> none | BA36: =iferror(INDEX('ファントムマスター'!W:W,MATCH(H36,'ファントムマスター'!D:D,0),0)*50,"none") -> none | BC36: =iferror(INDEX('ファントムマスター'!AA:AA,MATCH(H36,'ファントムマスター'!D:D,0),0),"none") -> none | BE36: =iferror(INDEX('ファントムマスター'!M:M,MATCH(H36,'ファントムマスター'!D:D,0),0),"none") -> none | BG36: =iferror(INDEX('ファントムマスター'!N:N,MATCH(H36,'ファントムマスター'!D:D,0),0),"none") -> none | BI36: =iferror(INDEX('ファントムマスター'!P:P,MATCH(H36,'ファントムマスター'!D:D,0),0),"none") -> none | BK36: =iferror(INDEX('ファントムマスター'!Q:Q,MATCH(H36,'ファントムマスター'!D:D,0),0),"none") -> none | BM36: =iferror(INDEX('ファントムマスター'!R:R,MATCH(H36,'ファントムマスター'!D:D,0),0),"none") -> none | BO36: =iferror(INDEX('ファントムマスター'!L:L,MATCH(H36,'ファントムマスター'!D:D,0),0),"none") -> none | BQ36: =iferror(INDEX('ファントムマスター'!S:S,MATCH(H36,'ファントムマスター'!D:D,0),0),"none") -> none | CA36: 未入力 | CM36: None | CQ36: None | CW36: None | DC36: None | DK36: FALSE | DM36: None | EA36: =B36 | EB36: =D36 | EC36: =F36 | ED36: =CA36 -> 未入力 | EE36: =CE36 | EF36: ="SummonEnemy" -> SummonEnemy | EG36: =H36 | EI36: =CI36 | EJ36: =CG36 | EK36: =CM36 -> None | EL36: =CO36 | EM36: =CQ36 -> None | EN36: =CU36 | EO36: =CW36 -> None | EP36: =DA36 | EQ36: =DC36 -> None | ER36: =DG36 | ES36: =DI36 | ET36: =DK36 -> FALSE | EV36: =V36 -> Default | EW36: =X36 -> Normal | EX36: =AD36 -> 1 | EY36: =AH36 -> 1 | EZ36: ="1" -> 1 | FA36: =BS36 | FB36: 0 | FC36: =CK36 | FD36: =DM36 -> None | FE36: =DQ36
L37: =iferror(INDEX('ファントムマスター'!F:F,MATCH(H37,'ファントムマスター'!D:D,0),0),"none") -> none | P37: =iferror(INDEX('ファントムマスター'!H:H,MATCH(H37,'ファントムマスター'!D:D,0),0),"none") -> none | R37: =iferror(INDEX('ファントムマスター'!J:J,MATCH(H37,'ファントムマスター'!D:D,0),0),"none") -> none | T37: =iferror(INDEX('ファントムマスター'!I:I,MATCH(H37,'ファントムマスター'!D:D,0),0),"none") -> none | V37: Default | X37: Normal | AB37: =iferror(INDEX('ファントムマスター'!K:K,MATCH(H37,'ファントムマスター'!D:D,0),0)*AD37,"none") -> none | AD37: 1 | AF37: =iferror(INDEX('ファントムマスター'!O:O,MATCH(H37,'ファントムマスター'!D:D,0),0)*AH37,"none") -> none | AH37: 1 | AJ37: =iferror(right(INDEX('ファントムマスター'!T:T,MATCH(H37,'ファントムマスター'!D:D,0),0),4)*50,"none") -> none | AL37: =iferror(right(INDEX('ファントムマスター'!V:V,MATCH(H37,'ファントムマスター'!D:D,0),0),4),"none") -> none | AN37: =iferror(AF37*(50/(AJ37+AL37)),"攻撃力に数値を入力") -> 攻撃力に数値を入力 | AT37: =iferror(INDEX('ファントムマスター'!Y:Y,MATCH(H37,'ファントムマスター'!D:D,0),0),"none") -> none | AY37: =iferror(INDEX('ファントムマスター'!Z:Z,MATCH(H37,'ファントムマスター'!D:D,0),0),"none") -> none | BA37: =iferror(INDEX('ファントムマスター'!W:W,MATCH(H37,'ファントムマスター'!D:D,0),0)*50,"none") -> none | BC37: =iferror(INDEX('ファントムマスター'!AA:AA,MATCH(H37,'ファントムマスター'!D:D,0),0),"none") -> none | BE37: =iferror(INDEX('ファントムマスター'!M:M,MATCH(H37,'ファントムマスター'!D:D,0),0),"none") -> none | BG37: =iferror(INDEX('ファントムマスター'!N:N,MATCH(H37,'ファントムマスター'!D:D,0),0),"none") -> none | BI37: =iferror(INDEX('ファントムマスター'!P:P,MATCH(H37,'ファントムマスター'!D:D,0),0),"none") -> none | BK37: =iferror(INDEX('ファントムマスター'!Q:Q,MATCH(H37,'ファントムマスター'!D:D,0),0),"none") -> none | BM37: =iferror(INDEX('ファントムマスター'!R:R,MATCH(H37,'ファントムマスター'!D:D,0),0),"none") -> none | BO37: =iferror(INDEX('ファントムマスター'!L:L,MATCH(H37,'ファントムマスター'!D:D,0),0),"none") -> none | BQ37: =iferror(INDEX('ファントムマスター'!S:S,MATCH(H37,'ファントムマスター'!D:D,0),0),"none") -> none | CA37: 未入力 | CM37: None | CQ37: None | CW37: None | DC37: None | DK37: FALSE | DM37: None | EA37: =B37 | EB37: =D37 | EC37: =F37 | ED37: =CA37 -> 未入力 | EE37: =CE37 | EF37: ="SummonEnemy" -> SummonEnemy | EG37: =H37 | EI37: =CI37 | EJ37: =CG37 | EK37: =CM37 -> None | EL37: =CO37 | EM37: =CQ37 -> None | EN37: =CU37 | EO37: =CW37 -> None | EP37: =DA37 | EQ37: =DC37 -> None | ER37: =DG37 | ES37: =DI37 | ET37: =DK37 -> FALSE | EV37: =V37 -> Default | EW37: =X37 -> Normal | EX37: =AD37 -> 1 | EY37: =AH37 -> 1 | EZ37: ="1" -> 1 | FA37: =BS37 | FB37: 0 | FC37: =CK37 | FD37: =DM37 -> None | FE37: =DQ37
... L44: =iferror(INDEX('ファントムマスター'!F:F,MATCH(H44,'ファントムマスター'!D:D,0),0),"none") -> none | P44: =iferror(INDEX('ファントムマスター'!H:H,MATCH(H44,'ファントムマスター'!D:D,0),0),"none") -> none | R44: =iferror(INDEX('ファントムマスター'!J:J,MATCH(H44,'ファントムマスター'!D:D,0),0),"none") -> none | T44: =iferror(INDEX('ファントムマスター'!I:I,MATCH(H44,'ファントムマスター'!D:D,0),0),"none") -> none | V44: Default | X44: Normal | AB44: =iferror(INDEX('ファントムマスター'!K:K,MATCH(H44,'ファントムマスター'!D:D,0),0)*AD44,"none") -> none | AD44: 1 | AF44: =iferror(INDEX('ファントムマスター'!O:O,MATCH(H44,'ファントムマスター'!D:D,0),0)*AH44,"none") -> none | AH44: 1 | AJ44: =iferror(right(INDEX('ファントムマスター'!T:T,MATCH(H44,'ファントムマスター'!D:D,0),0),4)*50,"none") -> none | AL44: =iferror(right(INDEX('ファントムマスター'!V:V,MATCH(H44,'ファントムマスター'!D:D,0),0),4),"none") -> none | AN44: =iferror(AF44*(50/(AJ44+AL44)),"攻撃力に数値を入力") -> 攻撃力に数値を入力 | AT44: =iferror(INDEX('ファントムマスター'!Y:Y,MATCH(H44,'ファントムマスター'!D:D,0),0),"none") -> none | AY44: =iferror(INDEX('ファントムマスター'!Z:Z,MATCH(H44,'ファントムマスター'!D:D,0),0),"none") -> none | BA44: =iferror(INDEX('ファントムマスター'!W:W,MATCH(H44,'ファントムマスター'!D:D,0),0)*50,"none") -> none | BC44: =iferror(INDEX('ファントムマスター'!AA:AA,MATCH(H44,'ファントムマスター'!D:D,0),0),"none") -> none | BE44: =iferror(INDEX('ファントムマスター'!M:M,MATCH(H44,'ファントムマスター'!D:D,0),0),"none") -> none | BG44: =iferror(INDEX('ファントムマスター'!N:N,MATCH(H44,'ファントムマスター'!D:D,0),0),"none") -> none | BI44: =iferror(INDEX('ファントムマスター'!P:P,MATCH(H44,'ファントムマスター'!D:D,0),0),"none") -> none | BK44: =iferror(INDEX('ファントムマスター'!Q:Q,MATCH(H44,'ファントムマスター'!D:D,0),0),"none") -> none | BM44: =iferror(INDEX('ファントムマスター'!R:R,MATCH(H44,'ファントムマスター'!D:D,0),0),"none") -> none | BO44: =iferror(INDEX('ファントムマスター'!L:L,MATCH(H44,'ファントムマスター'!D:D,0),0),"none") -> none | BQ44: =iferror(INDEX('ファントムマスター'!S:S,MATCH(H44,'ファントムマスター'!D:D,0),0),"none") -> none | CA44: 未入力 | CM44: None | CQ44: None | CW44: None | DC44: None | DK44: FALSE | DM44: None | EA44: =B44 | EB44: =D44 | EC44: =F44 | ED44: =CA44 -> 未入力 | EE44: =CE44 | EF44: ="SummonEnemy" -> SummonEnemy | EG44: =H44 | EI44: =CI44 | EJ44: =CG44 | EK44: =CM44 -> None | EL44: =CO44 | EM44: =CQ44 -> None | EN44: =CU44 | EO44: =CW44 -> None | EP44: =DA44 | EQ44: =DC44 -> None | ER44: =DG44 | ES44: =DI44 | ET44: =DK44 -> FALSE | EV44: =V44 -> Default | EW44: =X44 -> Normal | EX44: =AD44 -> 1 | EY44: =AH44 -> 1 | EZ44: ="1" -> 1 | FA44: =BS44 | FB44: 0 | FC44: =CK44 | FD44: =DM44 -> None | FE44: =DQ44

Sheet 更新スケジュールまとめ

Sheet ファントムマスター
A1: =IFERROR(__xludf.DUMMYFUNCTION("IMPORTRANGE(""https://docs.google.com/spreadsheets/d/1-a-cwR6zd3n4WYdDeMbaZ8h8KRnYlL8SOdp0o28XPPQ/edit#gid=0"",""ファントムマスター!A:ac"")"),"") | B1: =IFERROR(__xludf.DUMMYFUNCTION("""COMPUTED_VALUE"""),"※同IDが存在してないように使用用途を識別に入力する。 「general」や「normal_01only」など") -> ※同IDが存在してないように使用用途を識別に入力する。 「general」や「normal_01only」など | I1: =IFERROR(__xludf.DUMMYFUNCTION("""COMPUTED_VALUE"""),"※手打ち可能") -> ※手打ち可能
B2: =IFERROR(__xludf.DUMMYFUNCTION("""COMPUTED_VALUE"""),"master_id") -> master_id | C2: =IFERROR(__xludf.DUMMYFUNCTION("""COMPUTED_VALUE"""),"識別") -> 識別 | D2: =IFERROR(__xludf.DUMMYFUNCTION("""COMPUTED_VALUE"""),"enemy_ID") -> enemy_ID | E2: =IFERROR(__xludf.DUMMYFUNCTION("""COMPUTED_VALUE"""),"作品") -> 作品 | F2: =IFERROR(__xludf.DUMMYFUNCTION("""COMPUTED_VALUE"""),"キャラ名(監修名)") -> キャラ名(監修名) | G2: =IFERROR(__xludf.DUMMYFUNCTION("""COMPUTED_VALUE"""),"識別キャラ名") -> 識別キャラ名 | H2: =IFERROR(__xludf.DUMMYFUNCTION("""COMPUTED_VALUE"""),"unit_kind") -> unit_kind | I2: =IFERROR(__xludf.DUMMYFUNCTION("""COMPUTED_VALUE"""),"role_type") -> role_type | J2: =IFERROR(__xludf.DUMMYFUNCTION("""COMPUTED_VALUE"""),"color") -> color | K2: =IFERROR(__xludf.DUMMYFUNCTION("""COMPUTED_VALUE"""),"HP") -> HP | L2: =IFERROR(__xludf.DUMMYFUNCTION("""COMPUTED_VALUE"""),"knock_back") -> knock_back | M2: =IFERROR(__xludf.DUMMYFUNCTION("""COMPUTED_VALUE"""),"move_speed") -> move_speed | N2: =IFERROR(__xludf.DUMMYFUNCTION("""COMPUTED_VALUE"""),"well_distance") -> well_distance | O2: =IFERROR(__xludf.DUMMYFUNCTION("""COMPUTED_VALUE"""),"attack_power") -> attack_power | P2: =IFERROR(__xludf.DUMMYFUNCTION("""COMPUTED_VALUE"""),"start_range") -> start_range | Q2: =IFERROR(__xludf.DUMMYFUNCTION("""COMPUTED_VALUE"""),"end_range") -> end_range | R2: =IFERROR(__xludf.DUMMYFUNCTION("""COMPUTED_VALUE"""),"攻撃範囲") -> 攻撃範囲 | S2: =IFERROR(__xludf.DUMMYFUNCTION("""COMPUTED_VALUE"""),"撃破リーダーP") -> 撃破リーダーP | T2: =IFERROR(__xludf.DUMMYFUNCTION("""COMPUTED_VALUE"""),"通常攻撃モーション秒") -> 通常攻撃モーション秒 | U2: =IFERROR(__xludf.DUMMYFUNCTION("""COMPUTED_VALUE"""),"通常攻撃発生秒") -> 通常攻撃発生秒 | V2: =IFERROR(__xludf.DUMMYFUNCTION("""COMPUTED_VALUE"""),"通常攻撃CDF") -> 通常攻撃CDF | W2: =IFERROR(__xludf.DUMMYFUNCTION("""COMPUTED_VALUE"""),"必殺攻撃モーション秒") -> 必殺攻撃モーション秒 | X2: =IFERROR(__xludf.DUMMYFUNCTION("""COMPUTED_VALUE"""),"必殺攻撃発生秒") -> 必殺攻撃発生秒 | Y2: =IFERROR(__xludf.DUMMYFUNCTION("""COMPUTED_VALUE"""),"必殺ワザ内容") -> 必殺ワザ内容 | Z2: =IFERROR(__xludf.DUMMYFUNCTION("""COMPUTED_VALUE"""),"必殺発動回数") -> 必殺発動回数 | AA2: =IFERROR(__xludf.DUMMYFUNCTION("""COMPUTED_VALUE"""),"特性") -> 特性 | AB2: =IFERROR(__xludf.DUMMYFUNCTION("""COMPUTED_VALUE"""),"オノマトペ") -> オノマトペ | AC2: =IFERROR(__xludf.DUMMYFUNCTION("""COMPUTED_VALUE"""),"備考") -> 備考
A3: =IFERROR(__xludf.DUMMYFUNCTION("""COMPUTED_VALUE"""),"ex") -> ex | B3: =IFERROR(__xludf.DUMMYFUNCTION("""COMPUTED_VALUE"""),"enemy_glo_00001") -> enemy_glo_00001 | C3: =IFERROR(__xludf.DUMMYFUNCTION("""COMPUTED_VALUE"""),"_general_test") -> _general_test | D3: =IFERROR(__xludf.DUMMYFUNCTION("""COMPUTED_VALUE"""),"e_glo_00001_general_test_Normal_Red") -> e_glo_00001_general_test_Normal_Red | E3: =IFERROR(__xludf.DUMMYFUNCTION("""COMPUTED_VALUE"""),"GLOW") -> GLOW | F3: =IFERROR(__xludf.DUMMYFUNCTION("""COMPUTED_VALUE"""),"ファントム") -> ファントム | G3: =IFERROR(__xludf.DUMMYFUNCTION("""COMPUTED_VALUE"""),"ファントム_general_test") -> ファントム_general_test | H3: =IFERROR(__xludf.DUMMYFUNCTION("""COMPUTED_VALUE"""),"Normal") -> Normal | I3: =IFERROR(__xludf.DUMMYFUNCTION("""COMPUTED_VALUE"""),"Attack") -> Attack | J3: =IFERROR(__xludf.DUMMYFUNCTION("""COMPUTED_VALUE"""),"Red") -> Red | K3: =IFERROR(__xludf.DUMMYFUNCTION("""COMPUTED_VALUE"""),1000.0) -> 1000 | L3: =IFERROR(__xludf.DUMMYFUNCTION("""COMPUTED_VALUE"""),3.0) -> 3 | M3: =IFERROR(__xludf.DUMMYFUNCTION("""COMPUTED_VALUE"""),30.0) -> 30 | N3: =IFERROR(__xludf.DUMMYFUNCTION("""COMPUTED_VALUE"""),0.24) -> 0.24 | O3: =IFERROR(__xludf.DUMMYFUNCTION("""COMPUTED_VALUE"""),100.0) -> 100 | P3: =IFERROR(__xludf.DUMMYFUNCTION("""COMPUTED_VALUE"""),0.0) -> 0 | Q3: =IFERROR(__xludf.DUMMYFUNCTION("""COMPUTED_VALUE"""),0.35) -> 0.35 | R3: =IFERROR(__xludf.DUMMYFUNCTION("""COMPUTED_VALUE"""),100.0) -> 100 | S3: =IFERROR(__xludf.DUMMYFUNCTION("""COMPUTED_VALUE"""),50.0) -> 50 | T3: =IFERROR(__xludf.DUMMYFUNCTION("""COMPUTED_VALUE"""),"1.00") -> 1.00 | U3: =IFERROR(__xludf.DUMMYFUNCTION("""COMPUTED_VALUE"""),"0.50") -> 0.50 | V3: =IFERROR(__xludf.DUMMYFUNCTION("""COMPUTED_VALUE"""),100.0) -> 100 | Z3: =IFERROR(__xludf.DUMMYFUNCTION("""COMPUTED_VALUE"""),"-") -> - | AB3: =IFERROR(__xludf.DUMMYFUNCTION("""COMPUTED_VALUE"""),"dageki_1") -> dageki_1
B4: =IFERROR(__xludf.DUMMYFUNCTION("""COMPUTED_VALUE"""),"enemy_glo_00001") -> enemy_glo_00001 | C4: =IFERROR(__xludf.DUMMYFUNCTION("""COMPUTED_VALUE"""),"_tutorial") -> _tutorial | D4: =IFERROR(__xludf.DUMMYFUNCTION("""COMPUTED_VALUE"""),"e_glo_00001_tutorial_Normal_Yellow") -> e_glo_00001_tutorial_Normal_Yellow | E4: =IFERROR(__xludf.DUMMYFUNCTION("""COMPUTED_VALUE"""),"GLOW") -> GLOW | F4: =IFERROR(__xludf.DUMMYFUNCTION("""COMPUTED_VALUE"""),"ファントム") -> ファントム | G4: =IFERROR(__xludf.DUMMYFUNCTION("""COMPUTED_VALUE"""),"ファントム_tutorial") -> ファントム_tutorial | H4: =IFERROR(__xludf.DUMMYFUNCTION("""COMPUTED_VALUE"""),"Normal") -> Normal | I4: =IFERROR(__xludf.DUMMYFUNCTION("""COMPUTED_VALUE"""),"Attack") -> Attack | J4: =IFERROR(__xludf.DUMMYFUNCTION("""COMPUTED_VALUE"""),"Yellow") -> Yellow | K4: =IFERROR(__xludf.DUMMYFUNCTION("""COMPUTED_VALUE"""),1000.0) -> 1000 | L4: =IFERROR(__xludf.DUMMYFUNCTION("""COMPUTED_VALUE"""),3.0) -> 3 | M4: =IFERROR(__xludf.DUMMYFUNCTION("""COMPUTED_VALUE"""),34.0) -> 34 | N4: =IFERROR(__xludf.DUMMYFUNCTION("""COMPUTED_VALUE"""),0.2) -> 0.2 | O4: =IFERROR(__xludf.DUMMYFUNCTION("""COMPUTED_VALUE"""),100.0) -> 100 | P4: =IFERROR(__xludf.DUMMYFUNCTION("""COMPUTED_VALUE"""),0.0) -> 0 | Q4: =IFERROR(__xludf.DUMMYFUNCTION("""COMPUTED_VALUE"""),0.21) -> 0.21 | R4: =IFERROR(__xludf.DUMMYFUNCTION("""COMPUTED_VALUE"""),1.0) -> 1 | S4: =IFERROR(__xludf.DUMMYFUNCTION("""COMPUTED_VALUE"""),50.0) -> 50 | T4: =IFERROR(__xludf.DUMMYFUNCTION("""COMPUTED_VALUE"""),"1.00") -> 1.00 | U4: =IFERROR(__xludf.DUMMYFUNCTION("""COMPUTED_VALUE"""),"0.50") -> 0.50 | V4: =IFERROR(__xludf.DUMMYFUNCTION("""COMPUTED_VALUE"""),100.0) -> 100 | Z4: =IFERROR(__xludf.DUMMYFUNCTION("""COMPUTED_VALUE"""),"-") -> - | AB4: =IFERROR(__xludf.DUMMYFUNCTION("""COMPUTED_VALUE"""),"dageki_1") -> dageki_1
B5: =IFERROR(__xludf.DUMMYFUNCTION("""COMPUTED_VALUE"""),"enemy_glo_00001") -> enemy_glo_00001 | C5: =IFERROR(__xludf.DUMMYFUNCTION("""COMPUTED_VALUE"""),"_tutorial") -> _tutorial | D5: =IFERROR(__xludf.DUMMYFUNCTION("""COMPUTED_VALUE"""),"e_glo_00001_tutorial_Boss_Yellow") -> e_glo_00001_tutorial_Boss_Yellow | E5: =IFERROR(__xludf.DUMMYFUNCTION("""COMPUTED_VALUE"""),"GLOW") -> GLOW | F5: =IFERROR(__xludf.DUMMYFUNCTION("""COMPUTED_VALUE"""),"ファントム") -> ファントム | G5: =IFERROR(__xludf.DUMMYFUNCTION("""COMPUTED_VALUE"""),"ファントム_tutorial") -> ファントム_tutorial | H5: =IFERROR(__xludf.DUMMYFUNCTION("""COMPUTED_VALUE"""),"Boss") -> Boss | I5: =IFERROR(__xludf.DUMMYFUNCTION("""COMPUTED_VALUE"""),"Attack") -> Attack | J5: =IFERROR(__xludf.DUMMYFUNCTION("""COMPUTED_VALUE"""),"Yellow") -> Yellow | K5: =IFERROR(__xludf.DUMMYFUNCTION("""COMPUTED_VALUE"""),10000.0) -> 10000 | L5: =IFERROR(__xludf.DUMMYFUNCTION("""COMPUTED_VALUE"""),3.0) -> 3 | M5: =IFERROR(__xludf.DUMMYFUNCTION("""COMPUTED_VALUE"""),34.0) -> 34 | N5: =IFERROR(__xludf.DUMMYFUNCTION("""COMPUTED_VALUE"""),0.22) -> 0.22 | O5: =IFERROR(__xludf.DUMMYFUNCTION("""COMPUTED_VALUE"""),100.0) -> 100 | P5: =IFERROR(__xludf.DUMMYFUNCTION("""COMPUTED_VALUE"""),0.0) -> 0 | Q5: =IFERROR(__xludf.DUMMYFUNCTION("""COMPUTED_VALUE"""),0.23) -> 0.23 | R5: =IFERROR(__xludf.DUMMYFUNCTION("""COMPUTED_VALUE"""),1.0) -> 1 | S5: =IFERROR(__xludf.DUMMYFUNCTION("""COMPUTED_VALUE"""),50.0) -> 50 | T5: =IFERROR(__xludf.DUMMYFUNCTION("""COMPUTED_VALUE"""),"1.00") -> 1.00 | U5: =IFERROR(__xludf.DUMMYFUNCTION("""COMPUTED_VALUE"""),"0.50") -> 0.50 | V5: =IFERROR(__xludf.DUMMYFUNCTION("""COMPUTED_VALUE"""),100.0) -> 100 | Z5: =IFERROR(__xludf.DUMMYFUNCTION("""COMPUTED_VALUE"""),"-") -> - | AB5: =IFERROR(__xludf.DUMMYFUNCTION("""COMPUTED_VALUE"""),"dageki_1") -> dageki_1
B6: =IFERROR(__xludf.DUMMYFUNCTION("""COMPUTED_VALUE"""),"enemy_glo_00001") -> enemy_glo_00001 | C6: =IFERROR(__xludf.DUMMYFUNCTION("""COMPUTED_VALUE"""),"_tutorial") -> _tutorial | D6: =IFERROR(__xludf.DUMMYFUNCTION("""COMPUTED_VALUE"""),"e_glo_00001_tutorial_Normal_Blue") -> e_glo_00001_tutorial_Normal_Blue | E6: =IFERROR(__xludf.DUMMYFUNCTION("""COMPUTED_VALUE"""),"GLOW") -> GLOW | F6: =IFERROR(__xludf.DUMMYFUNCTION("""COMPUTED_VALUE"""),"ファントム") -> ファントム | G6: =IFERROR(__xludf.DUMMYFUNCTION("""COMPUTED_VALUE"""),"ファントム_tutorial") -> ファントム_tutorial | H6: =IFERROR(__xludf.DUMMYFUNCTION("""COMPUTED_VALUE"""),"Normal") -> Normal | I6: =IFERROR(__xludf.DUMMYFUNCTION("""COMPUTED_VALUE"""),"Attack") -> Attack | J6: =IFERROR(__xludf.DUMMYFUNCTION("""COMPUTED_VALUE"""),"Blue") -> Blue | K6: =IFERROR(__xludf.DUMMYFUNCTION("""COMPUTED_VALUE"""),5000.0) -> 5000 | L6: =IFERROR(__xludf.DUMMYFUNCTION("""COMPUTED_VALUE"""),3.0) -> 3 | M6: =IFERROR(__xludf.DUMMYFUNCTION("""COMPUTED_VALUE"""),34.0) -> 34 | N6: =IFERROR(__xludf.DUMMYFUNCTION("""COMPUTED_VALUE"""),0.2) -> 0.2 | O6: =IFERROR(__xludf.DUMMYFUNCTION("""COMPUTED_VALUE"""),100.0) -> 100 | P6: =IFERROR(__xludf.DUMMYFUNCTION("""COMPUTED_VALUE"""),0.0) -> 0 | Q6: =IFERROR(__xludf.DUMMYFUNCTION("""COMPUTED_VALUE"""),0.21) -> 0.21 | R6: =IFERROR(__xludf.DUMMYFUNCTION("""COMPUTED_VALUE"""),1.0) -> 1 | S6: =IFERROR(__xludf.DUMMYFUNCTION("""COMPUTED_VALUE"""),50.0) -> 50 | T6: =IFERROR(__xludf.DUMMYFUNCTION("""COMPUTED_VALUE"""),"1.00") -> 1.00 | U6: =IFERROR(__xludf.DUMMYFUNCTION("""COMPUTED_VALUE"""),"0.50") -> 0.50 | V6: =IFERROR(__xludf.DUMMYFUNCTION("""COMPUTED_VALUE"""),100.0) -> 100 | Z6: =IFERROR(__xludf.DUMMYFUNCTION("""COMPUTED_VALUE"""),"-") -> - | AB6: =IFERROR(__xludf.DUMMYFUNCTION("""COMPUTED_VALUE"""),"dageki_1") -> dageki_1
B7: =IFERROR(__xludf.DUMMYFUNCTION("""COMPUTED_VALUE"""),"enemy_glo_00001") -> enemy_glo_00001 | C7: =IFERROR(__xludf.DUMMYFUNCTION("""COMPUTED_VALUE"""),"_tutorial") -> _tutorial | D7: =IFERROR(__xludf.DUMMYFUNCTION("""COMPUTED_VALUE"""),"e_glo_00001_tutorial_Boss_Blue") -> e_glo_00001_tutorial_Boss_Blue | E7: =IFERROR(__xludf.DUMMYFUNCTION("""COMPUTED_VALUE"""),"GLOW") -> GLOW | F7: =IFERROR(__xludf.DUMMYFUNCTION("""COMPUTED_VALUE"""),"ファントム") -> ファントム | G7: =IFERROR(__xludf.DUMMYFUNCTION("""COMPUTED_VALUE"""),"ファントム_tutorial") -> ファントム_tutorial | H7: =IFERROR(__xludf.DUMMYFUNCTION("""COMPUTED_VALUE"""),"Boss") -> Boss | I7: =IFERROR(__xludf.DUMMYFUNCTION("""COMPUTED_VALUE"""),"Attack") -> Attack | J7: =IFERROR(__xludf.DUMMYFUNCTION("""COMPUTED_VALUE"""),"Blue") -> Blue | K7: =IFERROR(__xludf.DUMMYFUNCTION("""COMPUTED_VALUE"""),5000.0) -> 5000 | L7: =IFERROR(__xludf.DUMMYFUNCTION("""COMPUTED_VALUE"""),0.0) -> 0 | M7: =IFERROR(__xludf.DUMMYFUNCTION("""COMPUTED_VALUE"""),34.0) -> 34 | N7: =IFERROR(__xludf.DUMMYFUNCTION("""COMPUTED_VALUE"""),0.2) -> 0.2 | O7: =IFERROR(__xludf.DUMMYFUNCTION("""COMPUTED_VALUE"""),100.0) -> 100 | P7: =IFERROR(__xludf.DUMMYFUNCTION("""COMPUTED_VALUE"""),0.0) -> 0 | Q7: =IFERROR(__xludf.DUMMYFUNCTION("""COMPUTED_VALUE"""),0.21) -> 0.21 | R7: =IFERROR(__xludf.DUMMYFUNCTION("""COMPUTED_VALUE"""),1.0) -> 1 | S7: =IFERROR(__xludf.DUMMYFUNCTION("""COMPUTED_VALUE"""),50.0) -> 50 | T7: =IFERROR(__xludf.DUMMYFUNCTION("""COMPUTED_VALUE"""),"1.00") -> 1.00 | U7: =IFERROR(__xludf.DUMMYFUNCTION("""COMPUTED_VALUE"""),"0.50") -> 0.50 | V7: =IFERROR(__xludf.DUMMYFUNCTION("""COMPUTED_VALUE"""),100.0) -> 100 | Z7: =IFERROR(__xludf.DUMMYFUNCTION("""COMPUTED_VALUE"""),"-") -> - | AB7: =IFERROR(__xludf.DUMMYFUNCTION("""COMPUTED_VALUE"""),"dageki_1") -> dageki_1
B9: =IFERROR(__xludf.DUMMYFUNCTION("""COMPUTED_VALUE"""),"enemy_glo_00001") -> enemy_glo_00001 | C9: =IFERROR(__xludf.DUMMYFUNCTION("""COMPUTED_VALUE"""),"_general") -> _general | D9: =IFERROR(__xludf.DUMMYFUNCTION("""COMPUTED_VALUE"""),"e_glo_00001_general_Normal_Colorless") -> e_glo_00001_general_Normal_Colorless | E9: =IFERROR(__xludf.DUMMYFUNCTION("""COMPUTED_VALUE"""),"GLOW") -> GLOW | F9: =IFERROR(__xludf.DUMMYFUNCTION("""COMPUTED_VALUE"""),"ファントム") -> ファントム | G9: =IFERROR(__xludf.DUMMYFUNCTION("""COMPUTED_VALUE"""),"ファントム_general") -> ファントム_general | H9: =IFERROR(__xludf.DUMMYFUNCTION("""COMPUTED_VALUE"""),"Normal") -> Normal | I9: =IFERROR(__xludf.DUMMYFUNCTION("""COMPUTED_VALUE"""),"Attack") -> Attack | J9: =IFERROR(__xludf.DUMMYFUNCTION("""COMPUTED_VALUE"""),"Colorless") -> Colorless | K9: =IFERROR(__xludf.DUMMYFUNCTION("""COMPUTED_VALUE"""),5000.0) -> 5000 | L9: =IFERROR(__xludf.DUMMYFUNCTION("""COMPUTED_VALUE"""),3.0) -> 3 | M9: =IFERROR(__xludf.DUMMYFUNCTION("""COMPUTED_VALUE"""),34.0) -> 34 | N9: =IFERROR(__xludf.DUMMYFUNCTION("""COMPUTED_VALUE"""),0.22) -> 0.22 | O9: =IFERROR(__xludf.DUMMYFUNCTION("""COMPUTED_VALUE"""),100.0) -> 100 | P9: =IFERROR(__xludf.DUMMYFUNCTION("""COMPUTED_VALUE"""),0.0) -> 0 | Q9: =IFERROR(__xludf.DUMMYFUNCTION("""COMPUTED_VALUE"""),0.23) -> 0.23 | R9: =IFERROR(__xludf.DUMMYFUNCTION("""COMPUTED_VALUE"""),1.0) -> 1 | S9: =IFERROR(__xludf.DUMMYFUNCTION("""COMPUTED_VALUE"""),150.0) -> 150 | T9: =IFERROR(__xludf.DUMMYFUNCTION("""COMPUTED_VALUE"""),"1.00") -> 1.00 | U9: =IFERROR(__xludf.DUMMYFUNCTION("""COMPUTED_VALUE"""),"0.50") -> 0.50 | V9: =IFERROR(__xludf.DUMMYFUNCTION("""COMPUTED_VALUE"""),50.0) -> 50 | Z9: =IFERROR(__xludf.DUMMYFUNCTION("""COMPUTED_VALUE"""),"-") -> - | AB9: =IFERROR(__xludf.DUMMYFUNCTION("""COMPUTED_VALUE"""),"dageki_1") -> dageki_1
B10: =IFERROR(__xludf.DUMMYFUNCTION("""COMPUTED_VALUE"""),"enemy_glo_00001") -> enemy_glo_00001 | C10: =IFERROR(__xludf.DUMMYFUNCTION("""COMPUTED_VALUE"""),"_general") -> _general | D10: =IFERROR(__xludf.DUMMYFUNCTION("""COMPUTED_VALUE"""),"e_glo_00001_general_Normal_Blue") -> e_glo_00001_general_Normal_Blue | E10: =IFERROR(__xludf.DUMMYFUNCTION("""COMPUTED_VALUE"""),"GLOW") -> GLOW | F10: =IFERROR(__xludf.DUMMYFUNCTION("""COMPUTED_VALUE"""),"ファントム") -> ファントム | G10: =IFERROR(__xludf.DUMMYFUNCTION("""COMPUTED_VALUE"""),"ファントム_general") -> ファントム_general | H10: =IFERROR(__xludf.DUMMYFUNCTION("""COMPUTED_VALUE"""),"Normal") -> Normal | I10: =IFERROR(__xludf.DUMMYFUNCTION("""COMPUTED_VALUE"""),"Attack") -> Attack | J10: =IFERROR(__xludf.DUMMYFUNCTION("""COMPUTED_VALUE"""),"Blue") -> Blue | K10: =IFERROR(__xludf.DUMMYFUNCTION("""COMPUTED_VALUE"""),5000.0) -> 5000 | L10: =IFERROR(__xludf.DUMMYFUNCTION("""COMPUTED_VALUE"""),3.0) -> 3 | M10: =IFERROR(__xludf.DUMMYFUNCTION("""COMPUTED_VALUE"""),34.0) -> 34 | N10: =IFERROR(__xludf.DUMMYFUNCTION("""COMPUTED_VALUE"""),0.22) -> 0.22 | O10: =IFERROR(__xludf.DUMMYFUNCTION("""COMPUTED_VALUE"""),100.0) -> 100 | P10: =IFERROR(__xludf.DUMMYFUNCTION("""COMPUTED_VALUE"""),0.0) -> 0 | Q10: =IFERROR(__xludf.DUMMYFUNCTION("""COMPUTED_VALUE"""),0.23) -> 0.23 | R10: =IFERROR(__xludf.DUMMYFUNCTION("""COMPUTED_VALUE"""),1.0) -> 1 | S10: =IFERROR(__xludf.DUMMYFUNCTION("""COMPUTED_VALUE"""),150.0) -> 150 | T10: =IFERROR(__xludf.DUMMYFUNCTION("""COMPUTED_VALUE"""),"1.00") -> 1.00 | U10: =IFERROR(__xludf.DUMMYFUNCTION("""COMPUTED_VALUE"""),"0.50") -> 0.50 | V10: =IFERROR(__xludf.DUMMYFUNCTION("""COMPUTED_VALUE"""),50.0) -> 50 | Z10: =IFERROR(__xludf.DUMMYFUNCTION("""COMPUTED_VALUE"""),"-") -> - | AB10: =IFERROR(__xludf.DUMMYFUNCTION("""COMPUTED_VALUE"""),"dageki_1") -> dageki_1
B11: =IFERROR(__xludf.DUMMYFUNCTION("""COMPUTED_VALUE"""),"enemy_glo_00001") -> enemy_glo_00001 | C11: =IFERROR(__xludf.DUMMYFUNCTION("""COMPUTED_VALUE"""),"_general") -> _general | D11: =IFERROR(__xludf.DUMMYFUNCTION("""COMPUTED_VALUE"""),"e_glo_00001_general_Normal_Yellow") -> e_glo_00001_general_Normal_Yellow | E11: =IFERROR(__xludf.DUMMYFUNCTION("""COMPUTED_VALUE"""),"GLOW") -> GLOW | F11: =IFERROR(__xludf.DUMMYFUNCTION("""COMPUTED_VALUE"""),"ファントム") -> ファントム | G11: =IFERROR(__xludf.DUMMYFUNCTION("""COMPUTED_VALUE"""),"ファントム_general") -> ファントム_general | H11: =IFERROR(__xludf.DUMMYFUNCTION("""COMPUTED_VALUE"""),"Normal") -> Normal | I11: =IFERROR(__xludf.DUMMYFUNCTION("""COMPUTED_VALUE"""),"Attack") -> Attack | J11: =IFERROR(__xludf.DUMMYFUNCTION("""COMPUTED_VALUE"""),"Yellow") -> Yellow | K11: =IFERROR(__xludf.DUMMYFUNCTION("""COMPUTED_VALUE"""),5000.0) -> 5000 | L11: =IFERROR(__xludf.DUMMYFUNCTION("""COMPUTED_VALUE"""),3.0) -> 3 | M11: =IFERROR(__xludf.DUMMYFUNCTION("""COMPUTED_VALUE"""),34.0) -> 34 | N11: =IFERROR(__xludf.DUMMYFUNCTION("""COMPUTED_VALUE"""),0.22) -> 0.22 | O11: =IFERROR(__xludf.DUMMYFUNCTION("""COMPUTED_VALUE"""),100.0) -> 100 | P11: =IFERROR(__xludf.DUMMYFUNCTION("""COMPUTED_VALUE"""),0.0) -> 0 | Q11: =IFERROR(__xludf.DUMMYFUNCTION("""COMPUTED_VALUE"""),0.23) -> 0.23 | R11: =IFERROR(__xludf.DUMMYFUNCTION("""COMPUTED_VALUE"""),1.0) -> 1 | S11: =IFERROR(__xludf.DUMMYFUNCTION("""COMPUTED_VALUE"""),150.0) -> 150 | T11: =IFERROR(__xludf.DUMMYFUNCTION("""COMPUTED_VALUE"""),"1.00") -> 1.00 | U11: =IFERROR(__xludf.DUMMYFUNCTION("""COMPUTED_VALUE"""),"0.50") -> 0.50 | V11: =IFERROR(__xludf.DUMMYFUNCTION("""COMPUTED_VALUE"""),50.0) -> 50 | Z11: =IFERROR(__xludf.DUMMYFUNCTION("""COMPUTED_VALUE"""),"-") -> - | AB11: =IFERROR(__xludf.DUMMYFUNCTION("""COMPUTED_VALUE"""),"dageki_1") -> dageki_1
B12: =IFERROR(__xludf.DUMMYFUNCTION("""COMPUTED_VALUE"""),"enemy_glo_00001") -> enemy_glo_00001 | C12: =IFERROR(__xludf.DUMMYFUNCTION("""COMPUTED_VALUE"""),"_general") -> _general | D12: =IFERROR(__xludf.DUMMYFUNCTION("""COMPUTED_VALUE"""),"e_glo_00001_general_Normal_Green") -> e_glo_00001_general_Normal_Green | E12: =IFERROR(__xludf.DUMMYFUNCTION("""COMPUTED_VALUE"""),"GLOW") -> GLOW | F12: =IFERROR(__xludf.DUMMYFUNCTION("""COMPUTED_VALUE"""),"ファントム") -> ファントム | G12: =IFERROR(__xludf.DUMMYFUNCTION("""COMPUTED_VALUE"""),"ファントム_general") -> ファントム_general | H12: =IFERROR(__xludf.DUMMYFUNCTION("""COMPUTED_VALUE"""),"Normal") -> Normal | I12: =IFERROR(__xludf.DUMMYFUNCTION("""COMPUTED_VALUE"""),"Attack") -> Attack | J12: =IFERROR(__xludf.DUMMYFUNCTION("""COMPUTED_VALUE"""),"Green") -> Green | K12: =IFERROR(__xludf.DUMMYFUNCTION("""COMPUTED_VALUE"""),5000.0) -> 5000 | L12: =IFERROR(__xludf.DUMMYFUNCTION("""COMPUTED_VALUE"""),3.0) -> 3 | M12: =IFERROR(__xludf.DUMMYFUNCTION("""COMPUTED_VALUE"""),34.0) -> 34 | N12: =IFERROR(__xludf.DUMMYFUNCTION("""COMPUTED_VALUE"""),0.22) -> 0.22 | O12: =IFERROR(__xludf.DUMMYFUNCTION("""COMPUTED_VALUE"""),100.0) -> 100 | P12: =IFERROR(__xludf.DUMMYFUNCTION("""COMPUTED_VALUE"""),0.0) -> 0 | Q12: =IFERROR(__xludf.DUMMYFUNCTION("""COMPUTED_VALUE"""),0.23) -> 0.23 | R12: =IFERROR(__xludf.DUMMYFUNCTION("""COMPUTED_VALUE"""),1.0) -> 1 | S12: =IFERROR(__xludf.DUMMYFUNCTION("""COMPUTED_VALUE"""),150.0) -> 150 | T12: =IFERROR(__xludf.DUMMYFUNCTION("""COMPUTED_VALUE"""),"1.00") -> 1.00 | U12: =IFERROR(__xludf.DUMMYFUNCTION("""COMPUTED_VALUE"""),"0.50") -> 0.50 | V12: =IFERROR(__xludf.DUMMYFUNCTION("""COMPUTED_VALUE"""),50.0) -> 50 | Z12: =IFERROR(__xludf.DUMMYFUNCTION("""COMPUTED_VALUE"""),"-") -> - | AB12: =IFERROR(__xludf.DUMMYFUNCTION("""COMPUTED_VALUE"""),"dageki_1") -> dageki_1
B13: =IFERROR(__xludf.DUMMYFUNCTION("""COMPUTED_VALUE"""),"enemy_glo_00001") -> enemy_glo_00001 | C13: =IFERROR(__xludf.DUMMYFUNCTION("""COMPUTED_VALUE"""),"_mainquest_glo2") -> _mainquest_glo2 | D13: =IFERROR(__xludf.DUMMYFUNCTION("""COMPUTED_VALUE"""),"e_glo_00001_mainquest_glo2_Normal_Green") -> e_glo_00001_mainquest_glo2_Normal_Green | E13: =IFERROR(__xludf.DUMMYFUNCTION("""COMPUTED_VALUE"""),"GLOW") -> GLOW | F13: =IFERROR(__xludf.DUMMYFUNCTION("""COMPUTED_VALUE"""),"ファントム") -> ファントム | G13: =IFERROR(__xludf.DUMMYFUNCTION("""COMPUTED_VALUE"""),"ファントム_mainquest_glo2") -> ファントム_mainquest_glo2 | H13: =IFERROR(__xludf.DUMMYFUNCTION("""COMPUTED_VALUE"""),"Normal") -> Normal | I13: =IFERROR(__xludf.DUMMYFUNCTION("""COMPUTED_VALUE"""),"Defense") -> Defense | J13: =IFERROR(__xludf.DUMMYFUNCTION("""COMPUTED_VALUE"""),"Green") -> Green | K13: =IFERROR(__xludf.DUMMYFUNCTION("""COMPUTED_VALUE"""),3000.0) -> 3000 | L13: =IFERROR(__xludf.DUMMYFUNCTION("""COMPUTED_VALUE"""),3.0) -> 3 | M13: =IFERROR(__xludf.DUMMYFUNCTION("""COMPUTED_VALUE"""),34.0) -> 34 | N13: =IFERROR(__xludf.DUMMYFUNCTION("""COMPUTED_VALUE"""),0.22) -> 0.22 | O13: =IFERROR(__xludf.DUMMYFUNCTION("""COMPUTED_VALUE"""),100.0) -> 100 | P13: =IFERROR(__xludf.DUMMYFUNCTION("""COMPUTED_VALUE"""),0.0) -> 0 | Q13: =IFERROR(__xludf.DUMMYFUNCTION("""COMPUTED_VALUE"""),0.23) -> 0.23 | R13: =IFERROR(__xludf.DUMMYFUNCTION("""COMPUTED_VALUE"""),1.0) -> 1 | S13: =IFERROR(__xludf.DUMMYFUNCTION("""COMPUTED_VALUE"""),100.0) -> 100 | T13: =IFERROR(__xludf.DUMMYFUNCTION("""COMPUTED_VALUE"""),"1.00") -> 1.00 | U13: =IFERROR(__xludf.DUMMYFUNCTION("""COMPUTED_VALUE"""),"0.50") -> 0.50 | V13: =IFERROR(__xludf.DUMMYFUNCTION("""COMPUTED_VALUE"""),50.0) -> 50 | Z13: =IFERROR(__xludf.DUMMYFUNCTION("""COMPUTED_VALUE"""),"-") -> - | AB13: =IFERROR(__xludf.DUMMYFUNCTION("""COMPUTED_VALUE"""),"dageki_1") -> dageki_1
B14: =IFERROR(__xludf.DUMMYFUNCTION("""COMPUTED_VALUE"""),"enemy_glo_00001") -> enemy_glo_00001 | C14: =IFERROR(__xludf.DUMMYFUNCTION("""COMPUTED_VALUE"""),"_mainquest_glo2_nostunresist") -> _mainquest_glo2_nostunresist | D14: =IFERROR(__xludf.DUMMYFUNCTION("""COMPUTED_VALUE"""),"e_glo_00001_mainquest_glo2_nostunresist_Boss_Green") -> e_glo_00001_mainquest_glo2_nostunresist_Boss_Green | E14: =IFERROR(__xludf.DUMMYFUNCTION("""COMPUTED_VALUE"""),"GLOW") -> GLOW | F14: =IFERROR(__xludf.DUMMYFUNCTION("""COMPUTED_VALUE"""),"ボスファントム") -> ボスファントム | G14: =IFERROR(__xludf.DUMMYFUNCTION("""COMPUTED_VALUE"""),"ファントム_mainquest_glo2_nostunresist") -> ファントム_mainquest_glo2_nostunresist | H14: =IFERROR(__xludf.DUMMYFUNCTION("""COMPUTED_VALUE"""),"Boss") -> Boss | I14: =IFERROR(__xludf.DUMMYFUNCTION("""COMPUTED_VALUE"""),"Attack") -> Attack | J14: =IFERROR(__xludf.DUMMYFUNCTION("""COMPUTED_VALUE"""),"Green") -> Green | K14: =IFERROR(__xludf.DUMMYFUNCTION("""COMPUTED_VALUE"""),100000.0) -> 100000 | L14: =IFERROR(__xludf.DUMMYFUNCTION("""COMPUTED_VALUE"""),3.0) -> 3 | M14: =IFERROR(__xludf.DUMMYFUNCTION("""COMPUTED_VALUE"""),5.0) -> 5 | N14: =IFERROR(__xludf.DUMMYFUNCTION("""COMPUTED_VALUE"""),0.3) -> 0.3 | O14: =IFERROR(__xludf.DUMMYFUNCTION("""COMPUTED_VALUE"""),2000.0) -> 2000 | P14: =IFERROR(__xludf.DUMMYFUNCTION("""COMPUTED_VALUE"""),0.0) -> 0 | Q14: =IFERROR(__xludf.DUMMYFUNCTION("""COMPUTED_VALUE"""),0.35) -> 0.35 | R14: =IFERROR(__xludf.DUMMYFUNCTION("""COMPUTED_VALUE"""),100.0) -> 100 | S14: =IFERROR(__xludf.DUMMYFUNCTION("""COMPUTED_VALUE"""),2000.0) -> 2000 | T14: =IFERROR(__xludf.DUMMYFUNCTION("""COMPUTED_VALUE"""),"1.00") -> 1.00 | U14: =IFERROR(__xludf.DUMMYFUNCTION("""COMPUTED_VALUE"""),"0.50") -> 0.50 | V14: =IFERROR(__xludf.DUMMYFUNCTION("""COMPUTED_VALUE"""),750.0) -> 750 | Z14: =IFERROR(__xludf.DUMMYFUNCTION("""COMPUTED_VALUE"""),"-") -> - | AA14: =IFERROR(__xludf.DUMMYFUNCTION("""COMPUTED_VALUE"""),"ノックバック耐性") -> ノックバック耐性 | AB14: =IFERROR(__xludf.DUMMYFUNCTION("""COMPUTED_VALUE"""),"dageki_1") -> dageki_1
B15: =IFERROR(__xludf.DUMMYFUNCTION("""COMPUTED_VALUE"""),"enemy_glo_00001") -> enemy_glo_00001 | C15: =IFERROR(__xludf.DUMMYFUNCTION("""COMPUTED_VALUE"""),"_mainquest_glo2_stunresist") -> _mainquest_glo2_stunresist | D15: =IFERROR(__xludf.DUMMYFUNCTION("""COMPUTED_VALUE"""),"e_glo_00001_mainquest_glo2_stunresist_Boss_Green") -> e_glo_00001_mainquest_glo2_stunresist_Boss_Green | E15: =IFERROR(__xludf.DUMMYFUNCTION("""COMPUTED_VALUE"""),"GLOW") -> GLOW | F15: =IFERROR(__xludf.DUMMYFUNCTION("""COMPUTED_VALUE"""),"ファントム") -> ファントム | G15: =IFERROR(__xludf.DUMMYFUNCTION("""COMPUTED_VALUE"""),"ファントム_mainquest_glo2_stunresist") -> ファントム_mainquest_glo2_stunresist | H15: =IFERROR(__xludf.DUMMYFUNCTION("""COMPUTED_VALUE"""),"Boss") -> Boss | I15: =IFERROR(__xludf.DUMMYFUNCTION("""COMPUTED_VALUE"""),"Attack") -> Attack | J15: =IFERROR(__xludf.DUMMYFUNCTION("""COMPUTED_VALUE"""),"Green") -> Green | K15: =IFERROR(__xludf.DUMMYFUNCTION("""COMPUTED_VALUE"""),100000.0) -> 100000 | L15: =IFERROR(__xludf.DUMMYFUNCTION("""COMPUTED_VALUE"""),3.0) -> 3 | M15: =IFERROR(__xludf.DUMMYFUNCTION("""COMPUTED_VALUE"""),5.0) -> 5 | N15: =IFERROR(__xludf.DUMMYFUNCTION("""COMPUTED_VALUE"""),0.3) -> 0.3 | O15: =IFERROR(__xludf.DUMMYFUNCTION("""COMPUTED_VALUE"""),2000.0) -> 2000 | P15: =IFERROR(__xludf.DUMMYFUNCTION("""COMPUTED_VALUE"""),0.0) -> 0 | Q15: =IFERROR(__xludf.DUMMYFUNCTION("""COMPUTED_VALUE"""),0.35) -> 0.35 | R15: =IFERROR(__xludf.DUMMYFUNCTION("""COMPUTED_VALUE"""),100.0) -> 100 | S15: =IFERROR(__xludf.DUMMYFUNCTION("""COMPUTED_VALUE"""),2000.0) -> 2000 | T15: =IFERROR(__xludf.DUMMYFUNCTION("""COMPUTED_VALUE"""),"1.00") -> 1.00 | U15: =IFERROR(__xludf.DUMMYFUNCTION("""COMPUTED_VALUE"""),"0.50") -> 0.50 | V15: =IFERROR(__xludf.DUMMYFUNCTION("""COMPUTED_VALUE"""),750.0) -> 750 | Z15: =IFERROR(__xludf.DUMMYFUNCTION("""COMPUTED_VALUE"""),"-") -> - | AA15: =IFERROR(__xludf.DUMMYFUNCTION("""COMPUTED_VALUE"""),"ノックバック耐性") -> ノックバック耐性 | AB15: =IFERROR(__xludf.DUMMYFUNCTION("""COMPUTED_VALUE"""),"dageki_1") -> dageki_1
D17: =IFERROR(__xludf.DUMMYFUNCTION("""COMPUTED_VALUE"""),"___") -> ___ | E17: =IFERROR(__xludf.DUMMYFUNCTION("""COMPUTED_VALUE"""),"none") -> none | F17: =IFERROR(__xludf.DUMMYFUNCTION("""COMPUTED_VALUE"""),"none") -> none | G17: =IFERROR(__xludf.DUMMYFUNCTION("""COMPUTED_VALUE"""),"none") -> none | I17: =IFERROR(__xludf.DUMMYFUNCTION("""COMPUTED_VALUE"""),"none") -> none | T17: =IFERROR(__xludf.DUMMYFUNCTION("""COMPUTED_VALUE"""),"none") -> none | U17: =IFERROR(__xludf.DUMMYFUNCTION("""COMPUTED_VALUE"""),"none") -> none | W17: =IFERROR(__xludf.DUMMYFUNCTION("""COMPUTED_VALUE"""),"none") -> none | X17: =IFERROR(__xludf.DUMMYFUNCTION("""COMPUTED_VALUE"""),"none") -> none
B18: =IFERROR(__xludf.DUMMYFUNCTION("""COMPUTED_VALUE"""),"enemy_chi_00001") -> enemy_chi_00001 | C18: =IFERROR(__xludf.DUMMYFUNCTION("""COMPUTED_VALUE"""),"_general") -> _general | D18: =IFERROR(__xludf.DUMMYFUNCTION("""COMPUTED_VALUE"""),"e_chi_00001_general_Boss_Yellow") -> e_chi_00001_general_Boss_Yellow | E18: =IFERROR(__xludf.DUMMYFUNCTION("""COMPUTED_VALUE"""),"チェンソーマン") -> チェンソーマン | F18: =IFERROR(__xludf.DUMMYFUNCTION("""COMPUTED_VALUE"""),"ゾンビの悪魔") -> ゾンビの悪魔 | G18: =IFERROR(__xludf.DUMMYFUNCTION("""COMPUTED_VALUE"""),"ゾンビの悪魔_general") -> ゾンビの悪魔_general | H18: =IFERROR(__xludf.DUMMYFUNCTION("""COMPUTED_VALUE"""),"Boss") -> Boss | I18: =IFERROR(__xludf.DUMMYFUNCTION("""COMPUTED_VALUE"""),"Attack") -> Attack | J18: =IFERROR(__xludf.DUMMYFUNCTION("""COMPUTED_VALUE"""),"Yellow") -> Yellow | K18: =IFERROR(__xludf.DUMMYFUNCTION("""COMPUTED_VALUE"""),300000.0) -> 300000 | L18: =IFERROR(__xludf.DUMMYFUNCTION("""COMPUTED_VALUE"""),1.0) -> 1 | M18: =IFERROR(__xludf.DUMMYFUNCTION("""COMPUTED_VALUE"""),40.0) -> 40 | N18: =IFERROR(__xludf.DUMMYFUNCTION("""COMPUTED_VALUE"""),0.3) -> 0.3 | O18: =IFERROR(__xludf.DUMMYFUNCTION("""COMPUTED_VALUE"""),500.0) -> 500 | P18: =IFERROR(__xludf.DUMMYFUNCTION("""COMPUTED_VALUE"""),0.0) -> 0 | Q18: =IFERROR(__xludf.DUMMYFUNCTION("""COMPUTED_VALUE"""),0.4) -> 0.4 | R18: =IFERROR(__xludf.DUMMYFUNCTION("""COMPUTED_VALUE"""),100.0) -> 100 | S18: =IFERROR(__xludf.DUMMYFUNCTION("""COMPUTED_VALUE"""),50.0) -> 50 | T18: =IFERROR(__xludf.DUMMYFUNCTION("""COMPUTED_VALUE"""),"1.13") -> 1.13 | U18: =IFERROR(__xludf.DUMMYFUNCTION("""COMPUTED_VALUE"""),"0.20") -> 0.20 | V18: =IFERROR(__xludf.DUMMYFUNCTION("""COMPUTED_VALUE"""),100.0) -> 100 | W18: =IFERROR(__xludf.DUMMYFUNCTION("""COMPUTED_VALUE"""),"-") -> - | X18: =IFERROR(__xludf.DUMMYFUNCTION("""COMPUTED_VALUE"""),"-") -> - | Z18: =IFERROR(__xludf.DUMMYFUNCTION("""COMPUTED_VALUE"""),7.0) -> 7 | AB18: =IFERROR(__xludf.DUMMYFUNCTION("""COMPUTED_VALUE"""),"dageki_2") -> dageki_2
B19: =IFERROR(__xludf.DUMMYFUNCTION("""COMPUTED_VALUE"""),"enemy_chi_00101") -> enemy_chi_00101 | C19: =IFERROR(__xludf.DUMMYFUNCTION("""COMPUTED_VALUE"""),"_general") -> _general | D19: =IFERROR(__xludf.DUMMYFUNCTION("""COMPUTED_VALUE"""),"e_chi_00101_general_Normal_Colorless") -> e_chi_00101_general_Normal_Colorless | E19: =IFERROR(__xludf.DUMMYFUNCTION("""COMPUTED_VALUE"""),"チェンソーマン") -> チェンソーマン | F19: =IFERROR(__xludf.DUMMYFUNCTION("""COMPUTED_VALUE"""),"ゾンビ") -> ゾンビ | G19: =IFERROR(__xludf.DUMMYFUNCTION("""COMPUTED_VALUE"""),"ゾンビ_general") -> ゾンビ_general | H19: =IFERROR(__xludf.DUMMYFUNCTION("""COMPUTED_VALUE"""),"Normal") -> Normal | I19: =IFERROR(__xludf.DUMMYFUNCTION("""COMPUTED_VALUE"""),"Defense") -> Defense | J19: =IFERROR(__xludf.DUMMYFUNCTION("""COMPUTED_VALUE"""),"Colorless") -> Colorless | K19: =IFERROR(__xludf.DUMMYFUNCTION("""COMPUTED_VALUE"""),5000.0) -> 5000 | L19: =IFERROR(__xludf.DUMMYFUNCTION("""COMPUTED_VALUE"""),1.0) -> 1 | M19: =IFERROR(__xludf.DUMMYFUNCTION("""COMPUTED_VALUE"""),35.0) -> 35 | N19: =IFERROR(__xludf.DUMMYFUNCTION("""COMPUTED_VALUE"""),0.11) -> 0.11 | O19: =IFERROR(__xludf.DUMMYFUNCTION("""COMPUTED_VALUE"""),400.0) -> 400 | P19: =IFERROR(__xludf.DUMMYFUNCTION("""COMPUTED_VALUE"""),0.0) -> 0 | Q19: =IFERROR(__xludf.DUMMYFUNCTION("""COMPUTED_VALUE"""),0.2) -> 0.2 | R19: =IFERROR(__xludf.DUMMYFUNCTION("""COMPUTED_VALUE"""),1.0) -> 1 | S19: =IFERROR(__xludf.DUMMYFUNCTION("""COMPUTED_VALUE"""),50.0) -> 50 | T19: =IFERROR(__xludf.DUMMYFUNCTION("""COMPUTED_VALUE"""),"1.90") -> 1.90 | U19: =IFERROR(__xludf.DUMMYFUNCTION("""COMPUTED_VALUE"""),"0.66") -> 0.66 | V19: =IFERROR(__xludf.DUMMYFUNCTION("""COMPUTED_VALUE"""),45.0) -> 45 | W19: =IFERROR(__xludf.DUMMYFUNCTION("""COMPUTED_VALUE"""),"-") -> - | X19: =IFERROR(__xludf.DUMMYFUNCTION("""COMPUTED_VALUE"""),"-") -> - | Z19: =IFERROR(__xludf.DUMMYFUNCTION("""COMPUTED_VALUE"""),"-") -> - | AB19: =IFERROR(__xludf.DUMMYFUNCTION("""COMPUTED_VALUE"""),"dageki_1") -> dageki_1
B20: =IFERROR(__xludf.DUMMYFUNCTION("""COMPUTED_VALUE"""),"enemy_chi_00101") -> enemy_chi_00101 | C20: =IFERROR(__xludf.DUMMYFUNCTION("""COMPUTED_VALUE"""),"_general") -> _general | D20: =IFERROR(__xludf.DUMMYFUNCTION("""COMPUTED_VALUE"""),"e_chi_00101_general_Normal_Yellow") -> e_chi_00101_general_Normal_Yellow | E20: =IFERROR(__xludf.DUMMYFUNCTION("""COMPUTED_VALUE"""),"チェンソーマン") -> チェンソーマン | F20: =IFERROR(__xludf.DUMMYFUNCTION("""COMPUTED_VALUE"""),"ゾンビ") -> ゾンビ | G20: =IFERROR(__xludf.DUMMYFUNCTION("""COMPUTED_VALUE"""),"ゾンビ_general") -> ゾンビ_general | H20: =IFERROR(__xludf.DUMMYFUNCTION("""COMPUTED_VALUE"""),"Normal") -> Normal | I20: =IFERROR(__xludf.DUMMYFUNCTION("""COMPUTED_VALUE"""),"Technical") -> Technical | J20: =IFERROR(__xludf.DUMMYFUNCTION("""COMPUTED_VALUE"""),"Yellow") -> Yellow | K20: =IFERROR(__xludf.DUMMYFUNCTION("""COMPUTED_VALUE"""),13000.0) -> 13000 | L20: =IFERROR(__xludf.DUMMYFUNCTION("""COMPUTED_VALUE"""),1.0) -> 1 | M20: =IFERROR(__xludf.DUMMYFUNCTION("""COMPUTED_VALUE"""),35.0) -> 35 | N20: =IFERROR(__xludf.DUMMYFUNCTION("""COMPUTED_VALUE"""),0.11) -> 0.11 | O20: =IFERROR(__xludf.DUMMYFUNCTION("""COMPUTED_VALUE"""),900.0) -> 900 | P20: =IFERROR(__xludf.DUMMYFUNCTION("""COMPUTED_VALUE"""),0.0) -> 0 | Q20: =IFERROR(__xludf.DUMMYFUNCTION("""COMPUTED_VALUE"""),0.2) -> 0.2 | R20: =IFERROR(__xludf.DUMMYFUNCTION("""COMPUTED_VALUE"""),1.0) -> 1 | S20: =IFERROR(__xludf.DUMMYFUNCTION("""COMPUTED_VALUE"""),50.0) -> 50 | T20: =IFERROR(__xludf.DUMMYFUNCTION("""COMPUTED_VALUE"""),"1.90") -> 1.90 | U20: =IFERROR(__xludf.DUMMYFUNCTION("""COMPUTED_VALUE"""),"0.66") -> 0.66 | V20: =IFERROR(__xludf.DUMMYFUNCTION("""COMPUTED_VALUE"""),45.0) -> 45 | W20: =IFERROR(__xludf.DUMMYFUNCTION("""COMPUTED_VALUE"""),"-") -> - | X20: =IFERROR(__xludf.DUMMYFUNCTION("""COMPUTED_VALUE"""),"-") -> - | Z20: =IFERROR(__xludf.DUMMYFUNCTION("""COMPUTED_VALUE"""),"-") -> - | AB20: =IFERROR(__xludf.DUMMYFUNCTION("""COMPUTED_VALUE"""),"dageki_1") -> dageki_1
B21: =IFERROR(__xludf.DUMMYFUNCTION("""COMPUTED_VALUE"""),"enemy_chi_00201") -> enemy_chi_00201 | C21: =IFERROR(__xludf.DUMMYFUNCTION("""COMPUTED_VALUE"""),"_general") -> _general | D21: =IFERROR(__xludf.DUMMYFUNCTION("""COMPUTED_VALUE"""),"e_chi_00201_general_Normal_Yellow") -> e_chi_00201_general_Normal_Yellow | E21: =IFERROR(__xludf.DUMMYFUNCTION("""COMPUTED_VALUE"""),"チェンソーマン") -> チェンソーマン | F21: =IFERROR(__xludf.DUMMYFUNCTION("""COMPUTED_VALUE"""),"コウモリの悪魔") -> コウモリの悪魔 | G21: =IFERROR(__xludf.DUMMYFUNCTION("""COMPUTED_VALUE"""),"コウモリの悪魔_general") -> コウモリの悪魔_general | H21: =IFERROR(__xludf.DUMMYFUNCTION("""COMPUTED_VALUE"""),"Normal") -> Normal | I21: =IFERROR(__xludf.DUMMYFUNCTION("""COMPUTED_VALUE"""),"Attack") -> Attack | J21: =IFERROR(__xludf.DUMMYFUNCTION("""COMPUTED_VALUE"""),"Yellow") -> Yellow | K21: =IFERROR(__xludf.DUMMYFUNCTION("""COMPUTED_VALUE"""),200000.0) -> 200000 | L21: =IFERROR(__xludf.DUMMYFUNCTION("""COMPUTED_VALUE"""),6.0) -> 6 | M21: =IFERROR(__xludf.DUMMYFUNCTION("""COMPUTED_VALUE"""),50.0) -> 50 | N21: =IFERROR(__xludf.DUMMYFUNCTION("""COMPUTED_VALUE"""),0.2) -> 0.2 | O21: =IFERROR(__xludf.DUMMYFUNCTION("""COMPUTED_VALUE"""),400.0) -> 400 | P21: =IFERROR(__xludf.DUMMYFUNCTION("""COMPUTED_VALUE"""),0.0) -> 0 | Q21: =IFERROR(__xludf.DUMMYFUNCTION("""COMPUTED_VALUE"""),0.3) -> 0.3 | R21: =IFERROR(__xludf.DUMMYFUNCTION("""COMPUTED_VALUE"""),1.0) -> 1 | S21: =IFERROR(__xludf.DUMMYFUNCTION("""COMPUTED_VALUE"""),50.0) -> 50 | T21: =IFERROR(__xludf.DUMMYFUNCTION("""COMPUTED_VALUE"""),"1.34") -> 1.34 | U21: =IFERROR(__xludf.DUMMYFUNCTION("""COMPUTED_VALUE"""),"0.33") -> 0.33 | V21: =IFERROR(__xludf.DUMMYFUNCTION("""COMPUTED_VALUE"""),45.0) -> 45 | W21: =IFERROR(__xludf.DUMMYFUNCTION("""COMPUTED_VALUE"""),"-") -> - | X21: =IFERROR(__xludf.DUMMYFUNCTION("""COMPUTED_VALUE"""),"-") -> - | Z21: =IFERROR(__xludf.DUMMYFUNCTION("""COMPUTED_VALUE"""),"-") -> - | AB21: =IFERROR(__xludf.DUMMYFUNCTION("""COMPUTED_VALUE"""),"dageki_1") -> dageki_1
B22: =IFERROR(__xludf.DUMMYFUNCTION("""COMPUTED_VALUE"""),"enemy_chi_00201") -> enemy_chi_00201 | C22: =IFERROR(__xludf.DUMMYFUNCTION("""COMPUTED_VALUE"""),"_general") -> _general | D22: =IFERROR(__xludf.DUMMYFUNCTION("""COMPUTED_VALUE"""),"e_chi_00201_general_Boss_Yellow") -> e_chi_00201_general_Boss_Yellow | E22: =IFERROR(__xludf.DUMMYFUNCTION("""COMPUTED_VALUE"""),"チェンソーマン") -> チェンソーマン | F22: =IFERROR(__xludf.DUMMYFUNCTION("""COMPUTED_VALUE"""),"コウモリの悪魔") -> コウモリの悪魔 | G22: =IFERROR(__xludf.DUMMYFUNCTION("""COMPUTED_VALUE"""),"コウモリの悪魔_general") -> コウモリの悪魔_general | H22: =IFERROR(__xludf.DUMMYFUNCTION("""COMPUTED_VALUE"""),"Boss") -> Boss | I22: =IFERROR(__xludf.DUMMYFUNCTION("""COMPUTED_VALUE"""),"Attack") -> Attack | J22: =IFERROR(__xludf.DUMMYFUNCTION("""COMPUTED_VALUE"""),"Yellow") -> Yellow | K22: =IFERROR(__xludf.DUMMYFUNCTION("""COMPUTED_VALUE"""),500000.0) -> 500000 | L22: =IFERROR(__xludf.DUMMYFUNCTION("""COMPUTED_VALUE"""),3.0) -> 3 | M22: =IFERROR(__xludf.DUMMYFUNCTION("""COMPUTED_VALUE"""),50.0) -> 50 | N22: =IFERROR(__xludf.DUMMYFUNCTION("""COMPUTED_VALUE"""),0.2) -> 0.2 | O22: =IFERROR(__xludf.DUMMYFUNCTION("""COMPUTED_VALUE"""),400.0) -> 400 | P22: =IFERROR(__xludf.DUMMYFUNCTION("""COMPUTED_VALUE"""),0.0) -> 0 | Q22: =IFERROR(__xludf.DUMMYFUNCTION("""COMPUTED_VALUE"""),0.3) -> 0.3 | R22: =IFERROR(__xludf.DUMMYFUNCTION("""COMPUTED_VALUE"""),1.0) -> 1 | S22: =IFERROR(__xludf.DUMMYFUNCTION("""COMPUTED_VALUE"""),50.0) -> 50 | T22: =IFERROR(__xludf.DUMMYFUNCTION("""COMPUTED_VALUE"""),"1.34") -> 1.34 | U22: =IFERROR(__xludf.DUMMYFUNCTION("""COMPUTED_VALUE"""),"0.33") -> 0.33 | V22: =IFERROR(__xludf.DUMMYFUNCTION("""COMPUTED_VALUE"""),75.0) -> 75 | W22: =IFERROR(__xludf.DUMMYFUNCTION("""COMPUTED_VALUE"""),"-") -> - | X22: =IFERROR(__xludf.DUMMYFUNCTION("""COMPUTED_VALUE"""),"-") -> - | Z22: =IFERROR(__xludf.DUMMYFUNCTION("""COMPUTED_VALUE"""),7.0) -> 7 | AB22: =IFERROR(__xludf.DUMMYFUNCTION("""COMPUTED_VALUE"""),"dageki_1") -> dageki_1
B23: =IFERROR(__xludf.DUMMYFUNCTION("""COMPUTED_VALUE"""),"chara_chi_00201") -> chara_chi_00201 | C23: =IFERROR(__xludf.DUMMYFUNCTION("""COMPUTED_VALUE"""),"_general") -> _general | D23: =IFERROR(__xludf.DUMMYFUNCTION("""COMPUTED_VALUE"""),"c_chi_00201_general_Boss_Yellow") -> c_chi_00201_general_Boss_Yellow | E23: =IFERROR(__xludf.DUMMYFUNCTION("""COMPUTED_VALUE"""),"チェンソーマン") -> チェンソーマン | F23: =IFERROR(__xludf.DUMMYFUNCTION("""COMPUTED_VALUE"""),"早川 アキ") -> 早川 アキ | G23: =IFERROR(__xludf.DUMMYFUNCTION("""COMPUTED_VALUE"""),"早川 アキ_general") -> 早川 アキ_general | H23: =IFERROR(__xludf.DUMMYFUNCTION("""COMPUTED_VALUE"""),"Boss") -> Boss | I23: =IFERROR(__xludf.DUMMYFUNCTION("""COMPUTED_VALUE"""),"Attack") -> Attack | J23: =IFERROR(__xludf.DUMMYFUNCTION("""COMPUTED_VALUE"""),"Yellow") -> Yellow | K23: =IFERROR(__xludf.DUMMYFUNCTION("""COMPUTED_VALUE"""),400000.0) -> 400000 | L23: =IFERROR(__xludf.DUMMYFUNCTION("""COMPUTED_VALUE"""),1.0) -> 1 | M23: =IFERROR(__xludf.DUMMYFUNCTION("""COMPUTED_VALUE"""),45.0) -> 45 | N23: =IFERROR(__xludf.DUMMYFUNCTION("""COMPUTED_VALUE"""),0.11) -> 0.11 | O23: =IFERROR(__xludf.DUMMYFUNCTION("""COMPUTED_VALUE"""),700.0) -> 700 | P23: =IFERROR(__xludf.DUMMYFUNCTION("""COMPUTED_VALUE"""),0.0) -> 0 | Q23: =IFERROR(__xludf.DUMMYFUNCTION("""COMPUTED_VALUE"""),0.2) -> 0.2 | R23: =IFERROR(__xludf.DUMMYFUNCTION("""COMPUTED_VALUE"""),1.0) -> 1 | S23: =IFERROR(__xludf.DUMMYFUNCTION("""COMPUTED_VALUE"""),50.0) -> 50 | T23: =IFERROR(__xludf.DUMMYFUNCTION("""COMPUTED_VALUE"""),"1.60") -> 1.60 | U23: =IFERROR(__xludf.DUMMYFUNCTION("""COMPUTED_VALUE"""),"0.84") -> 0.84 | V23: =IFERROR(__xludf.DUMMYFUNCTION("""COMPUTED_VALUE"""),50.0) -> 50 | W23: =IFERROR(__xludf.DUMMYFUNCTION("""COMPUTED_VALUE"""),"2.44") -> 2.44 | X23: =IFERROR(__xludf.DUMMYFUNCTION("""COMPUTED_VALUE"""),"1.64") -> 1.64 | Y23: =IFERROR(__xludf.DUMMYFUNCTION("""COMPUTED_VALUE"""),"範囲攻撃+199秒間攻撃30%UP+100秒間被ダメージ10%カット") -> 範囲攻撃+199秒間攻撃30%UP+100秒間被ダメージ10%カット | Z23: =IFERROR(__xludf.DUMMYFUNCTION("""COMPUTED_VALUE"""),7.0) -> 7 | AB23: =IFERROR(__xludf.DUMMYFUNCTION("""COMPUTED_VALUE"""),"dageki_1") -> dageki_1
B24: =IFERROR(__xludf.DUMMYFUNCTION("""COMPUTED_VALUE"""),"chara_chi_00201") -> chara_chi_00201 | C24: =IFERROR(__xludf.DUMMYFUNCTION("""COMPUTED_VALUE"""),"_general") -> _general | D24: =IFERROR(__xludf.DUMMYFUNCTION("""COMPUTED_VALUE"""),"c_chi_00201_general_Normal_Colorless") -> c_chi_00201_general_Normal_Colorless | E24: =IFERROR(__xludf.DUMMYFUNCTION("""COMPUTED_VALUE"""),"チェンソーマン") -> チェンソーマン | F24: =IFERROR(__xludf.DUMMYFUNCTION("""COMPUTED_VALUE"""),"早川 アキ") -> 早川 アキ | G24: =IFERROR(__xludf.DUMMYFUNCTION("""COMPUTED_VALUE"""),"早川 アキ_general") -> 早川 アキ_general | H24: =IFERROR(__xludf.DUMMYFUNCTION("""COMPUTED_VALUE"""),"Normal") -> Normal | I24: =IFERROR(__xludf.DUMMYFUNCTION("""COMPUTED_VALUE"""),"Attack") -> Attack | J24: =IFERROR(__xludf.DUMMYFUNCTION("""COMPUTED_VALUE"""),"Yellow") -> Yellow | K24: =IFERROR(__xludf.DUMMYFUNCTION("""COMPUTED_VALUE"""),100000.0) -> 100000 | L24: =IFERROR(__xludf.DUMMYFUNCTION("""COMPUTED_VALUE"""),3.0) -> 3 | M24: =IFERROR(__xludf.DUMMYFUNCTION("""COMPUTED_VALUE"""),45.0) -> 45 | N24: =IFERROR(__xludf.DUMMYFUNCTION("""COMPUTED_VALUE"""),0.11) -> 0.11 | O24: =IFERROR(__xludf.DUMMYFUNCTION("""COMPUTED_VALUE"""),300.0) -> 300 | P24: =IFERROR(__xludf.DUMMYFUNCTION("""COMPUTED_VALUE"""),0.0) -> 0 | Q24: =IFERROR(__xludf.DUMMYFUNCTION("""COMPUTED_VALUE"""),0.4) -> 0.4 | R24: =IFERROR(__xludf.DUMMYFUNCTION("""COMPUTED_VALUE"""),1.0) -> 1 | S24: =IFERROR(__xludf.DUMMYFUNCTION("""COMPUTED_VALUE"""),50.0) -> 50 | T24: =IFERROR(__xludf.DUMMYFUNCTION("""COMPUTED_VALUE"""),"1.60") -> 1.60 | U24: =IFERROR(__xludf.DUMMYFUNCTION("""COMPUTED_VALUE"""),"0.84") -> 0.84 | V24: =IFERROR(__xludf.DUMMYFUNCTION("""COMPUTED_VALUE"""),50.0) -> 50 | W24: =IFERROR(__xludf.DUMMYFUNCTION("""COMPUTED_VALUE"""),"2.44") -> 2.44 | X24: =IFERROR(__xludf.DUMMYFUNCTION("""COMPUTED_VALUE"""),"1.64") -> 1.64 | Y24: =IFERROR(__xludf.DUMMYFUNCTION("""COMPUTED_VALUE"""),"範囲攻撃") -> 範囲攻撃 | Z24: =IFERROR(__xludf.DUMMYFUNCTION("""COMPUTED_VALUE"""),7.0) -> 7 | AB24: =IFERROR(__xludf.DUMMYFUNCTION("""COMPUTED_VALUE"""),"dageki_1") -> dageki_1
B25: =IFERROR(__xludf.DUMMYFUNCTION("""COMPUTED_VALUE"""),"chara_chi_00201") -> chara_chi_00201 | C25: =IFERROR(__xludf.DUMMYFUNCTION("""COMPUTED_VALUE"""),"_general") -> _general | D25: =IFERROR(__xludf.DUMMYFUNCTION("""COMPUTED_VALUE"""),"c_chi_00201_general_Normal_Yellow") -> c_chi_00201_general_Normal_Yellow | E25: =IFERROR(__xludf.DUMMYFUNCTION("""COMPUTED_VALUE"""),"チェンソーマン") -> チェンソーマン | F25: =IFERROR(__xludf.DUMMYFUNCTION("""COMPUTED_VALUE"""),"早川 アキ") -> 早川 アキ | G25: =IFERROR(__xludf.DUMMYFUNCTION("""COMPUTED_VALUE"""),"早川 アキ_general") -> 早川 アキ_general | H25: =IFERROR(__xludf.DUMMYFUNCTION("""COMPUTED_VALUE"""),"Normal") -> Normal | I25: =IFERROR(__xludf.DUMMYFUNCTION("""COMPUTED_VALUE"""),"Attack") -> Attack | J25: =IFERROR(__xludf.DUMMYFUNCTION("""COMPUTED_VALUE"""),"Yellow") -> Yellow | K25: =IFERROR(__xludf.DUMMYFUNCTION("""COMPUTED_VALUE"""),100000.0) -> 100000 | L25: =IFERROR(__xludf.DUMMYFUNCTION("""COMPUTED_VALUE"""),2.0) -> 2 | M25: =IFERROR(__xludf.DUMMYFUNCTION("""COMPUTED_VALUE"""),45.0) -> 45 | N25: =IFERROR(__xludf.DUMMYFUNCTION("""COMPUTED_VALUE"""),0.11) -> 0.11 | O25: =IFERROR(__xludf.DUMMYFUNCTION("""COMPUTED_VALUE"""),300.0) -> 300 | P25: =IFERROR(__xludf.DUMMYFUNCTION("""COMPUTED_VALUE"""),0.0) -> 0 | Q25: =IFERROR(__xludf.DUMMYFUNCTION("""COMPUTED_VALUE"""),0.4) -> 0.4 | R25: =IFERROR(__xludf.DUMMYFUNCTION("""COMPUTED_VALUE"""),1.0) -> 1 | S25: =IFERROR(__xludf.DUMMYFUNCTION("""COMPUTED_VALUE"""),50.0) -> 50 | T25: =IFERROR(__xludf.DUMMYFUNCTION("""COMPUTED_VALUE"""),"1.60") -> 1.60 | U25: =IFERROR(__xludf.DUMMYFUNCTION("""COMPUTED_VALUE"""),"0.84") -> 0.84 | V25: =IFERROR(__xludf.DUMMYFUNCTION("""COMPUTED_VALUE"""),30.0) -> 30 | W25: =IFERROR(__xludf.DUMMYFUNCTION("""COMPUTED_VALUE"""),"2.44") -> 2.44 | X25: =IFERROR(__xludf.DUMMYFUNCTION("""COMPUTED_VALUE"""),"1.64") -> 1.64 | Y25: =IFERROR(__xludf.DUMMYFUNCTION("""COMPUTED_VALUE"""),"範囲攻撃") -> 範囲攻撃 | Z25: =IFERROR(__xludf.DUMMYFUNCTION("""COMPUTED_VALUE"""),7.0) -> 7 | AB25: =IFERROR(__xludf.DUMMYFUNCTION("""COMPUTED_VALUE"""),"dageki_1") -> dageki_1
B26: =IFERROR(__xludf.DUMMYFUNCTION("""COMPUTED_VALUE"""),"chara_chi_00301") -> chara_chi_00301 | C26: =IFERROR(__xludf.DUMMYFUNCTION("""COMPUTED_VALUE"""),"_general") -> _general | D26: =IFERROR(__xludf.DUMMYFUNCTION("""COMPUTED_VALUE"""),"c_chi_00301_general_Normal_Yellow") -> c_chi_00301_general_Normal_Yellow | E26: =IFERROR(__xludf.DUMMYFUNCTION("""COMPUTED_VALUE"""),"チェンソーマン") -> チェンソーマン | F26: =IFERROR(__xludf.DUMMYFUNCTION("""COMPUTED_VALUE"""),"パワー") -> パワー | G26: =IFERROR(__xludf.DUMMYFUNCTION("""COMPUTED_VALUE"""),"パワー_general") -> パワー_general | H26: =IFERROR(__xludf.DUMMYFUNCTION("""COMPUTED_VALUE"""),"Normal") -> Normal | I26: =IFERROR(__xludf.DUMMYFUNCTION("""COMPUTED_VALUE"""),"Attack") -> Attack | J26: =IFERROR(__xludf.DUMMYFUNCTION("""COMPUTED_VALUE"""),"Yellow") -> Yellow | K26: =IFERROR(__xludf.DUMMYFUNCTION("""COMPUTED_VALUE"""),250000.0) -> 250000 | L26: =IFERROR(__xludf.DUMMYFUNCTION("""COMPUTED_VALUE"""),2.0) -> 2 | M26: =IFERROR(__xludf.DUMMYFUNCTION("""COMPUTED_VALUE"""),45.0) -> 45 | N26: =IFERROR(__xludf.DUMMYFUNCTION("""COMPUTED_VALUE"""),0.2) -> 0.2 | O26: =IFERROR(__xludf.DUMMYFUNCTION("""COMPUTED_VALUE"""),500.0) -> 500 | P26: =IFERROR(__xludf.DUMMYFUNCTION("""COMPUTED_VALUE"""),0.0) -> 0 | Q26: =IFERROR(__xludf.DUMMYFUNCTION("""COMPUTED_VALUE"""),0.3) -> 0.3 | R26: =IFERROR(__xludf.DUMMYFUNCTION("""COMPUTED_VALUE"""),1.0) -> 1 | S26: =IFERROR(__xludf.DUMMYFUNCTION("""COMPUTED_VALUE"""),50.0) -> 50 | T26: =IFERROR(__xludf.DUMMYFUNCTION("""COMPUTED_VALUE"""),"1.50") -> 1.50 | U26: =IFERROR(__xludf.DUMMYFUNCTION("""COMPUTED_VALUE"""),"0.58") -> 0.58 | V26: =IFERROR(__xludf.DUMMYFUNCTION("""COMPUTED_VALUE"""),45.0) -> 45 | W26: =IFERROR(__xludf.DUMMYFUNCTION("""COMPUTED_VALUE"""),"2.67") -> 2.67 | X26: =IFERROR(__xludf.DUMMYFUNCTION("""COMPUTED_VALUE"""),"1.00") -> 1.00 | Y26: =IFERROR(__xludf.DUMMYFUNCTION("""COMPUTED_VALUE"""),"中ノックバック+25%の確率で2秒スタン+20秒間、自身の攻撃50%UP") -> 中ノックバック+25%の確率で2秒スタン+20秒間、自身の攻撃50%UP | Z26: =IFERROR(__xludf.DUMMYFUNCTION("""COMPUTED_VALUE"""),7.0) -> 7 | AB26: =IFERROR(__xludf.DUMMYFUNCTION("""COMPUTED_VALUE"""),"dageki_1") -> dageki_1
B27: =IFERROR(__xludf.DUMMYFUNCTION("""COMPUTED_VALUE"""),"chara_chi_00002") -> chara_chi_00002 | C27: =IFERROR(__xludf.DUMMYFUNCTION("""COMPUTED_VALUE"""),"_general") -> _general | D27: =IFERROR(__xludf.DUMMYFUNCTION("""COMPUTED_VALUE"""),"c_chi_00002_general_Boss_Yellow") -> c_chi_00002_general_Boss_Yellow | E27: =IFERROR(__xludf.DUMMYFUNCTION("""COMPUTED_VALUE"""),"チェンソーマン") -> チェンソーマン | F27: =IFERROR(__xludf.DUMMYFUNCTION("""COMPUTED_VALUE"""),"悪魔が恐れる悪魔 チェンソーマン") -> 悪魔が恐れる悪魔 チェンソーマン | G27: =IFERROR(__xludf.DUMMYFUNCTION("""COMPUTED_VALUE"""),"悪魔が恐れる悪魔 チェンソーマン_general") -> 悪魔が恐れる悪魔 チェンソーマン_general | H27: =IFERROR(__xludf.DUMMYFUNCTION("""COMPUTED_VALUE"""),"Boss") -> Boss | I27: =IFERROR(__xludf.DUMMYFUNCTION("""COMPUTED_VALUE"""),"Technical") -> Technical | J27: =IFERROR(__xludf.DUMMYFUNCTION("""COMPUTED_VALUE"""),"Yellow") -> Yellow | K27: =IFERROR(__xludf.DUMMYFUNCTION("""COMPUTED_VALUE"""),500000.0) -> 500000 | L27: =IFERROR(__xludf.DUMMYFUNCTION("""COMPUTED_VALUE"""),2.0) -> 2 | M27: =IFERROR(__xludf.DUMMYFUNCTION("""COMPUTED_VALUE"""),50.0) -> 50 | N27: =IFERROR(__xludf.DUMMYFUNCTION("""COMPUTED_VALUE"""),0.15) -> 0.15 | O27: =IFERROR(__xludf.DUMMYFUNCTION("""COMPUTED_VALUE"""),1000.0) -> 1000 | P27: =IFERROR(__xludf.DUMMYFUNCTION("""COMPUTED_VALUE"""),0.0) -> 0 | Q27: =IFERROR(__xludf.DUMMYFUNCTION("""COMPUTED_VALUE"""),0.2) -> 0.2 | R27: =IFERROR(__xludf.DUMMYFUNCTION("""COMPUTED_VALUE"""),1.0) -> 1 | S27: =IFERROR(__xludf.DUMMYFUNCTION("""COMPUTED_VALUE"""),50.0) -> 50 | T27: =IFERROR(__xludf.DUMMYFUNCTION("""COMPUTED_VALUE"""),"1.07") -> 1.07 | U27: =IFERROR(__xludf.DUMMYFUNCTION("""COMPUTED_VALUE"""),"stop無:1回目 0.66") -> stop無:1回目 0.66 | V27: =IFERROR(__xludf.DUMMYFUNCTION("""COMPUTED_VALUE"""),35.0) -> 35 | W27: =IFERROR(__xludf.DUMMYFUNCTION("""COMPUTED_VALUE"""),"3.74") -> 3.74 | X27: =IFERROR(__xludf.DUMMYFUNCTION("""COMPUTED_VALUE"""),"stop無:1回目 0.53 stop無:2回目 0.70 stop無:3回目 0.90 stop無:4回目 1.03 stop無:5回目 1.23 stop有:6回目 2.62") -> stop無:1回目 0.53 stop無:2回目 0.70 stop無:3回目 0.90 stop無:4回目 1.03 stop無:5回目 1.23 stop有:6回目 2.62 | Y27: =IFERROR(__xludf.DUMMYFUNCTION("""COMPUTED_VALUE"""),"連続攻撃＋最後の1発（範囲攻撃）に小ノックバック+最後の1発（範囲攻撃）で与えたダメージの100%分回復") -> 連続攻撃＋最後の1発（範囲攻撃）に小ノックバック+最後の1発（範囲攻撃）で与えたダメージの100%分回復 | Z27: =IFERROR(__xludf.DUMMYFUNCTION("""COMPUTED_VALUE"""),5.0) -> 5 | AB27: =IFERROR(__xludf.DUMMYFUNCTION("""COMPUTED_VALUE"""),"zangeki_1") -> zangeki_1
D28: =IFERROR(__xludf.DUMMYFUNCTION("""COMPUTED_VALUE"""),"___") -> ___ | E28: =IFERROR(__xludf.DUMMYFUNCTION("""COMPUTED_VALUE"""),"none") -> none | F28: =IFERROR(__xludf.DUMMYFUNCTION("""COMPUTED_VALUE"""),"none") -> none | G28: =IFERROR(__xludf.DUMMYFUNCTION("""COMPUTED_VALUE"""),"none") -> none | I28: =IFERROR(__xludf.DUMMYFUNCTION("""COMPUTED_VALUE"""),"none") -> none | T28: =IFERROR(__xludf.DUMMYFUNCTION("""COMPUTED_VALUE"""),"none") -> none | U28: =IFERROR(__xludf.DUMMYFUNCTION("""COMPUTED_VALUE"""),"none") -> none | W28: =IFERROR(__xludf.DUMMYFUNCTION("""COMPUTED_VALUE"""),"none") -> none | X28: =IFERROR(__xludf.DUMMYFUNCTION("""COMPUTED_VALUE"""),"none") -> none | AB28: =IFERROR(__xludf.DUMMYFUNCTION("""COMPUTED_VALUE"""),"none") -> none
B29: =IFERROR(__xludf.DUMMYFUNCTION("""COMPUTED_VALUE"""),"enemy_glo_00001") -> enemy_glo_00001 | C29: =IFERROR(__xludf.DUMMYFUNCTION("""COMPUTED_VALUE"""),"_general_chi_vh") -> _general_chi_vh | D29: =IFERROR(__xludf.DUMMYFUNCTION("""COMPUTED_VALUE"""),"e_glo_00001_general_chi_vh_Normal_Blue") -> e_glo_00001_general_chi_vh_Normal_Blue | E29: =IFERROR(__xludf.DUMMYFUNCTION("""COMPUTED_VALUE"""),"GLOW") -> GLOW | F29: =IFERROR(__xludf.DUMMYFUNCTION("""COMPUTED_VALUE"""),"ファントム") -> ファントム | G29: =IFERROR(__xludf.DUMMYFUNCTION("""COMPUTED_VALUE"""),"ファントム_general_chi_vh") -> ファントム_general_chi_vh | H29: =IFERROR(__xludf.DUMMYFUNCTION("""COMPUTED_VALUE"""),"Normal") -> Normal | I29: =IFERROR(__xludf.DUMMYFUNCTION("""COMPUTED_VALUE"""),"Defense") -> Defense | J29: =IFERROR(__xludf.DUMMYFUNCTION("""COMPUTED_VALUE"""),"Blue") -> Blue | K29: =IFERROR(__xludf.DUMMYFUNCTION("""COMPUTED_VALUE"""),30000.0) -> 30000 | L29: =IFERROR(__xludf.DUMMYFUNCTION("""COMPUTED_VALUE"""),2.0) -> 2 | M29: =IFERROR(__xludf.DUMMYFUNCTION("""COMPUTED_VALUE"""),45.0) -> 45 | N29: =IFERROR(__xludf.DUMMYFUNCTION("""COMPUTED_VALUE"""),0.11) -> 0.11 | O29: =IFERROR(__xludf.DUMMYFUNCTION("""COMPUTED_VALUE"""),1000.0) -> 1000 | P29: =IFERROR(__xludf.DUMMYFUNCTION("""COMPUTED_VALUE"""),0.0) -> 0 | S29: =IFERROR(__xludf.DUMMYFUNCTION("""COMPUTED_VALUE"""),0.0) -> 0 | T29: =IFERROR(__xludf.DUMMYFUNCTION("""COMPUTED_VALUE"""),"1.00") -> 1.00 | U29: =IFERROR(__xludf.DUMMYFUNCTION("""COMPUTED_VALUE"""),"0.50") -> 0.50 | Z29: =IFERROR(__xludf.DUMMYFUNCTION("""COMPUTED_VALUE"""),"-") -> -
B30: =IFERROR(__xludf.DUMMYFUNCTION("""COMPUTED_VALUE"""),"enemy_glo_00001") -> enemy_glo_00001 | C30: =IFERROR(__xludf.DUMMYFUNCTION("""COMPUTED_VALUE"""),"_general_chi_vh") -> _general_chi_vh | D30: =IFERROR(__xludf.DUMMYFUNCTION("""COMPUTED_VALUE"""),"e_glo_00001_general_chi_vh_Normal_Red") -> e_glo_00001_general_chi_vh_Normal_Red | E30: =IFERROR(__xludf.DUMMYFUNCTION("""COMPUTED_VALUE"""),"GLOW") -> GLOW | F30: =IFERROR(__xludf.DUMMYFUNCTION("""COMPUTED_VALUE"""),"ファントム") -> ファントム | G30: =IFERROR(__xludf.DUMMYFUNCTION("""COMPUTED_VALUE"""),"ファントム_general_chi_vh") -> ファントム_general_chi_vh | H30: =IFERROR(__xludf.DUMMYFUNCTION("""COMPUTED_VALUE"""),"Normal") -> Normal | I30: =IFERROR(__xludf.DUMMYFUNCTION("""COMPUTED_VALUE"""),"Defense") -> Defense | J30: =IFERROR(__xludf.DUMMYFUNCTION("""COMPUTED_VALUE"""),"Red") -> Red | K30: =IFERROR(__xludf.DUMMYFUNCTION("""COMPUTED_VALUE"""),30000.0) -> 30000 | L30: =IFERROR(__xludf.DUMMYFUNCTION("""COMPUTED_VALUE"""),2.0) -> 2 | M30: =IFERROR(__xludf.DUMMYFUNCTION("""COMPUTED_VALUE"""),45.0) -> 45 | N30: =IFERROR(__xludf.DUMMYFUNCTION("""COMPUTED_VALUE"""),0.11) -> 0.11 | O30: =IFERROR(__xludf.DUMMYFUNCTION("""COMPUTED_VALUE"""),1000.0) -> 1000 | P30: =IFERROR(__xludf.DUMMYFUNCTION("""COMPUTED_VALUE"""),0.0) -> 0 | S30: =IFERROR(__xludf.DUMMYFUNCTION("""COMPUTED_VALUE"""),0.0) -> 0 | T30: =IFERROR(__xludf.DUMMYFUNCTION("""COMPUTED_VALUE"""),"1.00") -> 1.00 | U30: =IFERROR(__xludf.DUMMYFUNCTION("""COMPUTED_VALUE"""),"0.50") -> 0.50 | Z30: =IFERROR(__xludf.DUMMYFUNCTION("""COMPUTED_VALUE"""),"-") -> -
B31: =IFERROR(__xludf.DUMMYFUNCTION("""COMPUTED_VALUE"""),"enemy_glo_00001") -> enemy_glo_00001 | C31: =IFERROR(__xludf.DUMMYFUNCTION("""COMPUTED_VALUE"""),"_general_chi_vh") -> _general_chi_vh | D31: =IFERROR(__xludf.DUMMYFUNCTION("""COMPUTED_VALUE"""),"e_glo_00001_general_chi_vh_Normal_Yellow") -> e_glo_00001_general_chi_vh_Normal_Yellow | E31: =IFERROR(__xludf.DUMMYFUNCTION("""COMPUTED_VALUE"""),"GLOW") -> GLOW | F31: =IFERROR(__xludf.DUMMYFUNCTION("""COMPUTED_VALUE"""),"ファントム") -> ファントム | G31: =IFERROR(__xludf.DUMMYFUNCTION("""COMPUTED_VALUE"""),"ファントム_general_chi_vh") -> ファントム_general_chi_vh | H31: =IFERROR(__xludf.DUMMYFUNCTION("""COMPUTED_VALUE"""),"Normal") -> Normal | I31: =IFERROR(__xludf.DUMMYFUNCTION("""COMPUTED_VALUE"""),"Defense") -> Defense | J31: =IFERROR(__xludf.DUMMYFUNCTION("""COMPUTED_VALUE"""),"Yellow") -> Yellow | K31: =IFERROR(__xludf.DUMMYFUNCTION("""COMPUTED_VALUE"""),30000.0) -> 30000 | L31: =IFERROR(__xludf.DUMMYFUNCTION("""COMPUTED_VALUE"""),2.0) -> 2 | M31: =IFERROR(__xludf.DUMMYFUNCTION("""COMPUTED_VALUE"""),45.0) -> 45 | N31: =IFERROR(__xludf.DUMMYFUNCTION("""COMPUTED_VALUE"""),0.11) -> 0.11 | O31: =IFERROR(__xludf.DUMMYFUNCTION("""COMPUTED_VALUE"""),1000.0) -> 1000 | P31: =IFERROR(__xludf.DUMMYFUNCTION("""COMPUTED_VALUE"""),0.0) -> 0 | S31: =IFERROR(__xludf.DUMMYFUNCTION("""COMPUTED_VALUE"""),0.0) -> 0 | T31: =IFERROR(__xludf.DUMMYFUNCTION("""COMPUTED_VALUE"""),"1.00") -> 1.00 | U31: =IFERROR(__xludf.DUMMYFUNCTION("""COMPUTED_VALUE"""),"0.50") -> 0.50 | Z31: =IFERROR(__xludf.DUMMYFUNCTION("""COMPUTED_VALUE"""),"-") -> -
B32: =IFERROR(__xludf.DUMMYFUNCTION("""COMPUTED_VALUE"""),"enemy_glo_00001") -> enemy_glo_00001 | C32: =IFERROR(__xludf.DUMMYFUNCTION("""COMPUTED_VALUE"""),"_general_chi_vh") -> _general_chi_vh | D32: =IFERROR(__xludf.DUMMYFUNCTION("""COMPUTED_VALUE"""),"e_glo_00001_general_chi_vh_Normal_Green") -> e_glo_00001_general_chi_vh_Normal_Green | E32: =IFERROR(__xludf.DUMMYFUNCTION("""COMPUTED_VALUE"""),"GLOW") -> GLOW | F32: =IFERROR(__xludf.DUMMYFUNCTION("""COMPUTED_VALUE"""),"ファントム") -> ファントム | G32: =IFERROR(__xludf.DUMMYFUNCTION("""COMPUTED_VALUE"""),"ファントム_general_chi_vh") -> ファントム_general_chi_vh | H32: =IFERROR(__xludf.DUMMYFUNCTION("""COMPUTED_VALUE"""),"Normal") -> Normal | I32: =IFERROR(__xludf.DUMMYFUNCTION("""COMPUTED_VALUE"""),"Defense") -> Defense | J32: =IFERROR(__xludf.DUMMYFUNCTION("""COMPUTED_VALUE"""),"Green") -> Green | K32: =IFERROR(__xludf.DUMMYFUNCTION("""COMPUTED_VALUE"""),30000.0) -> 30000 | L32: =IFERROR(__xludf.DUMMYFUNCTION("""COMPUTED_VALUE"""),2.0) -> 2 | M32: =IFERROR(__xludf.DUMMYFUNCTION("""COMPUTED_VALUE"""),45.0) -> 45 | N32: =IFERROR(__xludf.DUMMYFUNCTION("""COMPUTED_VALUE"""),0.11) -> 0.11 | O32: =IFERROR(__xludf.DUMMYFUNCTION("""COMPUTED_VALUE"""),1000.0) -> 1000 | P32: =IFERROR(__xludf.DUMMYFUNCTION("""COMPUTED_VALUE"""),0.0) -> 0 | S32: =IFERROR(__xludf.DUMMYFUNCTION("""COMPUTED_VALUE"""),0.0) -> 0 | T32: =IFERROR(__xludf.DUMMYFUNCTION("""COMPUTED_VALUE"""),"1.00") -> 1.00 | U32: =IFERROR(__xludf.DUMMYFUNCTION("""COMPUTED_VALUE"""),"0.50") -> 0.50 | Z32: =IFERROR(__xludf.DUMMYFUNCTION("""COMPUTED_VALUE"""),"-") -> -
B33: =IFERROR(__xludf.DUMMYFUNCTION("""COMPUTED_VALUE"""),"enemy_glo_00001") -> enemy_glo_00001 | C33: =IFERROR(__xludf.DUMMYFUNCTION("""COMPUTED_VALUE"""),"_general_chi_vh") -> _general_chi_vh | D33: =IFERROR(__xludf.DUMMYFUNCTION("""COMPUTED_VALUE"""),"e_glo_00001_general_chi_vh_Normal_Colorless") -> e_glo_00001_general_chi_vh_Normal_Colorless | E33: =IFERROR(__xludf.DUMMYFUNCTION("""COMPUTED_VALUE"""),"GLOW") -> GLOW | F33: =IFERROR(__xludf.DUMMYFUNCTION("""COMPUTED_VALUE"""),"ファントム") -> ファントム | G33: =IFERROR(__xludf.DUMMYFUNCTION("""COMPUTED_VALUE"""),"ファントム_general_chi_vh") -> ファントム_general_chi_vh | H33: =IFERROR(__xludf.DUMMYFUNCTION("""COMPUTED_VALUE"""),"Normal") -> Normal | I33: =IFERROR(__xludf.DUMMYFUNCTION("""COMPUTED_VALUE"""),"Defense") -> Defense | J33: =IFERROR(__xludf.DUMMYFUNCTION("""COMPUTED_VALUE"""),"Colorless") -> Colorless | K33: =IFERROR(__xludf.DUMMYFUNCTION("""COMPUTED_VALUE"""),30000.0) -> 30000 | L33: =IFERROR(__xludf.DUMMYFUNCTION("""COMPUTED_VALUE"""),2.0) -> 2 | M33: =IFERROR(__xludf.DUMMYFUNCTION("""COMPUTED_VALUE"""),45.0) -> 45 | N33: =IFERROR(__xludf.DUMMYFUNCTION("""COMPUTED_VALUE"""),0.11) -> 0.11 | O33: =IFERROR(__xludf.DUMMYFUNCTION("""COMPUTED_VALUE"""),1000.0) -> 1000 | P33: =IFERROR(__xludf.DUMMYFUNCTION("""COMPUTED_VALUE"""),0.0) -> 0 | S33: =IFERROR(__xludf.DUMMYFUNCTION("""COMPUTED_VALUE"""),0.0) -> 0 | T33: =IFERROR(__xludf.DUMMYFUNCTION("""COMPUTED_VALUE"""),"1.00") -> 1.00 | U33: =IFERROR(__xludf.DUMMYFUNCTION("""COMPUTED_VALUE"""),"0.50") -> 0.50 | Z33: =IFERROR(__xludf.DUMMYFUNCTION("""COMPUTED_VALUE"""),"-") -> -
B34: =IFERROR(__xludf.DUMMYFUNCTION("""COMPUTED_VALUE"""),"enemy_glo_00001") -> enemy_glo_00001 | C34: =IFERROR(__xludf.DUMMYFUNCTION("""COMPUTED_VALUE"""),"_general_chi_vh_big") -> _general_chi_vh_big | D34: =IFERROR(__xludf.DUMMYFUNCTION("""COMPUTED_VALUE"""),"e_glo_00001_general_chi_vh_big_Normal_Red") -> e_glo_00001_general_chi_vh_big_Normal_Red | E34: =IFERROR(__xludf.DUMMYFUNCTION("""COMPUTED_VALUE"""),"GLOW") -> GLOW | F34: =IFERROR(__xludf.DUMMYFUNCTION("""COMPUTED_VALUE"""),"ファントム") -> ファントム | G34: =IFERROR(__xludf.DUMMYFUNCTION("""COMPUTED_VALUE"""),"ファントム_general_chi_vh_big") -> ファントム_general_chi_vh_big | H34: =IFERROR(__xludf.DUMMYFUNCTION("""COMPUTED_VALUE"""),"Normal") -> Normal | I34: =IFERROR(__xludf.DUMMYFUNCTION("""COMPUTED_VALUE"""),"Defense") -> Defense | J34: =IFERROR(__xludf.DUMMYFUNCTION("""COMPUTED_VALUE"""),"Red") -> Red | K34: =IFERROR(__xludf.DUMMYFUNCTION("""COMPUTED_VALUE"""),70000.0) -> 70000 | L34: =IFERROR(__xludf.DUMMYFUNCTION("""COMPUTED_VALUE"""),2.0) -> 2 | M34: =IFERROR(__xludf.DUMMYFUNCTION("""COMPUTED_VALUE"""),50.0) -> 50 | N34: =IFERROR(__xludf.DUMMYFUNCTION("""COMPUTED_VALUE"""),0.2) -> 0.2 | O34: =IFERROR(__xludf.DUMMYFUNCTION("""COMPUTED_VALUE"""),3000.0) -> 3000 | P34: =IFERROR(__xludf.DUMMYFUNCTION("""COMPUTED_VALUE"""),0.0) -> 0 | S34: =IFERROR(__xludf.DUMMYFUNCTION("""COMPUTED_VALUE"""),0.0) -> 0 | T34: =IFERROR(__xludf.DUMMYFUNCTION("""COMPUTED_VALUE"""),"1.00") -> 1.00 | U34: =IFERROR(__xludf.DUMMYFUNCTION("""COMPUTED_VALUE"""),"0.50") -> 0.50 | Z34: =IFERROR(__xludf.DUMMYFUNCTION("""COMPUTED_VALUE"""),"-") -> -
B35: =IFERROR(__xludf.DUMMYFUNCTION("""COMPUTED_VALUE"""),"enemy_glo_00001") -> enemy_glo_00001 | C35: =IFERROR(__xludf.DUMMYFUNCTION("""COMPUTED_VALUE"""),"_general_chi_vh_big") -> _general_chi_vh_big | D35: =IFERROR(__xludf.DUMMYFUNCTION("""COMPUTED_VALUE"""),"e_glo_00001_general_chi_vh_big_Normal_Yellow") -> e_glo_00001_general_chi_vh_big_Normal_Yellow | E35: =IFERROR(__xludf.DUMMYFUNCTION("""COMPUTED_VALUE"""),"GLOW") -> GLOW | F35: =IFERROR(__xludf.DUMMYFUNCTION("""COMPUTED_VALUE"""),"ファントム") -> ファントム | G35: =IFERROR(__xludf.DUMMYFUNCTION("""COMPUTED_VALUE"""),"ファントム_general_chi_vh_big") -> ファントム_general_chi_vh_big | H35: =IFERROR(__xludf.DUMMYFUNCTION("""COMPUTED_VALUE"""),"Normal") -> Normal | I35: =IFERROR(__xludf.DUMMYFUNCTION("""COMPUTED_VALUE"""),"Defense") -> Defense | J35: =IFERROR(__xludf.DUMMYFUNCTION("""COMPUTED_VALUE"""),"Yellow") -> Yellow | K35: =IFERROR(__xludf.DUMMYFUNCTION("""COMPUTED_VALUE"""),70000.0) -> 70000 | L35: =IFERROR(__xludf.DUMMYFUNCTION("""COMPUTED_VALUE"""),2.0) -> 2 | M35: =IFERROR(__xludf.DUMMYFUNCTION("""COMPUTED_VALUE"""),50.0) -> 50 | N35: =IFERROR(__xludf.DUMMYFUNCTION("""COMPUTED_VALUE"""),0.2) -> 0.2 | O35: =IFERROR(__xludf.DUMMYFUNCTION("""COMPUTED_VALUE"""),3000.0) -> 3000 | P35: =IFERROR(__xludf.DUMMYFUNCTION("""COMPUTED_VALUE"""),0.0) -> 0 | S35: =IFERROR(__xludf.DUMMYFUNCTION("""COMPUTED_VALUE"""),0.0) -> 0 | T35: =IFERROR(__xludf.DUMMYFUNCTION("""COMPUTED_VALUE"""),"1.00") -> 1.00 | U35: =IFERROR(__xludf.DUMMYFUNCTION("""COMPUTED_VALUE"""),"0.50") -> 0.50 | Z35: =IFERROR(__xludf.DUMMYFUNCTION("""COMPUTED_VALUE"""),"-") -> -
B36: =IFERROR(__xludf.DUMMYFUNCTION("""COMPUTED_VALUE"""),"enemy_chi_00001") -> enemy_chi_00001 | C36: =IFERROR(__xludf.DUMMYFUNCTION("""COMPUTED_VALUE"""),"_general_chi_vh") -> _general_chi_vh | D36: =IFERROR(__xludf.DUMMYFUNCTION("""COMPUTED_VALUE"""),"e_chi_00001_general_chi_vh_Normal_Red") -> e_chi_00001_general_chi_vh_Normal_Red | E36: =IFERROR(__xludf.DUMMYFUNCTION("""COMPUTED_VALUE"""),"チェンソーマン") -> チェンソーマン | F36: =IFERROR(__xludf.DUMMYFUNCTION("""COMPUTED_VALUE"""),"ゾンビの悪魔") -> ゾンビの悪魔 | G36: =IFERROR(__xludf.DUMMYFUNCTION("""COMPUTED_VALUE"""),"ゾンビの悪魔_general_chi_vh") -> ゾンビの悪魔_general_chi_vh | H36: =IFERROR(__xludf.DUMMYFUNCTION("""COMPUTED_VALUE"""),"Normal") -> Normal | I36: =IFERROR(__xludf.DUMMYFUNCTION("""COMPUTED_VALUE"""),"Technical") -> Technical | J36: =IFERROR(__xludf.DUMMYFUNCTION("""COMPUTED_VALUE"""),"Red") -> Red | K36: =IFERROR(__xludf.DUMMYFUNCTION("""COMPUTED_VALUE"""),500000.0) -> 500000 | L36: =IFERROR(__xludf.DUMMYFUNCTION("""COMPUTED_VALUE"""),1.0) -> 1 | M36: =IFERROR(__xludf.DUMMYFUNCTION("""COMPUTED_VALUE"""),40.0) -> 40 | N36: =IFERROR(__xludf.DUMMYFUNCTION("""COMPUTED_VALUE"""),0.3) -> 0.3 | O36: =IFERROR(__xludf.DUMMYFUNCTION("""COMPUTED_VALUE"""),500.0) -> 500 | P36: =IFERROR(__xludf.DUMMYFUNCTION("""COMPUTED_VALUE"""),0.0) -> 0 | S36: =IFERROR(__xludf.DUMMYFUNCTION("""COMPUTED_VALUE"""),0.0) -> 0 | T36: =IFERROR(__xludf.DUMMYFUNCTION("""COMPUTED_VALUE"""),"1.13") -> 1.13 | U36: =IFERROR(__xludf.DUMMYFUNCTION("""COMPUTED_VALUE"""),"0.20") -> 0.20 | W36: =IFERROR(__xludf.DUMMYFUNCTION("""COMPUTED_VALUE"""),"-") -> - | X36: =IFERROR(__xludf.DUMMYFUNCTION("""COMPUTED_VALUE"""),"-") -> - | Z36: =IFERROR(__xludf.DUMMYFUNCTION("""COMPUTED_VALUE"""),5.0) -> 5 | AB36: =IFERROR(__xludf.DUMMYFUNCTION("""COMPUTED_VALUE"""),"dageki_2") -> dageki_2
B37: =IFERROR(__xludf.DUMMYFUNCTION("""COMPUTED_VALUE"""),"enemy_chi_00001") -> enemy_chi_00001 | C37: =IFERROR(__xludf.DUMMYFUNCTION("""COMPUTED_VALUE"""),"_general_chi_vh2") -> _general_chi_vh2 | D37: =IFERROR(__xludf.DUMMYFUNCTION("""COMPUTED_VALUE"""),"e_chi_00001_general_chi_vh2_Boss_Yellow") -> e_chi_00001_general_chi_vh2_Boss_Yellow | E37: =IFERROR(__xludf.DUMMYFUNCTION("""COMPUTED_VALUE"""),"チェンソーマン") -> チェンソーマン | F37: =IFERROR(__xludf.DUMMYFUNCTION("""COMPUTED_VALUE"""),"ゾンビの悪魔") -> ゾンビの悪魔 | G37: =IFERROR(__xludf.DUMMYFUNCTION("""COMPUTED_VALUE"""),"ゾンビの悪魔_general_chi_vh2") -> ゾンビの悪魔_general_chi_vh2 | H37: =IFERROR(__xludf.DUMMYFUNCTION("""COMPUTED_VALUE"""),"Boss") -> Boss | I37: =IFERROR(__xludf.DUMMYFUNCTION("""COMPUTED_VALUE"""),"Technical") -> Technical | J37: =IFERROR(__xludf.DUMMYFUNCTION("""COMPUTED_VALUE"""),"Yellow") -> Yellow | K37: =IFERROR(__xludf.DUMMYFUNCTION("""COMPUTED_VALUE"""),800000.0) -> 800000 | L37: =IFERROR(__xludf.DUMMYFUNCTION("""COMPUTED_VALUE"""),1.0) -> 1 | M37: =IFERROR(__xludf.DUMMYFUNCTION("""COMPUTED_VALUE"""),40.0) -> 40 | N37: =IFERROR(__xludf.DUMMYFUNCTION("""COMPUTED_VALUE"""),0.3) -> 0.3 | O37: =IFERROR(__xludf.DUMMYFUNCTION("""COMPUTED_VALUE"""),500.0) -> 500 | P37: =IFERROR(__xludf.DUMMYFUNCTION("""COMPUTED_VALUE"""),0.0) -> 0 | S37: =IFERROR(__xludf.DUMMYFUNCTION("""COMPUTED_VALUE"""),0.0) -> 0 | T37: =IFERROR(__xludf.DUMMYFUNCTION("""COMPUTED_VALUE"""),"1.13") -> 1.13 | U37: =IFERROR(__xludf.DUMMYFUNCTION("""COMPUTED_VALUE"""),"0.20") -> 0.20 | W37: =IFERROR(__xludf.DUMMYFUNCTION("""COMPUTED_VALUE"""),"-") -> - | X37: =IFERROR(__xludf.DUMMYFUNCTION("""COMPUTED_VALUE"""),"-") -> - | Z37: =IFERROR(__xludf.DUMMYFUNCTION("""COMPUTED_VALUE"""),5.0) -> 5 | AB37: =IFERROR(__xludf.DUMMYFUNCTION("""COMPUTED_VALUE"""),"dageki_2") -> dageki_2
B38: =IFERROR(__xludf.DUMMYFUNCTION("""COMPUTED_VALUE"""),"enemy_chi_00001") -> enemy_chi_00001 | C38: =IFERROR(__xludf.DUMMYFUNCTION("""COMPUTED_VALUE"""),"_general_chi_vh") -> _general_chi_vh | D38: =IFERROR(__xludf.DUMMYFUNCTION("""COMPUTED_VALUE"""),"e_chi_00001_general_chi_vh_Normal_Yellow") -> e_chi_00001_general_chi_vh_Normal_Yellow | E38: =IFERROR(__xludf.DUMMYFUNCTION("""COMPUTED_VALUE"""),"チェンソーマン") -> チェンソーマン | F38: =IFERROR(__xludf.DUMMYFUNCTION("""COMPUTED_VALUE"""),"ゾンビの悪魔") -> ゾンビの悪魔 | G38: =IFERROR(__xludf.DUMMYFUNCTION("""COMPUTED_VALUE"""),"ゾンビの悪魔_general_chi_vh") -> ゾンビの悪魔_general_chi_vh | H38: =IFERROR(__xludf.DUMMYFUNCTION("""COMPUTED_VALUE"""),"Normal") -> Normal | I38: =IFERROR(__xludf.DUMMYFUNCTION("""COMPUTED_VALUE"""),"Technical") -> Technical | J38: =IFERROR(__xludf.DUMMYFUNCTION("""COMPUTED_VALUE"""),"Yellow") -> Yellow | K38: =IFERROR(__xludf.DUMMYFUNCTION("""COMPUTED_VALUE"""),800000.0) -> 800000 | L38: =IFERROR(__xludf.DUMMYFUNCTION("""COMPUTED_VALUE"""),1.0) -> 1 | M38: =IFERROR(__xludf.DUMMYFUNCTION("""COMPUTED_VALUE"""),40.0) -> 40 | N38: =IFERROR(__xludf.DUMMYFUNCTION("""COMPUTED_VALUE"""),0.3) -> 0.3 | O38: =IFERROR(__xludf.DUMMYFUNCTION("""COMPUTED_VALUE"""),500.0) -> 500 | P38: =IFERROR(__xludf.DUMMYFUNCTION("""COMPUTED_VALUE"""),0.0) -> 0 | S38: =IFERROR(__xludf.DUMMYFUNCTION("""COMPUTED_VALUE"""),0.0) -> 0 | T38: =IFERROR(__xludf.DUMMYFUNCTION("""COMPUTED_VALUE"""),"1.13") -> 1.13 | U38: =IFERROR(__xludf.DUMMYFUNCTION("""COMPUTED_VALUE"""),"0.20") -> 0.20 | W38: =IFERROR(__xludf.DUMMYFUNCTION("""COMPUTED_VALUE"""),"-") -> - | X38: =IFERROR(__xludf.DUMMYFUNCTION("""COMPUTED_VALUE"""),"-") -> - | Z38: =IFERROR(__xludf.DUMMYFUNCTION("""COMPUTED_VALUE"""),5.0) -> 5 | AB38: =IFERROR(__xludf.DUMMYFUNCTION("""COMPUTED_VALUE"""),"dageki_2") -> dageki_2
B39: =IFERROR(__xludf.DUMMYFUNCTION("""COMPUTED_VALUE"""),"enemy_chi_00001") -> enemy_chi_00001 | C39: =IFERROR(__xludf.DUMMYFUNCTION("""COMPUTED_VALUE"""),"_general_chi_vh") -> _general_chi_vh | D39: =IFERROR(__xludf.DUMMYFUNCTION("""COMPUTED_VALUE"""),"e_chi_00001_general_chi_vh_Boss_Yellow") -> e_chi_00001_general_chi_vh_Boss_Yellow | E39: =IFERROR(__xludf.DUMMYFUNCTION("""COMPUTED_VALUE"""),"チェンソーマン") -> チェンソーマン | F39: =IFERROR(__xludf.DUMMYFUNCTION("""COMPUTED_VALUE"""),"ゾンビの悪魔") -> ゾンビの悪魔 | G39: =IFERROR(__xludf.DUMMYFUNCTION("""COMPUTED_VALUE"""),"ゾンビの悪魔_general_chi_vh") -> ゾンビの悪魔_general_chi_vh | H39: =IFERROR(__xludf.DUMMYFUNCTION("""COMPUTED_VALUE"""),"Boss") -> Boss | I39: =IFERROR(__xludf.DUMMYFUNCTION("""COMPUTED_VALUE"""),"Technical") -> Technical | J39: =IFERROR(__xludf.DUMMYFUNCTION("""COMPUTED_VALUE"""),"Yellow") -> Yellow | K39: =IFERROR(__xludf.DUMMYFUNCTION("""COMPUTED_VALUE"""),800000.0) -> 800000 | L39: =IFERROR(__xludf.DUMMYFUNCTION("""COMPUTED_VALUE"""),1.0) -> 1 | M39: =IFERROR(__xludf.DUMMYFUNCTION("""COMPUTED_VALUE"""),40.0) -> 40 | N39: =IFERROR(__xludf.DUMMYFUNCTION("""COMPUTED_VALUE"""),0.3) -> 0.3 | O39: =IFERROR(__xludf.DUMMYFUNCTION("""COMPUTED_VALUE"""),500.0) -> 500 | P39: =IFERROR(__xludf.DUMMYFUNCTION("""COMPUTED_VALUE"""),0.0) -> 0 | S39: =IFERROR(__xludf.DUMMYFUNCTION("""COMPUTED_VALUE"""),0.0) -> 0 | T39: =IFERROR(__xludf.DUMMYFUNCTION("""COMPUTED_VALUE"""),"1.13") -> 1.13 | U39: =IFERROR(__xludf.DUMMYFUNCTION("""COMPUTED_VALUE"""),"0.20") -> 0.20 | W39: =IFERROR(__xludf.DUMMYFUNCTION("""COMPUTED_VALUE"""),"-") -> - | X39: =IFERROR(__xludf.DUMMYFUNCTION("""COMPUTED_VALUE"""),"-") -> - | Z39: =IFERROR(__xludf.DUMMYFUNCTION("""COMPUTED_VALUE"""),5.0) -> 5 | AA39: =IFERROR(__xludf.DUMMYFUNCTION("""COMPUTED_VALUE"""),"根性3回") -> 根性3回 | AB39: =IFERROR(__xludf.DUMMYFUNCTION("""COMPUTED_VALUE"""),"dageki_2") -> dageki_2 | AC39: =IFERROR(__xludf.DUMMYFUNCTION("""COMPUTED_VALUE"""),"通常攻撃時100%の確率で20%の毒(3.5秒)") -> 通常攻撃時100%の確率で20%の毒(3.5秒)
B40: =IFERROR(__xludf.DUMMYFUNCTION("""COMPUTED_VALUE"""),"enemy_chi_00101") -> enemy_chi_00101 | C40: =IFERROR(__xludf.DUMMYFUNCTION("""COMPUTED_VALUE"""),"_general_chi_vh") -> _general_chi_vh | D40: =IFERROR(__xludf.DUMMYFUNCTION("""COMPUTED_VALUE"""),"e_chi_00101_general_chi_vh_Normal_Green") -> e_chi_00101_general_chi_vh_Normal_Green | E40: =IFERROR(__xludf.DUMMYFUNCTION("""COMPUTED_VALUE"""),"チェンソーマン") -> チェンソーマン | F40: =IFERROR(__xludf.DUMMYFUNCTION("""COMPUTED_VALUE"""),"ゾンビ") -> ゾンビ | G40: =IFERROR(__xludf.DUMMYFUNCTION("""COMPUTED_VALUE"""),"ゾンビ_general_chi_vh") -> ゾンビ_general_chi_vh | H40: =IFERROR(__xludf.DUMMYFUNCTION("""COMPUTED_VALUE"""),"Normal") -> Normal | I40: =IFERROR(__xludf.DUMMYFUNCTION("""COMPUTED_VALUE"""),"Attack") -> Attack | J40: =IFERROR(__xludf.DUMMYFUNCTION("""COMPUTED_VALUE"""),"Green") -> Green | K40: =IFERROR(__xludf.DUMMYFUNCTION("""COMPUTED_VALUE"""),30000.0) -> 30000 | L40: =IFERROR(__xludf.DUMMYFUNCTION("""COMPUTED_VALUE"""),2.0) -> 2 | M40: =IFERROR(__xludf.DUMMYFUNCTION("""COMPUTED_VALUE"""),35.0) -> 35 | N40: =IFERROR(__xludf.DUMMYFUNCTION("""COMPUTED_VALUE"""),0.11) -> 0.11 | O40: =IFERROR(__xludf.DUMMYFUNCTION("""COMPUTED_VALUE"""),1000.0) -> 1000 | P40: =IFERROR(__xludf.DUMMYFUNCTION("""COMPUTED_VALUE"""),0.0) -> 0 | S40: =IFERROR(__xludf.DUMMYFUNCTION("""COMPUTED_VALUE"""),0.0) -> 0 | T40: =IFERROR(__xludf.DUMMYFUNCTION("""COMPUTED_VALUE"""),"1.90") -> 1.90 | U40: =IFERROR(__xludf.DUMMYFUNCTION("""COMPUTED_VALUE"""),"0.66") -> 0.66 | W40: =IFERROR(__xludf.DUMMYFUNCTION("""COMPUTED_VALUE"""),"-") -> - | X40: =IFERROR(__xludf.DUMMYFUNCTION("""COMPUTED_VALUE"""),"-") -> - | Z40: =IFERROR(__xludf.DUMMYFUNCTION("""COMPUTED_VALUE"""),"-") -> - | AA40: =IFERROR(__xludf.DUMMYFUNCTION("""COMPUTED_VALUE"""),"根性1回") -> 根性1回 | AB40: =IFERROR(__xludf.DUMMYFUNCTION("""COMPUTED_VALUE"""),"dageki_1") -> dageki_1
B41: =IFERROR(__xludf.DUMMYFUNCTION("""COMPUTED_VALUE"""),"enemy_chi_00101") -> enemy_chi_00101 | C41: =IFERROR(__xludf.DUMMYFUNCTION("""COMPUTED_VALUE"""),"_general_chi_vh") -> _general_chi_vh | D41: =IFERROR(__xludf.DUMMYFUNCTION("""COMPUTED_VALUE"""),"e_chi_00101_general_chi_vh_Normal_Blue") -> e_chi_00101_general_chi_vh_Normal_Blue | E41: =IFERROR(__xludf.DUMMYFUNCTION("""COMPUTED_VALUE"""),"チェンソーマン") -> チェンソーマン | F41: =IFERROR(__xludf.DUMMYFUNCTION("""COMPUTED_VALUE"""),"ゾンビ") -> ゾンビ | G41: =IFERROR(__xludf.DUMMYFUNCTION("""COMPUTED_VALUE"""),"ゾンビ_general_chi_vh") -> ゾンビ_general_chi_vh | H41: =IFERROR(__xludf.DUMMYFUNCTION("""COMPUTED_VALUE"""),"Normal") -> Normal | I41: =IFERROR(__xludf.DUMMYFUNCTION("""COMPUTED_VALUE"""),"Attack") -> Attack | J41: =IFERROR(__xludf.DUMMYFUNCTION("""COMPUTED_VALUE"""),"Blue") -> Blue | K41: =IFERROR(__xludf.DUMMYFUNCTION("""COMPUTED_VALUE"""),30000.0) -> 30000 | L41: =IFERROR(__xludf.DUMMYFUNCTION("""COMPUTED_VALUE"""),2.0) -> 2 | M41: =IFERROR(__xludf.DUMMYFUNCTION("""COMPUTED_VALUE"""),35.0) -> 35 | N41: =IFERROR(__xludf.DUMMYFUNCTION("""COMPUTED_VALUE"""),0.11) -> 0.11 | O41: =IFERROR(__xludf.DUMMYFUNCTION("""COMPUTED_VALUE"""),1000.0) -> 1000 | P41: =IFERROR(__xludf.DUMMYFUNCTION("""COMPUTED_VALUE"""),0.0) -> 0 | S41: =IFERROR(__xludf.DUMMYFUNCTION("""COMPUTED_VALUE"""),0.0) -> 0 | T41: =IFERROR(__xludf.DUMMYFUNCTION("""COMPUTED_VALUE"""),"1.90") -> 1.90 | U41: =IFERROR(__xludf.DUMMYFUNCTION("""COMPUTED_VALUE"""),"0.66") -> 0.66 | W41: =IFERROR(__xludf.DUMMYFUNCTION("""COMPUTED_VALUE"""),"-") -> - | X41: =IFERROR(__xludf.DUMMYFUNCTION("""COMPUTED_VALUE"""),"-") -> - | Z41: =IFERROR(__xludf.DUMMYFUNCTION("""COMPUTED_VALUE"""),"-") -> - | AA41: =IFERROR(__xludf.DUMMYFUNCTION("""COMPUTED_VALUE"""),"根性1回") -> 根性1回 | AB41: =IFERROR(__xludf.DUMMYFUNCTION("""COMPUTED_VALUE"""),"dageki_1") -> dageki_1
B42: =IFERROR(__xludf.DUMMYFUNCTION("""COMPUTED_VALUE"""),"enemy_chi_00101") -> enemy_chi_00101 | C42: =IFERROR(__xludf.DUMMYFUNCTION("""COMPUTED_VALUE"""),"_general_chi_vh") -> _general_chi_vh | D42: =IFERROR(__xludf.DUMMYFUNCTION("""COMPUTED_VALUE"""),"e_chi_00101_general_chi_vh_Normal_Red") -> e_chi_00101_general_chi_vh_Normal_Red | E42: =IFERROR(__xludf.DUMMYFUNCTION("""COMPUTED_VALUE"""),"チェンソーマン") -> チェンソーマン | F42: =IFERROR(__xludf.DUMMYFUNCTION("""COMPUTED_VALUE"""),"ゾンビ") -> ゾンビ | G42: =IFERROR(__xludf.DUMMYFUNCTION("""COMPUTED_VALUE"""),"ゾンビ_general_chi_vh") -> ゾンビ_general_chi_vh | H42: =IFERROR(__xludf.DUMMYFUNCTION("""COMPUTED_VALUE"""),"Normal") -> Normal | I42: =IFERROR(__xludf.DUMMYFUNCTION("""COMPUTED_VALUE"""),"Attack") -> Attack | J42: =IFERROR(__xludf.DUMMYFUNCTION("""COMPUTED_VALUE"""),"Red") -> Red | K42: =IFERROR(__xludf.DUMMYFUNCTION("""COMPUTED_VALUE"""),30000.0) -> 30000 | L42: =IFERROR(__xludf.DUMMYFUNCTION("""COMPUTED_VALUE"""),2.0) -> 2 | M42: =IFERROR(__xludf.DUMMYFUNCTION("""COMPUTED_VALUE"""),35.0) -> 35 | N42: =IFERROR(__xludf.DUMMYFUNCTION("""COMPUTED_VALUE"""),0.11) -> 0.11 | O42: =IFERROR(__xludf.DUMMYFUNCTION("""COMPUTED_VALUE"""),1000.0) -> 1000 | P42: =IFERROR(__xludf.DUMMYFUNCTION("""COMPUTED_VALUE"""),0.0) -> 0 | S42: =IFERROR(__xludf.DUMMYFUNCTION("""COMPUTED_VALUE"""),0.0) -> 0 | T42: =IFERROR(__xludf.DUMMYFUNCTION("""COMPUTED_VALUE"""),"1.90") -> 1.90 | U42: =IFERROR(__xludf.DUMMYFUNCTION("""COMPUTED_VALUE"""),"0.66") -> 0.66 | W42: =IFERROR(__xludf.DUMMYFUNCTION("""COMPUTED_VALUE"""),"-") -> - | X42: =IFERROR(__xludf.DUMMYFUNCTION("""COMPUTED_VALUE"""),"-") -> - | Z42: =IFERROR(__xludf.DUMMYFUNCTION("""COMPUTED_VALUE"""),"-") -> - | AA42: =IFERROR(__xludf.DUMMYFUNCTION("""COMPUTED_VALUE"""),"根性1回") -> 根性1回 | AB42: =IFERROR(__xludf.DUMMYFUNCTION("""COMPUTED_VALUE"""),"dageki_1") -> dageki_1
B43: =IFERROR(__xludf.DUMMYFUNCTION("""COMPUTED_VALUE"""),"enemy_chi_00101") -> enemy_chi_00101 | C43: =IFERROR(__xludf.DUMMYFUNCTION("""COMPUTED_VALUE"""),"_general_chi_vh_big") -> _general_chi_vh_big | D43: =IFERROR(__xludf.DUMMYFUNCTION("""COMPUTED_VALUE"""),"e_chi_00101_general_chi_vh_big_Normal_Yellow") -> e_chi_00101_general_chi_vh_big_Normal_Yellow | E43: =IFERROR(__xludf.DUMMYFUNCTION("""COMPUTED_VALUE"""),"チェンソーマン") -> チェンソーマン | F43: =IFERROR(__xludf.DUMMYFUNCTION("""COMPUTED_VALUE"""),"ゾンビ") -> ゾンビ | G43: =IFERROR(__xludf.DUMMYFUNCTION("""COMPUTED_VALUE"""),"ゾンビ_general_chi_vh_big") -> ゾンビ_general_chi_vh_big | H43: =IFERROR(__xludf.DUMMYFUNCTION("""COMPUTED_VALUE"""),"Normal") -> Normal | I43: =IFERROR(__xludf.DUMMYFUNCTION("""COMPUTED_VALUE"""),"Attack") -> Attack | J43: =IFERROR(__xludf.DUMMYFUNCTION("""COMPUTED_VALUE"""),"Yellow") -> Yellow | K43: =IFERROR(__xludf.DUMMYFUNCTION("""COMPUTED_VALUE"""),30000.0) -> 30000 | L43: =IFERROR(__xludf.DUMMYFUNCTION("""COMPUTED_VALUE"""),2.0) -> 2 | M43: =IFERROR(__xludf.DUMMYFUNCTION("""COMPUTED_VALUE"""),35.0) -> 35 | N43: =IFERROR(__xludf.DUMMYFUNCTION("""COMPUTED_VALUE"""),0.11) -> 0.11 | O43: =IFERROR(__xludf.DUMMYFUNCTION("""COMPUTED_VALUE"""),1000.0) -> 1000 | P43: =IFERROR(__xludf.DUMMYFUNCTION("""COMPUTED_VALUE"""),0.0) -> 0 | S43: =IFERROR(__xludf.DUMMYFUNCTION("""COMPUTED_VALUE"""),0.0) -> 0 | T43: =IFERROR(__xludf.DUMMYFUNCTION("""COMPUTED_VALUE"""),"1.90") -> 1.90 | U43: =IFERROR(__xludf.DUMMYFUNCTION("""COMPUTED_VALUE"""),"0.66") -> 0.66 | W43: =IFERROR(__xludf.DUMMYFUNCTION("""COMPUTED_VALUE"""),"-") -> - | X43: =IFERROR(__xludf.DUMMYFUNCTION("""COMPUTED_VALUE"""),"-") -> - | Z43: =IFERROR(__xludf.DUMMYFUNCTION("""COMPUTED_VALUE"""),"-") -> - | AA43: =IFERROR(__xludf.DUMMYFUNCTION("""COMPUTED_VALUE"""),"根性3回") -> 根性3回 | AB43: =IFERROR(__xludf.DUMMYFUNCTION("""COMPUTED_VALUE"""),"dageki_1") -> dageki_1
B44: =IFERROR(__xludf.DUMMYFUNCTION("""COMPUTED_VALUE"""),"enemy_chi_00101") -> enemy_chi_00101 | C44: =IFERROR(__xludf.DUMMYFUNCTION("""COMPUTED_VALUE"""),"_general_chi_vh_big") -> _general_chi_vh_big | D44: =IFERROR(__xludf.DUMMYFUNCTION("""COMPUTED_VALUE"""),"e_chi_00101_general_chi_vh_big_Normal_Red") -> e_chi_00101_general_chi_vh_big_Normal_Red | E44: =IFERROR(__xludf.DUMMYFUNCTION("""COMPUTED_VALUE"""),"チェンソーマン") -> チェンソーマン | F44: =IFERROR(__xludf.DUMMYFUNCTION("""COMPUTED_VALUE"""),"ゾンビ") -> ゾンビ | G44: =IFERROR(__xludf.DUMMYFUNCTION("""COMPUTED_VALUE"""),"ゾンビ_general_chi_vh_big") -> ゾンビ_general_chi_vh_big | H44: =IFERROR(__xludf.DUMMYFUNCTION("""COMPUTED_VALUE"""),"Normal") -> Normal | I44: =IFERROR(__xludf.DUMMYFUNCTION("""COMPUTED_VALUE"""),"Attack") -> Attack | J44: =IFERROR(__xludf.DUMMYFUNCTION("""COMPUTED_VALUE"""),"Red") -> Red | K44: =IFERROR(__xludf.DUMMYFUNCTION("""COMPUTED_VALUE"""),30000.0) -> 30000 | L44: =IFERROR(__xludf.DUMMYFUNCTION("""COMPUTED_VALUE"""),2.0) -> 2 | M44: =IFERROR(__xludf.DUMMYFUNCTION("""COMPUTED_VALUE"""),35.0) -> 35 | N44: =IFERROR(__xludf.DUMMYFUNCTION("""COMPUTED_VALUE"""),0.11) -> 0.11 | O44: =IFERROR(__xludf.DUMMYFUNCTION("""COMPUTED_VALUE"""),1000.0) -> 1000 | P44: =IFERROR(__xludf.DUMMYFUNCTION("""COMPUTED_VALUE"""),0.0) -> 0 | S44: =IFERROR(__xludf.DUMMYFUNCTION("""COMPUTED_VALUE"""),0.0) -> 0 | T44: =IFERROR(__xludf.DUMMYFUNCTION("""COMPUTED_VALUE"""),"1.90") -> 1.90 | U44: =IFERROR(__xludf.DUMMYFUNCTION("""COMPUTED_VALUE"""),"0.66") -> 0.66 | W44: =IFERROR(__xludf.DUMMYFUNCTION("""COMPUTED_VALUE"""),"-") -> - | X44: =IFERROR(__xludf.DUMMYFUNCTION("""COMPUTED_VALUE"""),"-") -> - | Z44: =IFERROR(__xludf.DUMMYFUNCTION("""COMPUTED_VALUE"""),"-") -> - | AA44: =IFERROR(__xludf.DUMMYFUNCTION("""COMPUTED_VALUE"""),"根性3回") -> 根性3回 | AB44: =IFERROR(__xludf.DUMMYFUNCTION("""COMPUTED_VALUE"""),"dageki_1") -> dageki_1
B45: =IFERROR(__xludf.DUMMYFUNCTION("""COMPUTED_VALUE"""),"enemy_chi_00101") -> enemy_chi_00101 | C45: =IFERROR(__xludf.DUMMYFUNCTION("""COMPUTED_VALUE"""),"_general_chi_vh_big") -> _general_chi_vh_big | D45: =IFERROR(__xludf.DUMMYFUNCTION("""COMPUTED_VALUE"""),"e_chi_00101_general_chi_vh_big_Normal_Blue") -> e_chi_00101_general_chi_vh_big_Normal_Blue | E45: =IFERROR(__xludf.DUMMYFUNCTION("""COMPUTED_VALUE"""),"チェンソーマン") -> チェンソーマン | F45: =IFERROR(__xludf.DUMMYFUNCTION("""COMPUTED_VALUE"""),"ゾンビ") -> ゾンビ | G45: =IFERROR(__xludf.DUMMYFUNCTION("""COMPUTED_VALUE"""),"ゾンビ_general_chi_vh_big") -> ゾンビ_general_chi_vh_big | H45: =IFERROR(__xludf.DUMMYFUNCTION("""COMPUTED_VALUE"""),"Normal") -> Normal | I45: =IFERROR(__xludf.DUMMYFUNCTION("""COMPUTED_VALUE"""),"Attack") -> Attack | J45: =IFERROR(__xludf.DUMMYFUNCTION("""COMPUTED_VALUE"""),"Blue") -> Blue | K45: =IFERROR(__xludf.DUMMYFUNCTION("""COMPUTED_VALUE"""),30000.0) -> 30000 | L45: =IFERROR(__xludf.DUMMYFUNCTION("""COMPUTED_VALUE"""),2.0) -> 2 | M45: =IFERROR(__xludf.DUMMYFUNCTION("""COMPUTED_VALUE"""),35.0) -> 35 | N45: =IFERROR(__xludf.DUMMYFUNCTION("""COMPUTED_VALUE"""),0.11) -> 0.11 | O45: =IFERROR(__xludf.DUMMYFUNCTION("""COMPUTED_VALUE"""),1000.0) -> 1000 | P45: =IFERROR(__xludf.DUMMYFUNCTION("""COMPUTED_VALUE"""),0.0) -> 0 | S45: =IFERROR(__xludf.DUMMYFUNCTION("""COMPUTED_VALUE"""),0.0) -> 0 | T45: =IFERROR(__xludf.DUMMYFUNCTION("""COMPUTED_VALUE"""),"1.90") -> 1.90 | U45: =IFERROR(__xludf.DUMMYFUNCTION("""COMPUTED_VALUE"""),"0.66") -> 0.66 | W45: =IFERROR(__xludf.DUMMYFUNCTION("""COMPUTED_VALUE"""),"-") -> - | X45: =IFERROR(__xludf.DUMMYFUNCTION("""COMPUTED_VALUE"""),"-") -> - | Z45: =IFERROR(__xludf.DUMMYFUNCTION("""COMPUTED_VALUE"""),"-") -> - | AA45: =IFERROR(__xludf.DUMMYFUNCTION("""COMPUTED_VALUE"""),"根性3回") -> 根性3回 | AB45: =IFERROR(__xludf.DUMMYFUNCTION("""COMPUTED_VALUE"""),"dageki_1") -> dageki_1
B46: =IFERROR(__xludf.DUMMYFUNCTION("""COMPUTED_VALUE"""),"enemy_chi_00201") -> enemy_chi_00201 | C46: =IFERROR(__xludf.DUMMYFUNCTION("""COMPUTED_VALUE"""),"_general_chi_vh") -> _general_chi_vh | D46: =IFERROR(__xludf.DUMMYFUNCTION("""COMPUTED_VALUE"""),"e_chi_00201_general_chi_vh_Normal_Blue") -> e_chi_00201_general_chi_vh_Normal_Blue | E46: =IFERROR(__xludf.DUMMYFUNCTION("""COMPUTED_VALUE"""),"チェンソーマン") -> チェンソーマン | F46: =IFERROR(__xludf.DUMMYFUNCTION("""COMPUTED_VALUE"""),"コウモリの悪魔") -> コウモリの悪魔 | G46: =IFERROR(__xludf.DUMMYFUNCTION("""COMPUTED_VALUE"""),"コウモリの悪魔_general_chi_vh") -> コウモリの悪魔_general_chi_vh | H46: =IFERROR(__xludf.DUMMYFUNCTION("""COMPUTED_VALUE"""),"Normal") -> Normal | I46: =IFERROR(__xludf.DUMMYFUNCTION("""COMPUTED_VALUE"""),"Attack") -> Attack | J46: =IFERROR(__xludf.DUMMYFUNCTION("""COMPUTED_VALUE"""),"Blue") -> Blue | K46: =IFERROR(__xludf.DUMMYFUNCTION("""COMPUTED_VALUE"""),500000.0) -> 500000 | L46: =IFERROR(__xludf.DUMMYFUNCTION("""COMPUTED_VALUE"""),3.0) -> 3 | M46: =IFERROR(__xludf.DUMMYFUNCTION("""COMPUTED_VALUE"""),50.0) -> 50 | N46: =IFERROR(__xludf.DUMMYFUNCTION("""COMPUTED_VALUE"""),0.2) -> 0.2 | O46: =IFERROR(__xludf.DUMMYFUNCTION("""COMPUTED_VALUE"""),2000.0) -> 2000 | P46: =IFERROR(__xludf.DUMMYFUNCTION("""COMPUTED_VALUE"""),0.0) -> 0 | S46: =IFERROR(__xludf.DUMMYFUNCTION("""COMPUTED_VALUE"""),0.0) -> 0 | T46: =IFERROR(__xludf.DUMMYFUNCTION("""COMPUTED_VALUE"""),"1.34") -> 1.34 | U46: =IFERROR(__xludf.DUMMYFUNCTION("""COMPUTED_VALUE"""),"0.33") -> 0.33 | W46: =IFERROR(__xludf.DUMMYFUNCTION("""COMPUTED_VALUE"""),"-") -> - | X46: =IFERROR(__xludf.DUMMYFUNCTION("""COMPUTED_VALUE"""),"-") -> - | Z46: =IFERROR(__xludf.DUMMYFUNCTION("""COMPUTED_VALUE"""),"-") -> - | AB46: =IFERROR(__xludf.DUMMYFUNCTION("""COMPUTED_VALUE"""),"dageki_1") -> dageki_1
B47: =IFERROR(__xludf.DUMMYFUNCTION("""COMPUTED_VALUE"""),"enemy_chi_00201") -> enemy_chi_00201 | C47: =IFERROR(__xludf.DUMMYFUNCTION("""COMPUTED_VALUE"""),"_general_chi_vh") -> _general_chi_vh | D47: =IFERROR(__xludf.DUMMYFUNCTION("""COMPUTED_VALUE"""),"e_chi_00201_general_chi_vh_Boss_Blue") -> e_chi_00201_general_chi_vh_Boss_Blue | E47: =IFERROR(__xludf.DUMMYFUNCTION("""COMPUTED_VALUE"""),"チェンソーマン") -> チェンソーマン | F47: =IFERROR(__xludf.DUMMYFUNCTION("""COMPUTED_VALUE"""),"コウモリの悪魔") -> コウモリの悪魔 | G47: =IFERROR(__xludf.DUMMYFUNCTION("""COMPUTED_VALUE"""),"コウモリの悪魔_general_chi_vh") -> コウモリの悪魔_general_chi_vh | H47: =IFERROR(__xludf.DUMMYFUNCTION("""COMPUTED_VALUE"""),"Boss") -> Boss | I47: =IFERROR(__xludf.DUMMYFUNCTION("""COMPUTED_VALUE"""),"Attack") -> Attack | J47: =IFERROR(__xludf.DUMMYFUNCTION("""COMPUTED_VALUE"""),"Blue") -> Blue | K47: =IFERROR(__xludf.DUMMYFUNCTION("""COMPUTED_VALUE"""),1000000.0) -> 1000000 | L47: =IFERROR(__xludf.DUMMYFUNCTION("""COMPUTED_VALUE"""),3.0) -> 3 | M47: =IFERROR(__xludf.DUMMYFUNCTION("""COMPUTED_VALUE"""),50.0) -> 50 | N47: =IFERROR(__xludf.DUMMYFUNCTION("""COMPUTED_VALUE"""),0.2) -> 0.2 | O47: =IFERROR(__xludf.DUMMYFUNCTION("""COMPUTED_VALUE"""),3000.0) -> 3000 | P47: =IFERROR(__xludf.DUMMYFUNCTION("""COMPUTED_VALUE"""),0.0) -> 0 | S47: =IFERROR(__xludf.DUMMYFUNCTION("""COMPUTED_VALUE"""),0.0) -> 0 | T47: =IFERROR(__xludf.DUMMYFUNCTION("""COMPUTED_VALUE"""),"1.34") -> 1.34 | U47: =IFERROR(__xludf.DUMMYFUNCTION("""COMPUTED_VALUE"""),"0.33") -> 0.33 | W47: =IFERROR(__xludf.DUMMYFUNCTION("""COMPUTED_VALUE"""),"-") -> - | X47: =IFERROR(__xludf.DUMMYFUNCTION("""COMPUTED_VALUE"""),"-") -> - | Z47: =IFERROR(__xludf.DUMMYFUNCTION("""COMPUTED_VALUE"""),"-") -> - | AB47: =IFERROR(__xludf.DUMMYFUNCTION("""COMPUTED_VALUE"""),"dageki_1") -> dageki_1
B48: =IFERROR(__xludf.DUMMYFUNCTION("""COMPUTED_VALUE"""),"enemy_chi_00201") -> enemy_chi_00201 | C48: =IFERROR(__xludf.DUMMYFUNCTION("""COMPUTED_VALUE"""),"_general_chi_vh") -> _general_chi_vh | D48: =IFERROR(__xludf.DUMMYFUNCTION("""COMPUTED_VALUE"""),"e_chi_00201_general_chi_vh_Normal_Yellow") -> e_chi_00201_general_chi_vh_Normal_Yellow | E48: =IFERROR(__xludf.DUMMYFUNCTION("""COMPUTED_VALUE"""),"チェンソーマン") -> チェンソーマン | F48: =IFERROR(__xludf.DUMMYFUNCTION("""COMPUTED_VALUE"""),"コウモリの悪魔") -> コウモリの悪魔 | G48: =IFERROR(__xludf.DUMMYFUNCTION("""COMPUTED_VALUE"""),"コウモリの悪魔_general_chi_vh") -> コウモリの悪魔_general_chi_vh | H48: =IFERROR(__xludf.DUMMYFUNCTION("""COMPUTED_VALUE"""),"Normal") -> Normal | I48: =IFERROR(__xludf.DUMMYFUNCTION("""COMPUTED_VALUE"""),"Attack") -> Attack | J48: =IFERROR(__xludf.DUMMYFUNCTION("""COMPUTED_VALUE"""),"Yellow") -> Yellow | K48: =IFERROR(__xludf.DUMMYFUNCTION("""COMPUTED_VALUE"""),500000.0) -> 500000 | L48: =IFERROR(__xludf.DUMMYFUNCTION("""COMPUTED_VALUE"""),3.0) -> 3 | M48: =IFERROR(__xludf.DUMMYFUNCTION("""COMPUTED_VALUE"""),50.0) -> 50 | N48: =IFERROR(__xludf.DUMMYFUNCTION("""COMPUTED_VALUE"""),0.2) -> 0.2 | O48: =IFERROR(__xludf.DUMMYFUNCTION("""COMPUTED_VALUE"""),2000.0) -> 2000 | P48: =IFERROR(__xludf.DUMMYFUNCTION("""COMPUTED_VALUE"""),0.0) -> 0 | S48: =IFERROR(__xludf.DUMMYFUNCTION("""COMPUTED_VALUE"""),0.0) -> 0 | T48: =IFERROR(__xludf.DUMMYFUNCTION("""COMPUTED_VALUE"""),"1.34") -> 1.34 | U48: =IFERROR(__xludf.DUMMYFUNCTION("""COMPUTED_VALUE"""),"0.33") -> 0.33 | W48: =IFERROR(__xludf.DUMMYFUNCTION("""COMPUTED_VALUE"""),"-") -> - | X48: =IFERROR(__xludf.DUMMYFUNCTION("""COMPUTED_VALUE"""),"-") -> - | Z48: =IFERROR(__xludf.DUMMYFUNCTION("""COMPUTED_VALUE"""),"-") -> - | AB48: =IFERROR(__xludf.DUMMYFUNCTION("""COMPUTED_VALUE"""),"dageki_1") -> dageki_1
B49: =IFERROR(__xludf.DUMMYFUNCTION("""COMPUTED_VALUE"""),"enemy_chi_00201") -> enemy_chi_00201 | C49: =IFERROR(__xludf.DUMMYFUNCTION("""COMPUTED_VALUE"""),"_general_chi_vh2") -> _general_chi_vh2 | D49: =IFERROR(__xludf.DUMMYFUNCTION("""COMPUTED_VALUE"""),"e_chi_00201_general_chi_vh2_Normal_Yellow") -> e_chi_00201_general_chi_vh2_Normal_Yellow | E49: =IFERROR(__xludf.DUMMYFUNCTION("""COMPUTED_VALUE"""),"チェンソーマン") -> チェンソーマン | F49: =IFERROR(__xludf.DUMMYFUNCTION("""COMPUTED_VALUE"""),"コウモリの悪魔") -> コウモリの悪魔 | G49: =IFERROR(__xludf.DUMMYFUNCTION("""COMPUTED_VALUE"""),"コウモリの悪魔_general_chi_vh2") -> コウモリの悪魔_general_chi_vh2 | H49: =IFERROR(__xludf.DUMMYFUNCTION("""COMPUTED_VALUE"""),"Normal") -> Normal | I49: =IFERROR(__xludf.DUMMYFUNCTION("""COMPUTED_VALUE"""),"Attack") -> Attack | J49: =IFERROR(__xludf.DUMMYFUNCTION("""COMPUTED_VALUE"""),"Yellow") -> Yellow | K49: =IFERROR(__xludf.DUMMYFUNCTION("""COMPUTED_VALUE"""),500000.0) -> 500000 | L49: =IFERROR(__xludf.DUMMYFUNCTION("""COMPUTED_VALUE"""),3.0) -> 3 | M49: =IFERROR(__xludf.DUMMYFUNCTION("""COMPUTED_VALUE"""),50.0) -> 50 | N49: =IFERROR(__xludf.DUMMYFUNCTION("""COMPUTED_VALUE"""),0.2) -> 0.2 | O49: =IFERROR(__xludf.DUMMYFUNCTION("""COMPUTED_VALUE"""),2000.0) -> 2000 | P49: =IFERROR(__xludf.DUMMYFUNCTION("""COMPUTED_VALUE"""),0.0) -> 0 | S49: =IFERROR(__xludf.DUMMYFUNCTION("""COMPUTED_VALUE"""),0.0) -> 0 | T49: =IFERROR(__xludf.DUMMYFUNCTION("""COMPUTED_VALUE"""),"1.34") -> 1.34 | U49: =IFERROR(__xludf.DUMMYFUNCTION("""COMPUTED_VALUE"""),"0.33") -> 0.33 | W49: =IFERROR(__xludf.DUMMYFUNCTION("""COMPUTED_VALUE"""),"-") -> - | X49: =IFERROR(__xludf.DUMMYFUNCTION("""COMPUTED_VALUE"""),"-") -> - | Z49: =IFERROR(__xludf.DUMMYFUNCTION("""COMPUTED_VALUE"""),"-") -> - | AB49: =IFERROR(__xludf.DUMMYFUNCTION("""COMPUTED_VALUE"""),"dageki_1") -> dageki_1
B50: =IFERROR(__xludf.DUMMYFUNCTION("""COMPUTED_VALUE"""),"enemy_chi_00201") -> enemy_chi_00201 | C50: =IFERROR(__xludf.DUMMYFUNCTION("""COMPUTED_VALUE"""),"_general_chi_vh") -> _general_chi_vh | D50: =IFERROR(__xludf.DUMMYFUNCTION("""COMPUTED_VALUE"""),"e_chi_00201_general_chi_vh_Boss_Yellow") -> e_chi_00201_general_chi_vh_Boss_Yellow | E50: =IFERROR(__xludf.DUMMYFUNCTION("""COMPUTED_VALUE"""),"チェンソーマン") -> チェンソーマン | F50: =IFERROR(__xludf.DUMMYFUNCTION("""COMPUTED_VALUE"""),"コウモリの悪魔") -> コウモリの悪魔 | G50: =IFERROR(__xludf.DUMMYFUNCTION("""COMPUTED_VALUE"""),"コウモリの悪魔_general_chi_vh") -> コウモリの悪魔_general_chi_vh | H50: =IFERROR(__xludf.DUMMYFUNCTION("""COMPUTED_VALUE"""),"Boss") -> Boss | I50: =IFERROR(__xludf.DUMMYFUNCTION("""COMPUTED_VALUE"""),"Attack") -> Attack | J50: =IFERROR(__xludf.DUMMYFUNCTION("""COMPUTED_VALUE"""),"Yellow") -> Yellow | K50: =IFERROR(__xludf.DUMMYFUNCTION("""COMPUTED_VALUE"""),1000000.0) -> 1000000 | L50: =IFERROR(__xludf.DUMMYFUNCTION("""COMPUTED_VALUE"""),3.0) -> 3 | M50: =IFERROR(__xludf.DUMMYFUNCTION("""COMPUTED_VALUE"""),50.0) -> 50 | N50: =IFERROR(__xludf.DUMMYFUNCTION("""COMPUTED_VALUE"""),0.2) -> 0.2 | O50: =IFERROR(__xludf.DUMMYFUNCTION("""COMPUTED_VALUE"""),3000.0) -> 3000 | P50: =IFERROR(__xludf.DUMMYFUNCTION("""COMPUTED_VALUE"""),0.0) -> 0 | S50: =IFERROR(__xludf.DUMMYFUNCTION("""COMPUTED_VALUE"""),0.0) -> 0 | T50: =IFERROR(__xludf.DUMMYFUNCTION("""COMPUTED_VALUE"""),"1.34") -> 1.34 | U50: =IFERROR(__xludf.DUMMYFUNCTION("""COMPUTED_VALUE"""),"0.33") -> 0.33 | W50: =IFERROR(__xludf.DUMMYFUNCTION("""COMPUTED_VALUE"""),"-") -> - | X50: =IFERROR(__xludf.DUMMYFUNCTION("""COMPUTED_VALUE"""),"-") -> - | Z50: =IFERROR(__xludf.DUMMYFUNCTION("""COMPUTED_VALUE"""),"-") -> - | AB50: =IFERROR(__xludf.DUMMYFUNCTION("""COMPUTED_VALUE"""),"dageki_1") -> dageki_1
B51: =IFERROR(__xludf.DUMMYFUNCTION("""COMPUTED_VALUE"""),"chara_chi_00201") -> chara_chi_00201 | C51: =IFERROR(__xludf.DUMMYFUNCTION("""COMPUTED_VALUE"""),"_general_chi_vh") -> _general_chi_vh | D51: =IFERROR(__xludf.DUMMYFUNCTION("""COMPUTED_VALUE"""),"c_chi_00201_general_chi_vh_Normal_Green") -> c_chi_00201_general_chi_vh_Normal_Green | E51: =IFERROR(__xludf.DUMMYFUNCTION("""COMPUTED_VALUE"""),"チェンソーマン") -> チェンソーマン | F51: =IFERROR(__xludf.DUMMYFUNCTION("""COMPUTED_VALUE"""),"早川 アキ") -> 早川 アキ | G51: =IFERROR(__xludf.DUMMYFUNCTION("""COMPUTED_VALUE"""),"早川 アキ_general_chi_vh") -> 早川 アキ_general_chi_vh | H51: =IFERROR(__xludf.DUMMYFUNCTION("""COMPUTED_VALUE"""),"Normal") -> Normal | I51: =IFERROR(__xludf.DUMMYFUNCTION("""COMPUTED_VALUE"""),"Attack") -> Attack | J51: =IFERROR(__xludf.DUMMYFUNCTION("""COMPUTED_VALUE"""),"Green") -> Green | K51: =IFERROR(__xludf.DUMMYFUNCTION("""COMPUTED_VALUE"""),400000.0) -> 400000 | L51: =IFERROR(__xludf.DUMMYFUNCTION("""COMPUTED_VALUE"""),1.0) -> 1 | M51: =IFERROR(__xludf.DUMMYFUNCTION("""COMPUTED_VALUE"""),45.0) -> 45 | N51: =IFERROR(__xludf.DUMMYFUNCTION("""COMPUTED_VALUE"""),0.11) -> 0.11 | O51: =IFERROR(__xludf.DUMMYFUNCTION("""COMPUTED_VALUE"""),700.0) -> 700 | P51: =IFERROR(__xludf.DUMMYFUNCTION("""COMPUTED_VALUE"""),0.0) -> 0 | S51: =IFERROR(__xludf.DUMMYFUNCTION("""COMPUTED_VALUE"""),0.0) -> 0 | T51: =IFERROR(__xludf.DUMMYFUNCTION("""COMPUTED_VALUE"""),"1.60") -> 1.60 | U51: =IFERROR(__xludf.DUMMYFUNCTION("""COMPUTED_VALUE"""),"0.84") -> 0.84 | W51: =IFERROR(__xludf.DUMMYFUNCTION("""COMPUTED_VALUE"""),"2.44") -> 2.44 | X51: =IFERROR(__xludf.DUMMYFUNCTION("""COMPUTED_VALUE"""),"1.64") -> 1.64 | Z51: =IFERROR(__xludf.DUMMYFUNCTION("""COMPUTED_VALUE"""),7.0) -> 7 | AB51: =IFERROR(__xludf.DUMMYFUNCTION("""COMPUTED_VALUE"""),"dageki_1") -> dageki_1
B52: =IFERROR(__xludf.DUMMYFUNCTION("""COMPUTED_VALUE"""),"chara_chi_00201") -> chara_chi_00201 | C52: =IFERROR(__xludf.DUMMYFUNCTION("""COMPUTED_VALUE"""),"_general_chi_vh") -> _general_chi_vh | D52: =IFERROR(__xludf.DUMMYFUNCTION("""COMPUTED_VALUE"""),"c_chi_00201_general_chi_vh_Boss_Red") -> c_chi_00201_general_chi_vh_Boss_Red | E52: =IFERROR(__xludf.DUMMYFUNCTION("""COMPUTED_VALUE"""),"チェンソーマン") -> チェンソーマン | F52: =IFERROR(__xludf.DUMMYFUNCTION("""COMPUTED_VALUE"""),"早川 アキ") -> 早川 アキ | G52: =IFERROR(__xludf.DUMMYFUNCTION("""COMPUTED_VALUE"""),"早川 アキ_general_chi_vh") -> 早川 アキ_general_chi_vh | H52: =IFERROR(__xludf.DUMMYFUNCTION("""COMPUTED_VALUE"""),"Boss") -> Boss | I52: =IFERROR(__xludf.DUMMYFUNCTION("""COMPUTED_VALUE"""),"Attack") -> Attack | J52: =IFERROR(__xludf.DUMMYFUNCTION("""COMPUTED_VALUE"""),"Red") -> Red | K52: =IFERROR(__xludf.DUMMYFUNCTION("""COMPUTED_VALUE"""),100000.0) -> 100000 | L52: =IFERROR(__xludf.DUMMYFUNCTION("""COMPUTED_VALUE"""),3.0) -> 3 | M52: =IFERROR(__xludf.DUMMYFUNCTION("""COMPUTED_VALUE"""),45.0) -> 45 | N52: =IFERROR(__xludf.DUMMYFUNCTION("""COMPUTED_VALUE"""),0.11) -> 0.11 | O52: =IFERROR(__xludf.DUMMYFUNCTION("""COMPUTED_VALUE"""),300.0) -> 300 | P52: =IFERROR(__xludf.DUMMYFUNCTION("""COMPUTED_VALUE"""),0.0) -> 0 | S52: =IFERROR(__xludf.DUMMYFUNCTION("""COMPUTED_VALUE"""),0.0) -> 0 | T52: =IFERROR(__xludf.DUMMYFUNCTION("""COMPUTED_VALUE"""),"1.60") -> 1.60 | U52: =IFERROR(__xludf.DUMMYFUNCTION("""COMPUTED_VALUE"""),"0.84") -> 0.84 | W52: =IFERROR(__xludf.DUMMYFUNCTION("""COMPUTED_VALUE"""),"2.44") -> 2.44 | X52: =IFERROR(__xludf.DUMMYFUNCTION("""COMPUTED_VALUE"""),"1.64") -> 1.64 | Y52: =IFERROR(__xludf.DUMMYFUNCTION("""COMPUTED_VALUE"""),"単体に100000%ダメージ") -> 単体に100000%ダメージ | Z52: =IFERROR(__xludf.DUMMYFUNCTION("""COMPUTED_VALUE"""),7.0) -> 7 | AB52: =IFERROR(__xludf.DUMMYFUNCTION("""COMPUTED_VALUE"""),"dageki_1") -> dageki_1
B53: =IFERROR(__xludf.DUMMYFUNCTION("""COMPUTED_VALUE"""),"chara_chi_00201") -> chara_chi_00201 | C53: =IFERROR(__xludf.DUMMYFUNCTION("""COMPUTED_VALUE"""),"_general_chi_vh") -> _general_chi_vh | D53: =IFERROR(__xludf.DUMMYFUNCTION("""COMPUTED_VALUE"""),"c_chi_00201_general_chi_vh_Normal_Yellow") -> c_chi_00201_general_chi_vh_Normal_Yellow | E53: =IFERROR(__xludf.DUMMYFUNCTION("""COMPUTED_VALUE"""),"チェンソーマン") -> チェンソーマン | F53: =IFERROR(__xludf.DUMMYFUNCTION("""COMPUTED_VALUE"""),"早川 アキ") -> 早川 アキ | G53: =IFERROR(__xludf.DUMMYFUNCTION("""COMPUTED_VALUE"""),"早川 アキ_general_chi_vh") -> 早川 アキ_general_chi_vh | H53: =IFERROR(__xludf.DUMMYFUNCTION("""COMPUTED_VALUE"""),"Normal") -> Normal | I53: =IFERROR(__xludf.DUMMYFUNCTION("""COMPUTED_VALUE"""),"Attack") -> Attack | J53: =IFERROR(__xludf.DUMMYFUNCTION("""COMPUTED_VALUE"""),"Yellow") -> Yellow | K53: =IFERROR(__xludf.DUMMYFUNCTION("""COMPUTED_VALUE"""),100000.0) -> 100000 | L53: =IFERROR(__xludf.DUMMYFUNCTION("""COMPUTED_VALUE"""),2.0) -> 2 | M53: =IFERROR(__xludf.DUMMYFUNCTION("""COMPUTED_VALUE"""),45.0) -> 45 | N53: =IFERROR(__xludf.DUMMYFUNCTION("""COMPUTED_VALUE"""),0.11) -> 0.11 | O53: =IFERROR(__xludf.DUMMYFUNCTION("""COMPUTED_VALUE"""),300.0) -> 300 | P53: =IFERROR(__xludf.DUMMYFUNCTION("""COMPUTED_VALUE"""),0.0) -> 0 | S53: =IFERROR(__xludf.DUMMYFUNCTION("""COMPUTED_VALUE"""),0.0) -> 0 | T53: =IFERROR(__xludf.DUMMYFUNCTION("""COMPUTED_VALUE"""),"1.60") -> 1.60 | U53: =IFERROR(__xludf.DUMMYFUNCTION("""COMPUTED_VALUE"""),"0.84") -> 0.84 | W53: =IFERROR(__xludf.DUMMYFUNCTION("""COMPUTED_VALUE"""),"2.44") -> 2.44 | X53: =IFERROR(__xludf.DUMMYFUNCTION("""COMPUTED_VALUE"""),"1.64") -> 1.64 | Z53: =IFERROR(__xludf.DUMMYFUNCTION("""COMPUTED_VALUE"""),7.0) -> 7 | AB53: =IFERROR(__xludf.DUMMYFUNCTION("""COMPUTED_VALUE"""),"dageki_1") -> dageki_1
B54: =IFERROR(__xludf.DUMMYFUNCTION("""COMPUTED_VALUE"""),"chara_chi_00301") -> chara_chi_00301 | C54: =IFERROR(__xludf.DUMMYFUNCTION("""COMPUTED_VALUE"""),"_general_chi_vh") -> _general_chi_vh | D54: =IFERROR(__xludf.DUMMYFUNCTION("""COMPUTED_VALUE"""),"c_chi_00301_general_chi_vh_Normal_Green") -> c_chi_00301_general_chi_vh_Normal_Green | E54: =IFERROR(__xludf.DUMMYFUNCTION("""COMPUTED_VALUE"""),"チェンソーマン") -> チェンソーマン | F54: =IFERROR(__xludf.DUMMYFUNCTION("""COMPUTED_VALUE"""),"パワー") -> パワー | G54: =IFERROR(__xludf.DUMMYFUNCTION("""COMPUTED_VALUE"""),"パワー_general_chi_vh") -> パワー_general_chi_vh | H54: =IFERROR(__xludf.DUMMYFUNCTION("""COMPUTED_VALUE"""),"Normal") -> Normal | I54: =IFERROR(__xludf.DUMMYFUNCTION("""COMPUTED_VALUE"""),"Attack") -> Attack | J54: =IFERROR(__xludf.DUMMYFUNCTION("""COMPUTED_VALUE"""),"Green") -> Green | K54: =IFERROR(__xludf.DUMMYFUNCTION("""COMPUTED_VALUE"""),250000.0) -> 250000 | L54: =IFERROR(__xludf.DUMMYFUNCTION("""COMPUTED_VALUE"""),2.0) -> 2 | M54: =IFERROR(__xludf.DUMMYFUNCTION("""COMPUTED_VALUE"""),45.0) -> 45 | N54: =IFERROR(__xludf.DUMMYFUNCTION("""COMPUTED_VALUE"""),0.2) -> 0.2 | O54: =IFERROR(__xludf.DUMMYFUNCTION("""COMPUTED_VALUE"""),500.0) -> 500 | P54: =IFERROR(__xludf.DUMMYFUNCTION("""COMPUTED_VALUE"""),0.0) -> 0 | S54: =IFERROR(__xludf.DUMMYFUNCTION("""COMPUTED_VALUE"""),0.0) -> 0 | T54: =IFERROR(__xludf.DUMMYFUNCTION("""COMPUTED_VALUE"""),"1.50") -> 1.50 | U54: =IFERROR(__xludf.DUMMYFUNCTION("""COMPUTED_VALUE"""),"0.58") -> 0.58 | W54: =IFERROR(__xludf.DUMMYFUNCTION("""COMPUTED_VALUE"""),"2.67") -> 2.67 | X54: =IFERROR(__xludf.DUMMYFUNCTION("""COMPUTED_VALUE"""),"1.00") -> 1.00 | Y54: =IFERROR(__xludf.DUMMYFUNCTION("""COMPUTED_VALUE"""),"100%の確率で3秒間スタン") -> 100%の確率で3秒間スタン | Z54: =IFERROR(__xludf.DUMMYFUNCTION("""COMPUTED_VALUE"""),7.0) -> 7 | AB54: =IFERROR(__xludf.DUMMYFUNCTION("""COMPUTED_VALUE"""),"dageki_1") -> dageki_1
B55: =IFERROR(__xludf.DUMMYFUNCTION("""COMPUTED_VALUE"""),"chara_chi_00002") -> chara_chi_00002 | C55: =IFERROR(__xludf.DUMMYFUNCTION("""COMPUTED_VALUE"""),"_general_chi_vh") -> _general_chi_vh | D55: =IFERROR(__xludf.DUMMYFUNCTION("""COMPUTED_VALUE"""),"c_chi_00002_general_chi_vh_Boss_Blue") -> c_chi_00002_general_chi_vh_Boss_Blue | E55: =IFERROR(__xludf.DUMMYFUNCTION("""COMPUTED_VALUE"""),"チェンソーマン") -> チェンソーマン | F55: =IFERROR(__xludf.DUMMYFUNCTION("""COMPUTED_VALUE"""),"悪魔が恐れる悪魔 チェンソーマン") -> 悪魔が恐れる悪魔 チェンソーマン | G55: =IFERROR(__xludf.DUMMYFUNCTION("""COMPUTED_VALUE"""),"悪魔が恐れる悪魔 チェンソーマン_general_chi_vh") -> 悪魔が恐れる悪魔 チェンソーマン_general_chi_vh | H55: =IFERROR(__xludf.DUMMYFUNCTION("""COMPUTED_VALUE"""),"Boss") -> Boss | I55: =IFERROR(__xludf.DUMMYFUNCTION("""COMPUTED_VALUE"""),"Technical") -> Technical | J55: =IFERROR(__xludf.DUMMYFUNCTION("""COMPUTED_VALUE"""),"Blue") -> Blue | K55: =IFERROR(__xludf.DUMMYFUNCTION("""COMPUTED_VALUE"""),500000.0) -> 500000 | L55: =IFERROR(__xludf.DUMMYFUNCTION("""COMPUTED_VALUE"""),2.0) -> 2 | M55: =IFERROR(__xludf.DUMMYFUNCTION("""COMPUTED_VALUE"""),50.0) -> 50 | N55: =IFERROR(__xludf.DUMMYFUNCTION("""COMPUTED_VALUE"""),0.15) -> 0.15 | O55: =IFERROR(__xludf.DUMMYFUNCTION("""COMPUTED_VALUE"""),1000.0) -> 1000 | P55: =IFERROR(__xludf.DUMMYFUNCTION("""COMPUTED_VALUE"""),0.0) -> 0 | S55: =IFERROR(__xludf.DUMMYFUNCTION("""COMPUTED_VALUE"""),0.0) -> 0 | T55: =IFERROR(__xludf.DUMMYFUNCTION("""COMPUTED_VALUE"""),"1.07") -> 1.07 | U55: =IFERROR(__xludf.DUMMYFUNCTION("""COMPUTED_VALUE"""),"stop無:1回目 0.66") -> stop無:1回目 0.66 | W55: =IFERROR(__xludf.DUMMYFUNCTION("""COMPUTED_VALUE"""),"3.74") -> 3.74 | X55: =IFERROR(__xludf.DUMMYFUNCTION("""COMPUTED_VALUE"""),"stop無:1回目 0.53 stop無:2回目 0.70 stop無:3回目 0.90 stop無:4回目 1.03 stop無:5回目 1.23 stop有:6回目 2.62") -> stop無:1回目 0.53 stop無:2回目 0.70 stop無:3回目 0.90 stop無:4回目 1.03 stop無:5回目 1.23 stop有:6回目 2.62 | Z55: =IFERROR(__xludf.DUMMYFUNCTION("""COMPUTED_VALUE"""),5.0) -> 5 | AB55: =IFERROR(__xludf.DUMMYFUNCTION("""COMPUTED_VALUE"""),"zangeki_1") -> zangeki_1
B56: =IFERROR(__xludf.DUMMYFUNCTION("""COMPUTED_VALUE"""),"chara_chi_00001") -> chara_chi_00001 | C56: =IFERROR(__xludf.DUMMYFUNCTION("""COMPUTED_VALUE"""),"_general_chi_vh2") -> _general_chi_vh2 | D56: =IFERROR(__xludf.DUMMYFUNCTION("""COMPUTED_VALUE"""),"c_chi_00001_general_chi_vh2_Normal_Blue") -> c_chi_00001_general_chi_vh2_Normal_Blue | E56: =IFERROR(__xludf.DUMMYFUNCTION("""COMPUTED_VALUE"""),"チェンソーマン") -> チェンソーマン | F56: =IFERROR(__xludf.DUMMYFUNCTION("""COMPUTED_VALUE"""),"デンジ") -> デンジ | G56: =IFERROR(__xludf.DUMMYFUNCTION("""COMPUTED_VALUE"""),"デンジ_general_chi_vh2") -> デンジ_general_chi_vh2 | H56: =IFERROR(__xludf.DUMMYFUNCTION("""COMPUTED_VALUE"""),"Normal") -> Normal | I56: =IFERROR(__xludf.DUMMYFUNCTION("""COMPUTED_VALUE"""),"Attack") -> Attack | J56: =IFERROR(__xludf.DUMMYFUNCTION("""COMPUTED_VALUE"""),"Yellow") -> Yellow | K56: =IFERROR(__xludf.DUMMYFUNCTION("""COMPUTED_VALUE"""),500000.0) -> 500000 | L56: =IFERROR(__xludf.DUMMYFUNCTION("""COMPUTED_VALUE"""),2.0) -> 2 | M56: =IFERROR(__xludf.DUMMYFUNCTION("""COMPUTED_VALUE"""),50.0) -> 50 | N56: =IFERROR(__xludf.DUMMYFUNCTION("""COMPUTED_VALUE"""),0.15) -> 0.15 | O56: =IFERROR(__xludf.DUMMYFUNCTION("""COMPUTED_VALUE"""),1000.0) -> 1000 | P56: =IFERROR(__xludf.DUMMYFUNCTION("""COMPUTED_VALUE"""),0.0) -> 0 | S56: =IFERROR(__xludf.DUMMYFUNCTION("""COMPUTED_VALUE"""),0.0) -> 0 | T56: =IFERROR(__xludf.DUMMYFUNCTION("""COMPUTED_VALUE"""),"1.40") -> 1.40 | U56: =IFERROR(__xludf.DUMMYFUNCTION("""COMPUTED_VALUE"""),"0.53") -> 0.53 | W56: =IFERROR(__xludf.DUMMYFUNCTION("""COMPUTED_VALUE"""),"3.37") -> 3.37 | X56: =IFERROR(__xludf.DUMMYFUNCTION("""COMPUTED_VALUE"""),"1.57") -> 1.57 | Y56: =IFERROR(__xludf.DUMMYFUNCTION("""COMPUTED_VALUE"""),"大ノックバック") -> 大ノックバック | Z56: =IFERROR(__xludf.DUMMYFUNCTION("""COMPUTED_VALUE"""),5.0) -> 5 | AB56: =IFERROR(__xludf.DUMMYFUNCTION("""COMPUTED_VALUE"""),"zangeki_1") -> zangeki_1
B57: =IFERROR(__xludf.DUMMYFUNCTION("""COMPUTED_VALUE"""),"chara_chi_00001") -> chara_chi_00001 | C57: =IFERROR(__xludf.DUMMYFUNCTION("""COMPUTED_VALUE"""),"_general_chi_vh") -> _general_chi_vh | D57: =IFERROR(__xludf.DUMMYFUNCTION("""COMPUTED_VALUE"""),"c_chi_00001_general_chi_vh_Boss_Blue") -> c_chi_00001_general_chi_vh_Boss_Blue | E57: =IFERROR(__xludf.DUMMYFUNCTION("""COMPUTED_VALUE"""),"チェンソーマン") -> チェンソーマン | F57: =IFERROR(__xludf.DUMMYFUNCTION("""COMPUTED_VALUE"""),"デンジ") -> デンジ | G57: =IFERROR(__xludf.DUMMYFUNCTION("""COMPUTED_VALUE"""),"デンジ_general_chi_vh") -> デンジ_general_chi_vh | H57: =IFERROR(__xludf.DUMMYFUNCTION("""COMPUTED_VALUE"""),"Boss") -> Boss | I57: =IFERROR(__xludf.DUMMYFUNCTION("""COMPUTED_VALUE"""),"Attack") -> Attack | J57: =IFERROR(__xludf.DUMMYFUNCTION("""COMPUTED_VALUE"""),"Blue") -> Blue | K57: =IFERROR(__xludf.DUMMYFUNCTION("""COMPUTED_VALUE"""),500000.0) -> 500000 | L57: =IFERROR(__xludf.DUMMYFUNCTION("""COMPUTED_VALUE"""),2.0) -> 2 | M57: =IFERROR(__xludf.DUMMYFUNCTION("""COMPUTED_VALUE"""),50.0) -> 50 | N57: =IFERROR(__xludf.DUMMYFUNCTION("""COMPUTED_VALUE"""),0.15) -> 0.15 | O57: =IFERROR(__xludf.DUMMYFUNCTION("""COMPUTED_VALUE"""),1000.0) -> 1000 | P57: =IFERROR(__xludf.DUMMYFUNCTION("""COMPUTED_VALUE"""),0.0) -> 0 | S57: =IFERROR(__xludf.DUMMYFUNCTION("""COMPUTED_VALUE"""),0.0) -> 0 | T57: =IFERROR(__xludf.DUMMYFUNCTION("""COMPUTED_VALUE"""),"1.40") -> 1.40 | U57: =IFERROR(__xludf.DUMMYFUNCTION("""COMPUTED_VALUE"""),"0.53") -> 0.53 | W57: =IFERROR(__xludf.DUMMYFUNCTION("""COMPUTED_VALUE"""),"3.37") -> 3.37 | X57: =IFERROR(__xludf.DUMMYFUNCTION("""COMPUTED_VALUE"""),"1.57") -> 1.57 | Y57: =IFERROR(__xludf.DUMMYFUNCTION("""COMPUTED_VALUE"""),"大ノックバック") -> 大ノックバック | Z57: =IFERROR(__xludf.DUMMYFUNCTION("""COMPUTED_VALUE"""),5.0) -> 5 | AB57: =IFERROR(__xludf.DUMMYFUNCTION("""COMPUTED_VALUE"""),"zangeki_1") -> zangeki_1
D58: =IFERROR(__xludf.DUMMYFUNCTION("""COMPUTED_VALUE"""),"___") -> ___ | E58: =IFERROR(__xludf.DUMMYFUNCTION("""COMPUTED_VALUE"""),"none") -> none | F58: =IFERROR(__xludf.DUMMYFUNCTION("""COMPUTED_VALUE"""),"none") -> none | G58: =IFERROR(__xludf.DUMMYFUNCTION("""COMPUTED_VALUE"""),"none") -> none | I58: =IFERROR(__xludf.DUMMYFUNCTION("""COMPUTED_VALUE"""),"none") -> none | T58: =IFERROR(__xludf.DUMMYFUNCTION("""COMPUTED_VALUE"""),"none") -> none | U58: =IFERROR(__xludf.DUMMYFUNCTION("""COMPUTED_VALUE"""),"none") -> none | W58: =IFERROR(__xludf.DUMMYFUNCTION("""COMPUTED_VALUE"""),"none") -> none | X58: =IFERROR(__xludf.DUMMYFUNCTION("""COMPUTED_VALUE"""),"none") -> none | AB58: =IFERROR(__xludf.DUMMYFUNCTION("""COMPUTED_VALUE"""),"none") -> none
B59: =IFERROR(__xludf.DUMMYFUNCTION("""COMPUTED_VALUE"""),"enemy_sur_00101") -> enemy_sur_00101 | C59: =IFERROR(__xludf.DUMMYFUNCTION("""COMPUTED_VALUE"""),"_general") -> _general | D59: =IFERROR(__xludf.DUMMYFUNCTION("""COMPUTED_VALUE"""),"e_sur_00101_general_Normal_Colorless") -> e_sur_00101_general_Normal_Colorless | E59: =IFERROR(__xludf.DUMMYFUNCTION("""COMPUTED_VALUE"""),"魔都精兵のスレイブ") -> 魔都精兵のスレイブ | F59: =IFERROR(__xludf.DUMMYFUNCTION("""COMPUTED_VALUE"""),"醜鬼") -> 醜鬼 | G59: =IFERROR(__xludf.DUMMYFUNCTION("""COMPUTED_VALUE"""),"醜鬼_general") -> 醜鬼_general | H59: =IFERROR(__xludf.DUMMYFUNCTION("""COMPUTED_VALUE"""),"Normal") -> Normal | I59: =IFERROR(__xludf.DUMMYFUNCTION("""COMPUTED_VALUE"""),"Defense") -> Defense | J59: =IFERROR(__xludf.DUMMYFUNCTION("""COMPUTED_VALUE"""),"Colorless") -> Colorless | K59: =IFERROR(__xludf.DUMMYFUNCTION("""COMPUTED_VALUE"""),3000.0) -> 3000 | L59: =IFERROR(__xludf.DUMMYFUNCTION("""COMPUTED_VALUE"""),1.0) -> 1 | M59: =IFERROR(__xludf.DUMMYFUNCTION("""COMPUTED_VALUE"""),35.0) -> 35 | N59: =IFERROR(__xludf.DUMMYFUNCTION("""COMPUTED_VALUE"""),0.2) -> 0.2 | O59: =IFERROR(__xludf.DUMMYFUNCTION("""COMPUTED_VALUE"""),100.0) -> 100 | P59: =IFERROR(__xludf.DUMMYFUNCTION("""COMPUTED_VALUE"""),0.0) -> 0 | Q59: =IFERROR(__xludf.DUMMYFUNCTION("""COMPUTED_VALUE"""),0.3) -> 0.3 | R59: =IFERROR(__xludf.DUMMYFUNCTION("""COMPUTED_VALUE"""),1.0) -> 1 | S59: =IFERROR(__xludf.DUMMYFUNCTION("""COMPUTED_VALUE"""),10.0) -> 10 | T59: =IFERROR(__xludf.DUMMYFUNCTION("""COMPUTED_VALUE"""),"0.80") -> 0.80 | U59: =IFERROR(__xludf.DUMMYFUNCTION("""COMPUTED_VALUE"""),"0.30") -> 0.30 | V59: =IFERROR(__xludf.DUMMYFUNCTION("""COMPUTED_VALUE"""),35.0) -> 35 | W59: =IFERROR(__xludf.DUMMYFUNCTION("""COMPUTED_VALUE"""),"-") -> - | X59: =IFERROR(__xludf.DUMMYFUNCTION("""COMPUTED_VALUE"""),"-") -> - | Z59: =IFERROR(__xludf.DUMMYFUNCTION("""COMPUTED_VALUE"""),"-") -> - | AB59: =IFERROR(__xludf.DUMMYFUNCTION("""COMPUTED_VALUE"""),"dageki_1") -> dageki_1
B60: =IFERROR(__xludf.DUMMYFUNCTION("""COMPUTED_VALUE"""),"enemy_sur_00101") -> enemy_sur_00101 | C60: =IFERROR(__xludf.DUMMYFUNCTION("""COMPUTED_VALUE"""),"_general") -> _general | D60: =IFERROR(__xludf.DUMMYFUNCTION("""COMPUTED_VALUE"""),"e_sur_00101_general_Normal_Blue") -> e_sur_00101_general_Normal_Blue | E60: =IFERROR(__xludf.DUMMYFUNCTION("""COMPUTED_VALUE"""),"魔都精兵のスレイブ") -> 魔都精兵のスレイブ | F60: =IFERROR(__xludf.DUMMYFUNCTION("""COMPUTED_VALUE"""),"醜鬼") -> 醜鬼 | G60: =IFERROR(__xludf.DUMMYFUNCTION("""COMPUTED_VALUE"""),"醜鬼_general") -> 醜鬼_general | H60: =IFERROR(__xludf.DUMMYFUNCTION("""COMPUTED_VALUE"""),"Normal") -> Normal | I60: =IFERROR(__xludf.DUMMYFUNCTION("""COMPUTED_VALUE"""),"Attack") -> Attack | J60: =IFERROR(__xludf.DUMMYFUNCTION("""COMPUTED_VALUE"""),"Blue") -> Blue | K60: =IFERROR(__xludf.DUMMYFUNCTION("""COMPUTED_VALUE"""),15000.0) -> 15000 | L60: =IFERROR(__xludf.DUMMYFUNCTION("""COMPUTED_VALUE"""),1.0) -> 1 | M60: =IFERROR(__xludf.DUMMYFUNCTION("""COMPUTED_VALUE"""),40.0) -> 40 | N60: =IFERROR(__xludf.DUMMYFUNCTION("""COMPUTED_VALUE"""),0.2) -> 0.2 | O60: =IFERROR(__xludf.DUMMYFUNCTION("""COMPUTED_VALUE"""),300.0) -> 300 | P60: =IFERROR(__xludf.DUMMYFUNCTION("""COMPUTED_VALUE"""),0.0) -> 0 | Q60: =IFERROR(__xludf.DUMMYFUNCTION("""COMPUTED_VALUE"""),0.3) -> 0.3 | R60: =IFERROR(__xludf.DUMMYFUNCTION("""COMPUTED_VALUE"""),1.0) -> 1 | S60: =IFERROR(__xludf.DUMMYFUNCTION("""COMPUTED_VALUE"""),10.0) -> 10 | T60: =IFERROR(__xludf.DUMMYFUNCTION("""COMPUTED_VALUE"""),"0.80") -> 0.80 | U60: =IFERROR(__xludf.DUMMYFUNCTION("""COMPUTED_VALUE"""),"0.30") -> 0.30 | V60: =IFERROR(__xludf.DUMMYFUNCTION("""COMPUTED_VALUE"""),35.0) -> 35 | W60: =IFERROR(__xludf.DUMMYFUNCTION("""COMPUTED_VALUE"""),"-") -> - | X60: =IFERROR(__xludf.DUMMYFUNCTION("""COMPUTED_VALUE"""),"-") -> - | Z60: =IFERROR(__xludf.DUMMYFUNCTION("""COMPUTED_VALUE"""),"-") -> - | AB60: =IFERROR(__xludf.DUMMYFUNCTION("""COMPUTED_VALUE"""),"dageki_1") -> dageki_1
B61: =IFERROR(__xludf.DUMMYFUNCTION("""COMPUTED_VALUE"""),"enemy_sur_00101") -> enemy_sur_00101 | C61: =IFERROR(__xludf.DUMMYFUNCTION("""COMPUTED_VALUE"""),"_general") -> _general | D61: =IFERROR(__xludf.DUMMYFUNCTION("""COMPUTED_VALUE"""),"e_sur_00101_general_Normal_Green") -> e_sur_00101_general_Normal_Green | E61: =IFERROR(__xludf.DUMMYFUNCTION("""COMPUTED_VALUE"""),"魔都精兵のスレイブ") -> 魔都精兵のスレイブ | F61: =IFERROR(__xludf.DUMMYFUNCTION("""COMPUTED_VALUE"""),"醜鬼") -> 醜鬼 | G61: =IFERROR(__xludf.DUMMYFUNCTION("""COMPUTED_VALUE"""),"醜鬼_general") -> 醜鬼_general | H61: =IFERROR(__xludf.DUMMYFUNCTION("""COMPUTED_VALUE"""),"Normal") -> Normal | I61: =IFERROR(__xludf.DUMMYFUNCTION("""COMPUTED_VALUE"""),"Attack") -> Attack | J61: =IFERROR(__xludf.DUMMYFUNCTION("""COMPUTED_VALUE"""),"Green") -> Green | K61: =IFERROR(__xludf.DUMMYFUNCTION("""COMPUTED_VALUE"""),25000.0) -> 25000 | L61: =IFERROR(__xludf.DUMMYFUNCTION("""COMPUTED_VALUE"""),1.0) -> 1 | M61: =IFERROR(__xludf.DUMMYFUNCTION("""COMPUTED_VALUE"""),50.0) -> 50 | N61: =IFERROR(__xludf.DUMMYFUNCTION("""COMPUTED_VALUE"""),0.2) -> 0.2 | O61: =IFERROR(__xludf.DUMMYFUNCTION("""COMPUTED_VALUE"""),500.0) -> 500 | P61: =IFERROR(__xludf.DUMMYFUNCTION("""COMPUTED_VALUE"""),0.0) -> 0 | Q61: =IFERROR(__xludf.DUMMYFUNCTION("""COMPUTED_VALUE"""),0.3) -> 0.3 | R61: =IFERROR(__xludf.DUMMYFUNCTION("""COMPUTED_VALUE"""),1.0) -> 1 | S61: =IFERROR(__xludf.DUMMYFUNCTION("""COMPUTED_VALUE"""),10.0) -> 10 | T61: =IFERROR(__xludf.DUMMYFUNCTION("""COMPUTED_VALUE"""),"0.80") -> 0.80 | U61: =IFERROR(__xludf.DUMMYFUNCTION("""COMPUTED_VALUE"""),"0.30") -> 0.30 | V61: =IFERROR(__xludf.DUMMYFUNCTION("""COMPUTED_VALUE"""),35.0) -> 35 | W61: =IFERROR(__xludf.DUMMYFUNCTION("""COMPUTED_VALUE"""),"-") -> - | X61: =IFERROR(__xludf.DUMMYFUNCTION("""COMPUTED_VALUE"""),"-") -> - | Z61: =IFERROR(__xludf.DUMMYFUNCTION("""COMPUTED_VALUE"""),"-") -> - | AB61: =IFERROR(__xludf.DUMMYFUNCTION("""COMPUTED_VALUE"""),"dageki_1") -> dageki_1
B62: =IFERROR(__xludf.DUMMYFUNCTION("""COMPUTED_VALUE"""),"enemy_sur_00101") -> enemy_sur_00101 | C62: =IFERROR(__xludf.DUMMYFUNCTION("""COMPUTED_VALUE"""),"_general") -> _general | D62: =IFERROR(__xludf.DUMMYFUNCTION("""COMPUTED_VALUE"""),"e_sur_00101_general_Boss_Green") -> e_sur_00101_general_Boss_Green | E62: =IFERROR(__xludf.DUMMYFUNCTION("""COMPUTED_VALUE"""),"魔都精兵のスレイブ") -> 魔都精兵のスレイブ | F62: =IFERROR(__xludf.DUMMYFUNCTION("""COMPUTED_VALUE"""),"醜鬼") -> 醜鬼 | G62: =IFERROR(__xludf.DUMMYFUNCTION("""COMPUTED_VALUE"""),"醜鬼_general") -> 醜鬼_general | H62: =IFERROR(__xludf.DUMMYFUNCTION("""COMPUTED_VALUE"""),"Boss") -> Boss | I62: =IFERROR(__xludf.DUMMYFUNCTION("""COMPUTED_VALUE"""),"Attack") -> Attack | J62: =IFERROR(__xludf.DUMMYFUNCTION("""COMPUTED_VALUE"""),"Green") -> Green | K62: =IFERROR(__xludf.DUMMYFUNCTION("""COMPUTED_VALUE"""),400000.0) -> 400000 | L62: =IFERROR(__xludf.DUMMYFUNCTION("""COMPUTED_VALUE"""),3.0) -> 3 | M62: =IFERROR(__xludf.DUMMYFUNCTION("""COMPUTED_VALUE"""),45.0) -> 45 | N62: =IFERROR(__xludf.DUMMYFUNCTION("""COMPUTED_VALUE"""),0.2) -> 0.2 | O62: =IFERROR(__xludf.DUMMYFUNCTION("""COMPUTED_VALUE"""),1000.0) -> 1000 | P62: =IFERROR(__xludf.DUMMYFUNCTION("""COMPUTED_VALUE"""),0.0) -> 0 | Q62: =IFERROR(__xludf.DUMMYFUNCTION("""COMPUTED_VALUE"""),0.3) -> 0.3 | R62: =IFERROR(__xludf.DUMMYFUNCTION("""COMPUTED_VALUE"""),1.0) -> 1 | S62: =IFERROR(__xludf.DUMMYFUNCTION("""COMPUTED_VALUE"""),10.0) -> 10 | T62: =IFERROR(__xludf.DUMMYFUNCTION("""COMPUTED_VALUE"""),"0.80") -> 0.80 | U62: =IFERROR(__xludf.DUMMYFUNCTION("""COMPUTED_VALUE"""),"0.30") -> 0.30 | V62: =IFERROR(__xludf.DUMMYFUNCTION("""COMPUTED_VALUE"""),200.0) -> 200 | W62: =IFERROR(__xludf.DUMMYFUNCTION("""COMPUTED_VALUE"""),"-") -> - | X62: =IFERROR(__xludf.DUMMYFUNCTION("""COMPUTED_VALUE"""),"-") -> - | Z62: =IFERROR(__xludf.DUMMYFUNCTION("""COMPUTED_VALUE"""),"-") -> - | AB62: =IFERROR(__xludf.DUMMYFUNCTION("""COMPUTED_VALUE"""),"dageki_1") -> dageki_1
B63: =IFERROR(__xludf.DUMMYFUNCTION("""COMPUTED_VALUE"""),"enemy_sur_00001") -> enemy_sur_00001 | C63: =IFERROR(__xludf.DUMMYFUNCTION("""COMPUTED_VALUE"""),"_general") -> _general | D63: =IFERROR(__xludf.DUMMYFUNCTION("""COMPUTED_VALUE"""),"e_sur_00001_general_Boss_Green") -> e_sur_00001_general_Boss_Green | E63: =IFERROR(__xludf.DUMMYFUNCTION("""COMPUTED_VALUE"""),"魔都精兵のスレイブ") -> 魔都精兵のスレイブ | F63: =IFERROR(__xludf.DUMMYFUNCTION("""COMPUTED_VALUE"""),"和倉 青羽") -> 和倉 青羽 | G63: =IFERROR(__xludf.DUMMYFUNCTION("""COMPUTED_VALUE"""),"和倉 青羽_general") -> 和倉 青羽_general | H63: =IFERROR(__xludf.DUMMYFUNCTION("""COMPUTED_VALUE"""),"Boss") -> Boss | I63: =IFERROR(__xludf.DUMMYFUNCTION("""COMPUTED_VALUE"""),"Attack") -> Attack | J63: =IFERROR(__xludf.DUMMYFUNCTION("""COMPUTED_VALUE"""),"Green") -> Green | K63: =IFERROR(__xludf.DUMMYFUNCTION("""COMPUTED_VALUE"""),300000.0) -> 300000 | L63: =IFERROR(__xludf.DUMMYFUNCTION("""COMPUTED_VALUE"""),2.0) -> 2 | M63: =IFERROR(__xludf.DUMMYFUNCTION("""COMPUTED_VALUE"""),45.0) -> 45 | N63: =IFERROR(__xludf.DUMMYFUNCTION("""COMPUTED_VALUE"""),0.3) -> 0.3 | O63: =IFERROR(__xludf.DUMMYFUNCTION("""COMPUTED_VALUE"""),600.0) -> 600 | P63: =IFERROR(__xludf.DUMMYFUNCTION("""COMPUTED_VALUE"""),0.0) -> 0 | Q63: =IFERROR(__xludf.DUMMYFUNCTION("""COMPUTED_VALUE"""),0.4) -> 0.4 | R63: =IFERROR(__xludf.DUMMYFUNCTION("""COMPUTED_VALUE"""),1.0) -> 1 | S63: =IFERROR(__xludf.DUMMYFUNCTION("""COMPUTED_VALUE"""),10.0) -> 10 | T63: =IFERROR(__xludf.DUMMYFUNCTION("""COMPUTED_VALUE"""),"1.24") -> 1.24 | U63: =IFERROR(__xludf.DUMMYFUNCTION("""COMPUTED_VALUE"""),"stop有:1回目 0.50") -> stop有:1回目 0.50 | V63: =IFERROR(__xludf.DUMMYFUNCTION("""COMPUTED_VALUE"""),45.0) -> 45 | W63: =IFERROR(__xludf.DUMMYFUNCTION("""COMPUTED_VALUE"""),"-") -> - | X63: =IFERROR(__xludf.DUMMYFUNCTION("""COMPUTED_VALUE"""),"-") -> - | Y63: =IFERROR(__xludf.DUMMYFUNCTION("""COMPUTED_VALUE"""),"範囲攻撃") -> 範囲攻撃 | Z63: =IFERROR(__xludf.DUMMYFUNCTION("""COMPUTED_VALUE"""),7.0) -> 7 | AB63: =IFERROR(__xludf.DUMMYFUNCTION("""COMPUTED_VALUE"""),"dageki_1") -> dageki_1
B64: =IFERROR(__xludf.DUMMYFUNCTION("""COMPUTED_VALUE"""),"enemy_sur_00001") -> enemy_sur_00001 | C64: =IFERROR(__xludf.DUMMYFUNCTION("""COMPUTED_VALUE"""),"_general") -> _general | D64: =IFERROR(__xludf.DUMMYFUNCTION("""COMPUTED_VALUE"""),"e_sur_00001_general_Normal_Green") -> e_sur_00001_general_Normal_Green | E64: =IFERROR(__xludf.DUMMYFUNCTION("""COMPUTED_VALUE"""),"魔都精兵のスレイブ") -> 魔都精兵のスレイブ | F64: =IFERROR(__xludf.DUMMYFUNCTION("""COMPUTED_VALUE"""),"和倉 青羽") -> 和倉 青羽 | G64: =IFERROR(__xludf.DUMMYFUNCTION("""COMPUTED_VALUE"""),"和倉 青羽_general") -> 和倉 青羽_general | H64: =IFERROR(__xludf.DUMMYFUNCTION("""COMPUTED_VALUE"""),"Normal") -> Normal | I64: =IFERROR(__xludf.DUMMYFUNCTION("""COMPUTED_VALUE"""),"Attack") -> Attack | J64: =IFERROR(__xludf.DUMMYFUNCTION("""COMPUTED_VALUE"""),"Green") -> Green | K64: =IFERROR(__xludf.DUMMYFUNCTION("""COMPUTED_VALUE"""),150000.0) -> 150000 | L64: =IFERROR(__xludf.DUMMYFUNCTION("""COMPUTED_VALUE"""),2.0) -> 2 | M64: =IFERROR(__xludf.DUMMYFUNCTION("""COMPUTED_VALUE"""),45.0) -> 45 | N64: =IFERROR(__xludf.DUMMYFUNCTION("""COMPUTED_VALUE"""),0.3) -> 0.3 | O64: =IFERROR(__xludf.DUMMYFUNCTION("""COMPUTED_VALUE"""),600.0) -> 600 | P64: =IFERROR(__xludf.DUMMYFUNCTION("""COMPUTED_VALUE"""),0.0) -> 0 | Q64: =IFERROR(__xludf.DUMMYFUNCTION("""COMPUTED_VALUE"""),0.4) -> 0.4 | R64: =IFERROR(__xludf.DUMMYFUNCTION("""COMPUTED_VALUE"""),1.0) -> 1 | S64: =IFERROR(__xludf.DUMMYFUNCTION("""COMPUTED_VALUE"""),10.0) -> 10 | T64: =IFERROR(__xludf.DUMMYFUNCTION("""COMPUTED_VALUE"""),"1.24") -> 1.24 | U64: =IFERROR(__xludf.DUMMYFUNCTION("""COMPUTED_VALUE"""),"stop有:1回目 0.50") -> stop有:1回目 0.50 | V64: =IFERROR(__xludf.DUMMYFUNCTION("""COMPUTED_VALUE"""),45.0) -> 45 | W64: =IFERROR(__xludf.DUMMYFUNCTION("""COMPUTED_VALUE"""),"-") -> - | X64: =IFERROR(__xludf.DUMMYFUNCTION("""COMPUTED_VALUE"""),"-") -> - | Z64: =IFERROR(__xludf.DUMMYFUNCTION("""COMPUTED_VALUE"""),"-") -> - | AB64: =IFERROR(__xludf.DUMMYFUNCTION("""COMPUTED_VALUE"""),"dageki_1") -> dageki_1
B65: =IFERROR(__xludf.DUMMYFUNCTION("""COMPUTED_VALUE"""),"chara_sur_00101") -> chara_sur_00101 | C65: =IFERROR(__xludf.DUMMYFUNCTION("""COMPUTED_VALUE"""),"_general") -> _general | D65: =IFERROR(__xludf.DUMMYFUNCTION("""COMPUTED_VALUE"""),"c_sur_00101_general_Boss_Blue") -> c_sur_00101_general_Boss_Blue | E65: =IFERROR(__xludf.DUMMYFUNCTION("""COMPUTED_VALUE"""),"魔都精兵のスレイブ") -> 魔都精兵のスレイブ | F65: =IFERROR(__xludf.DUMMYFUNCTION("""COMPUTED_VALUE"""),"誇り高き魔都の剣姫 羽前 京香") -> 誇り高き魔都の剣姫 羽前 京香 | G65: =IFERROR(__xludf.DUMMYFUNCTION("""COMPUTED_VALUE"""),"誇り高き魔都の剣姫 羽前京香_general") -> 誇り高き魔都の剣姫 羽前京香_general | H65: =IFERROR(__xludf.DUMMYFUNCTION("""COMPUTED_VALUE"""),"Boss") -> Boss | I65: =IFERROR(__xludf.DUMMYFUNCTION("""COMPUTED_VALUE"""),"Attack") -> Attack | J65: =IFERROR(__xludf.DUMMYFUNCTION("""COMPUTED_VALUE"""),"Blue") -> Blue | K65: =IFERROR(__xludf.DUMMYFUNCTION("""COMPUTED_VALUE"""),400000.0) -> 400000 | L65: =IFERROR(__xludf.DUMMYFUNCTION("""COMPUTED_VALUE"""),2.0) -> 2 | M65: =IFERROR(__xludf.DUMMYFUNCTION("""COMPUTED_VALUE"""),45.0) -> 45 | N65: =IFERROR(__xludf.DUMMYFUNCTION("""COMPUTED_VALUE"""),0.2) -> 0.2 | O65: =IFERROR(__xludf.DUMMYFUNCTION("""COMPUTED_VALUE"""),800.0) -> 800 | P65: =IFERROR(__xludf.DUMMYFUNCTION("""COMPUTED_VALUE"""),0.0) -> 0 | Q65: =IFERROR(__xludf.DUMMYFUNCTION("""COMPUTED_VALUE"""),0.3) -> 0.3 | R65: =IFERROR(__xludf.DUMMYFUNCTION("""COMPUTED_VALUE"""),1.0) -> 1 | S65: =IFERROR(__xludf.DUMMYFUNCTION("""COMPUTED_VALUE"""),10.0) -> 10 | T65: =IFERROR(__xludf.DUMMYFUNCTION("""COMPUTED_VALUE"""),"1.40") -> 1.40 | U65: =IFERROR(__xludf.DUMMYFUNCTION("""COMPUTED_VALUE"""),"stop無:1回目 0.33") -> stop無:1回目 0.33 | V65: =IFERROR(__xludf.DUMMYFUNCTION("""COMPUTED_VALUE"""),45.0) -> 45 | W65: =IFERROR(__xludf.DUMMYFUNCTION("""COMPUTED_VALUE"""),"2.67") -> 2.67 | X65: =IFERROR(__xludf.DUMMYFUNCTION("""COMPUTED_VALUE"""),"stop無:1回目 0.40 stop無:2回目 0.60 stop無:3回目 0.80 stop無:4回目 0.90 stop無:5回目 1.03 stop有:6回目 1.57") -> stop無:1回目 0.40 stop無:2回目 0.60 stop無:3回目 0.80 stop無:4回目 0.90 stop無:5回目 1.03 stop有:6回目 1.57 | Y65: =IFERROR(__xludf.DUMMYFUNCTION("""COMPUTED_VALUE"""),"単体攻撃+小ノックバック攻撃") -> 単体攻撃+小ノックバック攻撃 | Z65: =IFERROR(__xludf.DUMMYFUNCTION("""COMPUTED_VALUE"""),7.0) -> 7 | AB65: =IFERROR(__xludf.DUMMYFUNCTION("""COMPUTED_VALUE"""),"zangeki_1") -> zangeki_1
B66: =IFERROR(__xludf.DUMMYFUNCTION("""COMPUTED_VALUE"""),"chara_sur_00201") -> chara_sur_00201 | C66: =IFERROR(__xludf.DUMMYFUNCTION("""COMPUTED_VALUE"""),"_general") -> _general | D66: =IFERROR(__xludf.DUMMYFUNCTION("""COMPUTED_VALUE"""),"c_sur_00201_general_Normal_Blue") -> c_sur_00201_general_Normal_Blue | E66: =IFERROR(__xludf.DUMMYFUNCTION("""COMPUTED_VALUE"""),"魔都精兵のスレイブ") -> 魔都精兵のスレイブ | F66: =IFERROR(__xludf.DUMMYFUNCTION("""COMPUTED_VALUE"""),"東 日万凛") -> 東 日万凛 | G66: =IFERROR(__xludf.DUMMYFUNCTION("""COMPUTED_VALUE"""),"東 日万凛_general") -> 東 日万凛_general | H66: =IFERROR(__xludf.DUMMYFUNCTION("""COMPUTED_VALUE"""),"Normal") -> Normal | I66: =IFERROR(__xludf.DUMMYFUNCTION("""COMPUTED_VALUE"""),"Attack") -> Attack | J66: =IFERROR(__xludf.DUMMYFUNCTION("""COMPUTED_VALUE"""),"Blue") -> Blue | K66: =IFERROR(__xludf.DUMMYFUNCTION("""COMPUTED_VALUE"""),150000.0) -> 150000 | L66: =IFERROR(__xludf.DUMMYFUNCTION("""COMPUTED_VALUE"""),2.0) -> 2 | M66: =IFERROR(__xludf.DUMMYFUNCTION("""COMPUTED_VALUE"""),35.0) -> 35 | N66: =IFERROR(__xludf.DUMMYFUNCTION("""COMPUTED_VALUE"""),0.2) -> 0.2 | O66: =IFERROR(__xludf.DUMMYFUNCTION("""COMPUTED_VALUE"""),500.0) -> 500 | P66: =IFERROR(__xludf.DUMMYFUNCTION("""COMPUTED_VALUE"""),0.0) -> 0 | Q66: =IFERROR(__xludf.DUMMYFUNCTION("""COMPUTED_VALUE"""),0.3) -> 0.3 | R66: =IFERROR(__xludf.DUMMYFUNCTION("""COMPUTED_VALUE"""),1.0) -> 1 | S66: =IFERROR(__xludf.DUMMYFUNCTION("""COMPUTED_VALUE"""),10.0) -> 10 | T66: =IFERROR(__xludf.DUMMYFUNCTION("""COMPUTED_VALUE"""),"1.47") -> 1.47 | U66: =IFERROR(__xludf.DUMMYFUNCTION("""COMPUTED_VALUE"""),"stop無:1回目 0.37") -> stop無:1回目 0.37 | V66: =IFERROR(__xludf.DUMMYFUNCTION("""COMPUTED_VALUE"""),45.0) -> 45 | W66: =IFERROR(__xludf.DUMMYFUNCTION("""COMPUTED_VALUE"""),"2.67") -> 2.67 | X66: =IFERROR(__xludf.DUMMYFUNCTION("""COMPUTED_VALUE"""),"stop無:1回目 0.74 stop無:2回目 0.92 stop無:3回目 1.1 stop無:4回目 1.28 stop無:5回目 1.45 stop無:6回目 1.65 stop有:7回目 1.84") -> stop無:1回目 0.74 stop無:2回目 0.92 stop無:3回目 1.1 stop無:4回目 1.28 stop無:5回目 1.45 stop無:6回目 1.65 stop有:7回目 1.84 | Y66: =IFERROR(__xludf.DUMMYFUNCTION("""COMPUTED_VALUE"""),"範囲攻撃") -> 範囲攻撃 | Z66: =IFERROR(__xludf.DUMMYFUNCTION("""COMPUTED_VALUE"""),5.0) -> 5 | AB66: =IFERROR(__xludf.DUMMYFUNCTION("""COMPUTED_VALUE"""),"shageki_1") -> shageki_1
